#
# There is insufficient memory for the Java Runtime Environment to continue.
# Native memory allocation (malloc) failed to allocate 1124480 bytes. Error detail: Chunk::new
# Possible reasons:
#   The system is out of physical RAM or swap space
#   This process is running with CompressedOops enabled, and the Java Heap may be blocking the growth of the native heap
# Possible solutions:
#   Reduce memory load on the system
#   Increase physical memory or swap space
#   Check if swap backing store is full
#   Decrease Java heap size (-Xmx/-Xms)
#   Decrease number of Java threads
#   Decrease Java thread stack sizes (-Xss)
#   Set larger code cache with -XX:ReservedCodeCacheSize=
#   JVM is running with Unscaled Compressed Oops mode in which the Java heap is
#     placed in the first 4GB address space. The Java Heap base address is the
#     maximum limit for the native heap growth. Please use -XX:HeapBaseMinAddress
#     to set the Java Heap base and to place the Java Heap above 4GB virtual address.
# This output file may be truncated or incomplete.
#
#  Out of Memory Error (arena.cpp:168), pid=13028, tid=22024
#
# JRE version: OpenJDK Runtime Environment Microsoft-11369940 (21.0.7+6) (build 21.0.7+6-LTS)
# Java VM: OpenJDK 64-Bit Server VM Microsoft-11369940 (21.0.7+6-LTS, mixed mode, sharing, tiered, compressed oops, compressed class ptrs, g1 gc, windows-amd64)
# No core dump will be written. Minidumps are not enabled by default on client versions of Windows
#

---------------  S U M M A R Y ------------

Command Line: -Xmx1G com.android.tools.r8.D8 --debug --min-api 21 --output obj\Debug\net8.0-android\android\bin\ --lib C:\AndroidSDK\platforms\android-34\android.jar obj\Debug\net8.0-android\android\bin\classes.zip C:\Users\juani\.nuget\packages\microsoft.android.ref.34\34.0.154\ref\net8.0\mono.android.jar C:\Program Files\dotnet\packs\Microsoft.Android.Sdk.Windows\34.0.154\tools\java_runtime_fastdev_net6.jar C:\Users\juani\.nuget\packages\xamarin.jetbrains.annotations\24.0.1.3\buildTransitive\net6.0-android31.0\..\..\jar\org.jetbrains.annotations-24.0.1.jar C:\Users\juani\.nuget\packages\xamarin.kotlin.stdlib\1.9.0.1\buildTransitive\net6.0-android31.0\..\..\jar\org.jetbrains.kotlin.kotlin-stdlib-1.9.0.jar C:\Users\juani\.nuget\packages\xamarin.kotlin.stdlib.jdk7\1.9.0.1\buildTransitive\net6.0-android31.0\..\..\jar\org.jetbrains.kotlin.kotlin-stdlib-jdk7-1.9.0.jar C:\Users\juani\.nuget\packages\xamarin.kotlin.stdlib.jdk8\1.9.0.1\buildTransitive\net6.0-android31.0\..\..\jar\org.jetbrains.kotlin.kotlin-stdlib-jdk8-1.9.0.jar C:\Users\juani\.nuget\packages\xamarin.kotlinx.coroutines.core.jvm\1.7.2.1\buildTransitive\net6.0-android31.0\..\..\jar\org.jetbrains.kotlinx.kotlinx-coroutines-core-jvm-1.7.2.jar C:\Users\juani\.nuget\packages\xamarin.kotlinx.coroutines.android\1.7.2.1\buildTransitive\net6.0-android31.0\..\..\jar\org.jetbrains.kotlinx.kotlinx-coroutines-android-1.7.2.jar C:\Users\juani\.nuget\packages\xamarin.google.guava.listenablefuture\1.0.0.14\buildTransitive\net6.0-android31.0\..\..\jar\guava-listenablefuture.jar C:\Users\juani\.nuget\packages\xamarin.androidx.annotation.jvm\1.6.0.2\buildTransitive\net6.0-android31.0\..\..\jar\androidx.annotation.annotation-jvm.jar C:\Users\juani\.nuget\packages\xamarin.androidx.collection\1.2.0.9\buildTransitive\net6.0-android31.0\..\..\jar\androidx.collection.collection.jar C:\Users\juani\.nuget\packages\xamarin.androidx.concurrent.futures\1.1.0.14\buildTransitive\net6.0-android31.0\..\..\jar\androidx.concurrent.concurrent-futures.jar C:\Users\juani\.nuget\packages\xamarin.androidx.lifecycle.common\2.6.1.3\buildTransitive\net6.0-android31.0\..\..\jar\androidx.lifecycle.lifecycle-common.jar C:\Users\juani\.nuget\packages\xamarin.androidx.arch.core.common\2.2.0.3\buildTransitive\net6.0-android31.0\..\..\jar\androidx.arch.core.core-common.jar C:\Users\juani\.nuget\packages\xamarin.androidx.resourceinspection.annotation\1.0.1.7\buildTransitive\net6.0-android31.0\..\..\jar\androidx.resourceinspection.resourceinspection-annotation.jar C:\Users\juani\.nuget\packages\xamarin.androidx.constraintlayout.core\1.0.4.6\buildTransitive\net6.0-android31.0\..\..\jar\androidx.constraintlayout.constraintlayout-core.jar C:\Users\juani\.nuget\packages\xamarin.androidx.collection.ktx\1.2.0.9\buildTransitive\net6.0-android31.0\..\..\jar\androidx.collection.collection-ktx.jar C:\Users\juani\.nuget\packages\xamarin.android.glide.disklrucache\4.15.1.2\buildTransitive\net6.0-android31.0\..\..\jar\disklrucache.jar C:\Users\juani\.nuget\packages\xamarin.android.glide.annotations\4.15.1.2\buildTransitive\net6.0-android31.0\..\..\jar\annotations.jar C:\Program Files\dotnet\packs\Microsoft.NETCore.App.Runtime.Mono.android-x64\8.0.17\runtimes\android-x64\native\libSystem.Security.Cryptography.Native.Android.jar obj\Debug\net8.0-android\lp\100\jl\classes.jar obj\Debug\net8.0-android\lp\101\jl\classes.jar obj\Debug\net8.0-android\lp\102\jl\classes.jar obj\Debug\net8.0-android\lp\103\jl\classes.jar obj\Debug\net8.0-android\lp\104\jl\classes.jar obj\Debug\net8.0-android\lp\105\jl\classes.jar obj\Debug\net8.0-android\lp\106\jl\classes.jar obj\Debug\net8.0-android\lp\107\jl\classes.jar obj\Debug\net8.0-android\lp\108\jl\classes.jar obj\Debug\net8.0-android\lp\109\jl\classes.jar obj\Debug\net8.0-android\lp\110\jl\classes.jar obj\Debug\net8.0-android\lp\111\jl\classes.jar obj\Debug\net8.0-android\lp\112\jl\classes.jar obj\Debug\net8.0-android\lp\113\jl\classes.jar obj\Debug\net8.0-android\lp\114\jl\classes.jar obj\Debug\net8.0-android\lp\115\jl\classes.jar obj\Debug\net8.0-android\lp\116\jl\classes.jar obj\Debug\net8.0-android\lp\117\jl\classes.jar obj\Debug\net8.0-android\lp\118\jl\classes.jar obj\Debug\net8.0-android\lp\119\jl\classes.jar obj\Debug\net8.0-android\lp\120\jl\classes.jar obj\Debug\net8.0-android\lp\121\jl\classes.jar obj\Debug\net8.0-android\lp\122\jl\classes.jar obj\Debug\net8.0-android\lp\123\jl\classes.jar obj\Debug\net8.0-android\lp\124\jl\classes.jar obj\Debug\net8.0-android\lp\125\jl\classes.jar obj\Debug\net8.0-android\lp\126\jl\classes.jar obj\Debug\net8.0-android\lp\127\jl\classes.jar obj\Debug\net8.0-android\lp\128\jl\classes.jar obj\Debug\net8.0-android\lp\129\jl\classes.jar obj\Debug\net8.0-android\lp\130\jl\classes.jar obj\Debug\net8.0-android\lp\131\jl\classes.jar obj\Debug\net8.0-android\lp\132\jl\classes.jar obj\Debug\net8.0-android\lp\133\jl\classes.jar obj\Debug\net8.0-android\lp\134\jl\classes.jar obj\Debug\net8.0-android\lp\135\jl\classes.jar obj\Debug\net8.0-android\lp\136\jl\classes.jar obj\Debug\net8.0-android\lp\137\jl\classes.jar obj\Debug\net8.0-android\lp\138\jl\classes.jar obj\Debug\net8.0-android\lp\139\jl\classes.jar obj\Debug\net8.0-android\lp\140\jl\classes.jar obj\Debug\net8.0-android\lp\141\jl\classes.jar obj\Debug\net8.0-android\lp\142\jl\classes.jar obj\Debug\net8.0-android\lp\143\jl\classes.jar obj\Debug\net8.0-android\lp\144\jl\classes.jar obj\Debug\net8.0-android\lp\145\jl\classes.jar obj\Debug\net8.0-android\lp\146\jl\classes.jar obj\Debug\net8.0-android\lp\147\jl\classes.jar obj\Debug\net8.0-android\lp\148\jl\classes.jar obj\Debug\net8.0-android\lp\149\jl\classes.jar obj\Debug\net8.0-android\lp\150\jl\classes.jar obj\Debug\net8.0-android\lp\151\jl\classes.jar obj\Debug\net8.0-android\lp\152\jl\classes.jar obj\Debug\net8.0-android\lp\157\jl\classes.jar obj\Debug\net8.0-android\lp\92\jl\classes.jar obj\Debug\net8.0-android\lp\93\jl\classes.jar obj\Debug\net8.0-android\lp\94\jl\classes.jar obj\Debug\net8.0-android\lp\95\jl\classes.jar obj\Debug\net8.0-android\lp\96\jl\classes.jar obj\Debug\net8.0-android\lp\97\jl\classes.jar obj\Debug\net8.0-android\lp\98\jl\classes.jar obj\Debug\net8.0-android\lp\99\jl\classes.jar obj\Debug\net8.0-android\lp\122\jl\libs\repackaged.jar obj\Debug\net8.0-android\lp\153\jl\libs\ED64959F88B22E6D.jar obj\Debug\net8.0-android\lp\154\jl\libs\2E7FD15AFA9B216B.jar obj\Debug\net8.0-android\lp\161\jl\libs\F975D0960055A5E3.jar obj\Debug\net8.0-android\lp\162\jl\libs\B71CFF5D5A0B3AEB.jar --map-diagnostics warning info

Host: Intel(R) Core(TM) i5-9300H CPU @ 2.40GHz, 8 cores, 15G,  Windows 11 , 64 bit Build 26100 (10.0.26100.4202)
Time: Tue Jul  8 22:41:05 2025 Hora est. Sudamérica Pacífico elapsed time: 59.203064 seconds (0d 0h 0m 59s)

---------------  T H R E A D  ---------------

Current thread (0x000001b9ca8e1420):  JavaThread "C2 CompilerThread0" daemon [_thread_in_native, id=22024, stack(0x0000004961000000,0x0000004961100000) (1024K)]


Current CompileTask:
C2:59204 14218       4       com.android.tools.r8.graph.z2$$Lambda/0x000001b9cc367dd8::accept (12 bytes)

Stack: [0x0000004961000000,0x0000004961100000]
Native frames: (J=compiled Java code, j=interpreted, Vv=VM code, C=native code)
V  [jvm.dll+0x6d4bb9]
V  [jvm.dll+0x8afa11]
V  [jvm.dll+0x8b1f3e]
V  [jvm.dll+0x8b2623]
V  [jvm.dll+0x280816]
V  [jvm.dll+0xc52bd]
V  [jvm.dll+0xc57f3]
V  [jvm.dll+0x3bbd5c]
V  [jvm.dll+0x1e0645]
V  [jvm.dll+0x248573]
V  [jvm.dll+0x2479df]
V  [jvm.dll+0x1c7aaf]
V  [jvm.dll+0x257819]
V  [jvm.dll+0x255bca]
V  [jvm.dll+0x3f5af6]
V  [jvm.dll+0x85916b]
V  [jvm.dll+0x6d327d]
C  [ucrtbase.dll+0x37b0]
C  [KERNEL32.DLL+0x2e8d7]
C  [ntdll.dll+0x3c34c]


---------------  P R O C E S S  ---------------

Threads class SMR info:
_java_thread_list=0x000001ba10796770, length=17, elements={
0x000001b9acf966d0, 0x000001b9ca8c9350, 0x000001b9ca8cb9c0, 0x000001b9ca8ce290,
0x000001b9ca8ced80, 0x000001b9ca8d4400, 0x000001b9ca8e0a90, 0x000001b9ca8e1420,
0x000001b9ca8e5830, 0x000001b9caa29f00, 0x000001b9caa2e370, 0x000001ba11048710,
0x000001ba11048d70, 0x000001ba11049610, 0x000001ba11049c70, 0x000001ba12aaa9c0,
0x000001ba12aac500
}

Java Threads: ( => current thread )
  0x000001b9acf966d0 JavaThread "main"                              [_thread_blocked, id=11652, stack(0x0000004960200000,0x0000004960300000) (1024K)]
  0x000001b9ca8c9350 JavaThread "Reference Handler"          daemon [_thread_blocked, id=13696, stack(0x0000004960a00000,0x0000004960b00000) (1024K)]
  0x000001b9ca8cb9c0 JavaThread "Finalizer"                  daemon [_thread_blocked, id=22056, stack(0x0000004960b00000,0x0000004960c00000) (1024K)]
  0x000001b9ca8ce290 JavaThread "Signal Dispatcher"          daemon [_thread_blocked, id=6724, stack(0x0000004960c00000,0x0000004960d00000) (1024K)]
  0x000001b9ca8ced80 JavaThread "Attach Listener"            daemon [_thread_blocked, id=10756, stack(0x0000004960d00000,0x0000004960e00000) (1024K)]
  0x000001b9ca8d4400 JavaThread "Service Thread"             daemon [_thread_blocked, id=1696, stack(0x0000004960e00000,0x0000004960f00000) (1024K)]
  0x000001b9ca8e0a90 JavaThread "Monitor Deflation Thread"   daemon [_thread_blocked, id=16992, stack(0x0000004960f00000,0x0000004961000000) (1024K)]
=>0x000001b9ca8e1420 JavaThread "C2 CompilerThread0"         daemon [_thread_in_native, id=22024, stack(0x0000004961000000,0x0000004961100000) (1024K)]
  0x000001b9ca8e5830 JavaThread "C1 CompilerThread0"         daemon [_thread_blocked, id=19464, stack(0x0000004961100000,0x0000004961200000) (1024K)]
  0x000001b9caa29f00 JavaThread "Notification Thread"        daemon [_thread_blocked, id=204, stack(0x0000004961200000,0x0000004961300000) (1024K)]
  0x000001b9caa2e370 JavaThread "Common-Cleaner"             daemon [_thread_blocked, id=8152, stack(0x0000004961300000,0x0000004961400000) (1024K)]
  0x000001ba11048710 JavaThread "ForkJoinPool-1-worker-1"    daemon [_thread_blocked, id=8268, stack(0x0000004961400000,0x0000004961500000) (1024K)]
  0x000001ba11048d70 JavaThread "ForkJoinPool-1-worker-2"    daemon [_thread_in_Java, id=18848, stack(0x0000004961500000,0x0000004961600000) (1024K)]
  0x000001ba11049610 JavaThread "ForkJoinPool-1-worker-3"    daemon [_thread_blocked, id=22420, stack(0x0000004961c00000,0x0000004961d00000) (1024K)]
  0x000001ba11049c70 JavaThread "ForkJoinPool-1-worker-4"    daemon [_thread_in_Java, id=14176, stack(0x0000004961d00000,0x0000004961e00000) (1024K)]
  0x000001ba12aaa9c0 JavaThread "C2 CompilerThread1"         daemon [_thread_in_native, id=6728, stack(0x0000004961e00000,0x0000004961f00000) (1024K)]
  0x000001ba12aac500 JavaThread "C2 CompilerThread2"         daemon [_thread_in_native, id=12624, stack(0x0000004961f00000,0x0000004962000000) (1024K)]
Total: 17

Other Threads:
  0x000001b9ca8ae1e0 VMThread "VM Thread"                           [id=16520, stack(0x0000004960900000,0x0000004960a00000) (1024K)]
  0x000001b9ca89caf0 WatcherThread "VM Periodic Task Thread"        [id=2584, stack(0x0000004960800000,0x0000004960900000) (1024K)]
  0x000001b9acfd12d0 WorkerThread "GC Thread#0"                     [id=15528, stack(0x0000004960300000,0x0000004960400000) (1024K)]
  0x000001ba1081e1a0 WorkerThread "GC Thread#1"                     [id=10568, stack(0x0000004961600000,0x0000004961700000) (1024K)]
  0x000001ba10529f70 WorkerThread "GC Thread#2"                     [id=9532, stack(0x0000004961700000,0x0000004961800000) (1024K)]
  0x000001ba1052a310 WorkerThread "GC Thread#3"                     [id=20144, stack(0x0000004961800000,0x0000004961900000) (1024K)]
  0x000001ba1052a6b0 WorkerThread "GC Thread#4"                     [id=17964, stack(0x0000004961900000,0x0000004961a00000) (1024K)]
  0x000001ba1052aa50 WorkerThread "GC Thread#5"                     [id=6860, stack(0x0000004961a00000,0x0000004961b00000) (1024K)]
  0x000001ba10819220 WorkerThread "GC Thread#6"                     [id=8588, stack(0x0000004961b00000,0x0000004961c00000) (1024K)]
  0x000001ba1087aea0 WorkerThread "GC Thread#7"                     [id=6428, stack(0x0000004962000000,0x0000004962100000) (1024K)]
  0x000001b9acfda9c0 ConcurrentGCThread "G1 Main Marker"            [id=3324, stack(0x0000004960400000,0x0000004960500000) (1024K)]
  0x000001b9acfdc240 WorkerThread "G1 Conc#0"                       [id=7648, stack(0x0000004960500000,0x0000004960600000) (1024K)]
  0x000001ba1087a760 WorkerThread "G1 Conc#1"                       [id=20388, stack(0x0000004962100000,0x0000004962200000) (1024K)]
  0x000001b9ca76a640 ConcurrentGCThread "G1 Refine#0"               [id=22364, stack(0x0000004960600000,0x0000004960700000) (1024K)]
  0x000001b9ca76ba80 ConcurrentGCThread "G1 Service"                [id=13416, stack(0x0000004960700000,0x0000004960800000) (1024K)]
Total: 15

Threads with active compile tasks:
C2 CompilerThread0  59294 14218       4       com.android.tools.r8.graph.z2$$Lambda/0x000001b9cc367dd8::accept (12 bytes)
C2 CompilerThread1  59294 14369       4       com.android.tools.r8.graph.h1::a (10 bytes)
C2 CompilerThread2  59294 14219       4       com.android.tools.r8.graph.z2::a (11 bytes)
Total: 3

VM state: not at safepoint (normal execution)

VM Mutex/Monitor currently owned by a thread: None

Heap address: 0x00000000c0000000, size: 1024 MB, Compressed Oops mode: 32-bit

CDS archive(s) mapped at: [0x000001b9cb000000-0x000001b9cbc80000-0x000001b9cbc80000), size 13107200, SharedBaseAddress: 0x000001b9cb000000, ArchiveRelocationMode: 1.
Compressed class space mapped at: 0x000001b9cc000000-0x000001ba0c000000, reserved size: 1073741824
Narrow klass base: 0x000001b9cb000000, Narrow klass shift: 0, Narrow klass range: 0x100000000

GC Precious Log:
 CardTable entry size: 512
 Card Set container configuration: InlinePtr #cards 5 size 8 Array Of Cards #cards 12 size 40 Howl #buckets 4 coarsen threshold 1843 Howl Bitmap #cards 512 size 80 coarsen threshold 460 Card regions per heap region 1 cards per card region 2048
 CPUs: 8 total, 8 available
 Memory: 16221M
 Large Page Support: Disabled
 NUMA Support: Disabled
 Compressed Oops: Enabled (32-bit)
 Heap Region Size: 1M
 Heap Min Capacity: 8M
 Heap Initial Capacity: 254M
 Heap Max Capacity: 1G
 Pre-touch: Disabled
 Parallel Workers: 8
 Concurrent Workers: 2
 Concurrent Refinement Workers: 8
 Periodic GC: Disabled

Heap:
 garbage-first heap   total 607232K, used 565557K [0x00000000c0000000, 0x0000000100000000)
  region size 1024K, 346 young (354304K), 33 survivors (33792K)
 Metaspace       used 25542K, committed 25920K, reserved 1114112K
  class space    used 3250K, committed 3456K, reserved 1048576K

Heap Regions: E=young(eden), S=young(survivor), O=old, HS=humongous(starts), HC=humongous(continues), CS=collection set, F=free, TAMS=top-at-mark-start, PB=parsable bottom
|   0|0x00000000c0000000, 0x00000000c0100000, 0x00000000c0100000|100%|HS|  |TAMS 0x00000000c0000000| PB 0x00000000c0000000| Complete 
|   1|0x00000000c0100000, 0x00000000c0200000, 0x00000000c0200000|100%| O|  |TAMS 0x00000000c0100000| PB 0x00000000c0100000| Untracked 
|   2|0x00000000c0200000, 0x00000000c0300000, 0x00000000c0300000|100%| O|  |TAMS 0x00000000c0200000| PB 0x00000000c0200000| Untracked 
|   3|0x00000000c0300000, 0x00000000c0400000, 0x00000000c0400000|100%| O|  |TAMS 0x00000000c0300000| PB 0x00000000c0300000| Untracked 
|   4|0x00000000c0400000, 0x00000000c0500000, 0x00000000c0500000|100%| O|Cm|TAMS 0x00000000c0400000| PB 0x00000000c0400000| Complete 
|   5|0x00000000c0500000, 0x00000000c0600000, 0x00000000c0600000|100%| O|Cm|TAMS 0x00000000c0500000| PB 0x00000000c0500000| Complete 
|   6|0x00000000c0600000, 0x00000000c0700000, 0x00000000c0700000|100%|HS|  |TAMS 0x00000000c0600000| PB 0x00000000c0600000| Complete 
|   7|0x00000000c0700000, 0x00000000c0800000, 0x00000000c0800000|100%|HS|  |TAMS 0x00000000c0700000| PB 0x00000000c0700000| Complete 
|   8|0x00000000c0800000, 0x00000000c0900000, 0x00000000c0900000|100%| O|  |TAMS 0x00000000c0800000| PB 0x00000000c0800000| Untracked 
|   9|0x00000000c0900000, 0x00000000c0a00000, 0x00000000c0a00000|100%| O|  |TAMS 0x00000000c0900000| PB 0x00000000c0900000| Untracked 
|  10|0x00000000c0a00000, 0x00000000c0b00000, 0x00000000c0b00000|100%| O|  |TAMS 0x00000000c0a00000| PB 0x00000000c0a00000| Untracked 
|  11|0x00000000c0b00000, 0x00000000c0c00000, 0x00000000c0c00000|100%| O|  |TAMS 0x00000000c0b00000| PB 0x00000000c0b00000| Untracked 
|  12|0x00000000c0c00000, 0x00000000c0d00000, 0x00000000c0d00000|100%| O|  |TAMS 0x00000000c0c00000| PB 0x00000000c0c00000| Untracked 
|  13|0x00000000c0d00000, 0x00000000c0e00000, 0x00000000c0e00000|100%| O|  |TAMS 0x00000000c0d00000| PB 0x00000000c0d00000| Untracked 
|  14|0x00000000c0e00000, 0x00000000c0f00000, 0x00000000c0f00000|100%| O|Cm|TAMS 0x00000000c0e00000| PB 0x00000000c0e00000| Complete 
|  15|0x00000000c0f00000, 0x00000000c1000000, 0x00000000c1000000|100%|HS|  |TAMS 0x00000000c0f00000| PB 0x00000000c0f00000| Complete 
|  16|0x00000000c1000000, 0x00000000c1100000, 0x00000000c1100000|100%|HC|  |TAMS 0x00000000c1000000| PB 0x00000000c1000000| Complete 
|  17|0x00000000c1100000, 0x00000000c1200000, 0x00000000c1200000|100%| O|  |TAMS 0x00000000c1100000| PB 0x00000000c1100000| Untracked 
|  18|0x00000000c1200000, 0x00000000c1300000, 0x00000000c1300000|100%| O|  |TAMS 0x00000000c1200000| PB 0x00000000c1200000| Untracked 
|  19|0x00000000c1300000, 0x00000000c1400000, 0x00000000c1400000|100%| O|  |TAMS 0x00000000c1300000| PB 0x00000000c1300000| Untracked 
|  20|0x00000000c1400000, 0x00000000c1500000, 0x00000000c1500000|100%|HS|  |TAMS 0x00000000c1400000| PB 0x00000000c1400000| Complete 
|  21|0x00000000c1500000, 0x00000000c1600000, 0x00000000c1600000|100%| O|  |TAMS 0x00000000c1500000| PB 0x00000000c1500000| Untracked 
|  22|0x00000000c1600000, 0x00000000c1700000, 0x00000000c1700000|100%| O|  |TAMS 0x00000000c1600000| PB 0x00000000c1600000| Untracked 
|  23|0x00000000c1700000, 0x00000000c1800000, 0x00000000c1800000|100%| O|  |TAMS 0x00000000c1700000| PB 0x00000000c1700000| Untracked 
|  24|0x00000000c1800000, 0x00000000c1900000, 0x00000000c1900000|100%| O|  |TAMS 0x00000000c1800000| PB 0x00000000c1800000| Untracked 
|  25|0x00000000c1900000, 0x00000000c1a00000, 0x00000000c1a00000|100%|HS|  |TAMS 0x00000000c1900000| PB 0x00000000c1900000| Complete 
|  26|0x00000000c1a00000, 0x00000000c1b00000, 0x00000000c1b00000|100%|HC|  |TAMS 0x00000000c1a00000| PB 0x00000000c1a00000| Complete 
|  27|0x00000000c1b00000, 0x00000000c1c00000, 0x00000000c1c00000|100%| O|  |TAMS 0x00000000c1b00000| PB 0x00000000c1b00000| Untracked 
|  28|0x00000000c1c00000, 0x00000000c1d00000, 0x00000000c1d00000|100%| O|  |TAMS 0x00000000c1c00000| PB 0x00000000c1c00000| Untracked 
|  29|0x00000000c1d00000, 0x00000000c1e00000, 0x00000000c1e00000|100%| O|  |TAMS 0x00000000c1d00000| PB 0x00000000c1d00000| Untracked 
|  30|0x00000000c1e00000, 0x00000000c1f00000, 0x00000000c1f00000|100%| O|  |TAMS 0x00000000c1e00000| PB 0x00000000c1e00000| Untracked 
|  31|0x00000000c1f00000, 0x00000000c2000000, 0x00000000c2000000|100%| O|  |TAMS 0x00000000c1f00000| PB 0x00000000c1f00000| Untracked 
|  32|0x00000000c2000000, 0x00000000c2100000, 0x00000000c2100000|100%| O|Cm|TAMS 0x00000000c2000000| PB 0x00000000c2000000| Complete 
|  33|0x00000000c2100000, 0x00000000c2200000, 0x00000000c2200000|100%|HS|  |TAMS 0x00000000c2100000| PB 0x00000000c2100000| Complete 
|  34|0x00000000c2200000, 0x00000000c2300000, 0x00000000c2300000|100%|HC|  |TAMS 0x00000000c2200000| PB 0x00000000c2200000| Complete 
|  35|0x00000000c2300000, 0x00000000c2400000, 0x00000000c2400000|100%| O|  |TAMS 0x00000000c2300000| PB 0x00000000c2300000| Untracked 
|  36|0x00000000c2400000, 0x00000000c2500000, 0x00000000c2500000|100%| O|  |TAMS 0x00000000c2400000| PB 0x00000000c2400000| Untracked 
|  37|0x00000000c2500000, 0x00000000c2600000, 0x00000000c2600000|100%| O|  |TAMS 0x00000000c2500000| PB 0x00000000c2500000| Untracked 
|  38|0x00000000c2600000, 0x00000000c2700000, 0x00000000c2700000|100%| O|  |TAMS 0x00000000c2600000| PB 0x00000000c2600000| Untracked 
|  39|0x00000000c2700000, 0x00000000c2800000, 0x00000000c2800000|100%| O|  |TAMS 0x00000000c2700000| PB 0x00000000c2700000| Untracked 
|  40|0x00000000c2800000, 0x00000000c2900000, 0x00000000c2900000|100%| O|  |TAMS 0x00000000c2800000| PB 0x00000000c2800000| Untracked 
|  41|0x00000000c2900000, 0x00000000c2a00000, 0x00000000c2a00000|100%| O|  |TAMS 0x00000000c2900000| PB 0x00000000c2900000| Untracked 
|  42|0x00000000c2a00000, 0x00000000c2b00000, 0x00000000c2b00000|100%|HS|  |TAMS 0x00000000c2a00000| PB 0x00000000c2a00000| Complete 
|  43|0x00000000c2b00000, 0x00000000c2c00000, 0x00000000c2c00000|100%|HC|  |TAMS 0x00000000c2b00000| PB 0x00000000c2b00000| Complete 
|  44|0x00000000c2c00000, 0x00000000c2c4d640, 0x00000000c2d00000| 30%| O|  |TAMS 0x00000000c2c00000| PB 0x00000000c2c00000| Untracked 
|  45|0x00000000c2d00000, 0x00000000c2e00000, 0x00000000c2e00000|100%| O|  |TAMS 0x00000000c2d00000| PB 0x00000000c2d00000| Untracked 
|  46|0x00000000c2e00000, 0x00000000c2f00000, 0x00000000c2f00000|100%| O|  |TAMS 0x00000000c2e00000| PB 0x00000000c2e00000| Untracked 
|  47|0x00000000c2f00000, 0x00000000c3000000, 0x00000000c3000000|100%| O|  |TAMS 0x00000000c2f00000| PB 0x00000000c2f00000| Untracked 
|  48|0x00000000c3000000, 0x00000000c3100000, 0x00000000c3100000|100%| O|  |TAMS 0x00000000c3000000| PB 0x00000000c3000000| Untracked 
|  49|0x00000000c3100000, 0x00000000c3200000, 0x00000000c3200000|100%| O|  |TAMS 0x00000000c3100000| PB 0x00000000c3100000| Untracked 
|  50|0x00000000c3200000, 0x00000000c3300000, 0x00000000c3300000|100%| O|  |TAMS 0x00000000c3200000| PB 0x00000000c3200000| Untracked 
|  51|0x00000000c3300000, 0x00000000c3400000, 0x00000000c3400000|100%| O|  |TAMS 0x00000000c3300000| PB 0x00000000c3300000| Untracked 
|  52|0x00000000c3400000, 0x00000000c3500000, 0x00000000c3500000|100%| O|  |TAMS 0x00000000c3400000| PB 0x00000000c3400000| Untracked 
|  53|0x00000000c3500000, 0x00000000c3600000, 0x00000000c3600000|100%|HS|  |TAMS 0x00000000c3500000| PB 0x00000000c3500000| Complete 
|  54|0x00000000c3600000, 0x00000000c3700000, 0x00000000c3700000|100%| O|  |TAMS 0x00000000c3600000| PB 0x00000000c3600000| Untracked 
|  55|0x00000000c3700000, 0x00000000c3800000, 0x00000000c3800000|100%| O|  |TAMS 0x00000000c3700000| PB 0x00000000c3700000| Untracked 
|  56|0x00000000c3800000, 0x00000000c3900000, 0x00000000c3900000|100%| O|  |TAMS 0x00000000c3800000| PB 0x00000000c3800000| Untracked 
|  57|0x00000000c3900000, 0x00000000c3a00000, 0x00000000c3a00000|100%| O|  |TAMS 0x00000000c3900000| PB 0x00000000c3900000| Untracked 
|  58|0x00000000c3a00000, 0x00000000c3b00000, 0x00000000c3b00000|100%| O|  |TAMS 0x00000000c3a00000| PB 0x00000000c3a00000| Untracked 
|  59|0x00000000c3b00000, 0x00000000c3c00000, 0x00000000c3c00000|100%| O|  |TAMS 0x00000000c3b00000| PB 0x00000000c3b00000| Untracked 
|  60|0x00000000c3c00000, 0x00000000c3d00000, 0x00000000c3d00000|100%| O|  |TAMS 0x00000000c3c00000| PB 0x00000000c3c00000| Untracked 
|  61|0x00000000c3d00000, 0x00000000c3e00000, 0x00000000c3e00000|100%| O|  |TAMS 0x00000000c3d00000| PB 0x00000000c3d00000| Untracked 
|  62|0x00000000c3e00000, 0x00000000c3f00000, 0x00000000c3f00000|100%| O|  |TAMS 0x00000000c3e00000| PB 0x00000000c3e00000| Untracked 
|  63|0x00000000c3f00000, 0x00000000c4000000, 0x00000000c4000000|100%| O|  |TAMS 0x00000000c3f00000| PB 0x00000000c3f00000| Untracked 
|  64|0x00000000c4000000, 0x00000000c4100000, 0x00000000c4100000|100%| O|  |TAMS 0x00000000c4000000| PB 0x00000000c4000000| Untracked 
|  65|0x00000000c4100000, 0x00000000c4200000, 0x00000000c4200000|100%| O|  |TAMS 0x00000000c4100000| PB 0x00000000c4100000| Untracked 
|  66|0x00000000c4200000, 0x00000000c4300000, 0x00000000c4300000|100%| O|  |TAMS 0x00000000c4200000| PB 0x00000000c4200000| Untracked 
|  67|0x00000000c4300000, 0x00000000c4400000, 0x00000000c4400000|100%| O|  |TAMS 0x00000000c4300000| PB 0x00000000c4300000| Untracked 
|  68|0x00000000c4400000, 0x00000000c4500000, 0x00000000c4500000|100%| O|  |TAMS 0x00000000c4400000| PB 0x00000000c4400000| Untracked 
|  69|0x00000000c4500000, 0x00000000c4600000, 0x00000000c4600000|100%| O|  |TAMS 0x00000000c4500000| PB 0x00000000c4500000| Untracked 
|  70|0x00000000c4600000, 0x00000000c4700000, 0x00000000c4700000|100%| O|  |TAMS 0x00000000c4600000| PB 0x00000000c4600000| Untracked 
|  71|0x00000000c4700000, 0x00000000c4800000, 0x00000000c4800000|100%| O|  |TAMS 0x00000000c4700000| PB 0x00000000c4700000| Untracked 
|  72|0x00000000c4800000, 0x00000000c4900000, 0x00000000c4900000|100%| O|  |TAMS 0x00000000c4800000| PB 0x00000000c4800000| Untracked 
|  73|0x00000000c4900000, 0x00000000c4a00000, 0x00000000c4a00000|100%| O|  |TAMS 0x00000000c4900000| PB 0x00000000c4900000| Untracked 
|  74|0x00000000c4a00000, 0x00000000c4b00000, 0x00000000c4b00000|100%| O|  |TAMS 0x00000000c4a00000| PB 0x00000000c4a00000| Untracked 
|  75|0x00000000c4b00000, 0x00000000c4c00000, 0x00000000c4c00000|100%| O|  |TAMS 0x00000000c4b00000| PB 0x00000000c4b00000| Untracked 
|  76|0x00000000c4c00000, 0x00000000c4d00000, 0x00000000c4d00000|100%| O|  |TAMS 0x00000000c4c00000| PB 0x00000000c4c00000| Untracked 
|  77|0x00000000c4d00000, 0x00000000c4e00000, 0x00000000c4e00000|100%| O|  |TAMS 0x00000000c4d00000| PB 0x00000000c4d00000| Untracked 
|  78|0x00000000c4e00000, 0x00000000c4f00000, 0x00000000c4f00000|100%| O|  |TAMS 0x00000000c4e00000| PB 0x00000000c4e00000| Untracked 
|  79|0x00000000c4f00000, 0x00000000c5000000, 0x00000000c5000000|100%| O|  |TAMS 0x00000000c4f00000| PB 0x00000000c4f00000| Untracked 
|  80|0x00000000c5000000, 0x00000000c5100000, 0x00000000c5100000|100%|HS|  |TAMS 0x00000000c5000000| PB 0x00000000c5000000| Complete 
|  81|0x00000000c5100000, 0x00000000c5200000, 0x00000000c5200000|100%| O|  |TAMS 0x00000000c5100000| PB 0x00000000c5100000| Untracked 
|  82|0x00000000c5200000, 0x00000000c5300000, 0x00000000c5300000|100%|HS|  |TAMS 0x00000000c5200000| PB 0x00000000c5200000| Complete 
|  83|0x00000000c5300000, 0x00000000c5400000, 0x00000000c5400000|100%| O|  |TAMS 0x00000000c5300000| PB 0x00000000c5300000| Untracked 
|  84|0x00000000c5400000, 0x00000000c5500000, 0x00000000c5500000|100%|HS|  |TAMS 0x00000000c5400000| PB 0x00000000c5400000| Complete 
|  85|0x00000000c5500000, 0x00000000c5600000, 0x00000000c5600000|100%| O|  |TAMS 0x00000000c5500000| PB 0x00000000c5500000| Untracked 
|  86|0x00000000c5600000, 0x00000000c5700000, 0x00000000c5700000|100%|HS|  |TAMS 0x00000000c5600000| PB 0x00000000c5600000| Complete 
|  87|0x00000000c5700000, 0x00000000c5800000, 0x00000000c5800000|100%| O|  |TAMS 0x00000000c5700000| PB 0x00000000c5700000| Untracked 
|  88|0x00000000c5800000, 0x00000000c5900000, 0x00000000c5900000|100%| O|  |TAMS 0x00000000c5800000| PB 0x00000000c5800000| Untracked 
|  89|0x00000000c5900000, 0x00000000c5a00000, 0x00000000c5a00000|100%| O|  |TAMS 0x00000000c5900000| PB 0x00000000c5900000| Untracked 
|  90|0x00000000c5a00000, 0x00000000c5b00000, 0x00000000c5b00000|100%| O|  |TAMS 0x00000000c5a00000| PB 0x00000000c5a00000| Untracked 
|  91|0x00000000c5b00000, 0x00000000c5c00000, 0x00000000c5c00000|100%| O|  |TAMS 0x00000000c5b00000| PB 0x00000000c5b00000| Untracked 
|  92|0x00000000c5c00000, 0x00000000c5d00000, 0x00000000c5d00000|100%| O|  |TAMS 0x00000000c5c00000| PB 0x00000000c5c00000| Untracked 
|  93|0x00000000c5d00000, 0x00000000c5e00000, 0x00000000c5e00000|100%| O|  |TAMS 0x00000000c5d00000| PB 0x00000000c5d00000| Untracked 
|  94|0x00000000c5e00000, 0x00000000c5f00000, 0x00000000c5f00000|100%| O|  |TAMS 0x00000000c5e00000| PB 0x00000000c5e00000| Untracked 
|  95|0x00000000c5f00000, 0x00000000c6000000, 0x00000000c6000000|100%| O|  |TAMS 0x00000000c5f00000| PB 0x00000000c5f00000| Untracked 
|  96|0x00000000c6000000, 0x00000000c6100000, 0x00000000c6100000|100%| O|  |TAMS 0x00000000c6000000| PB 0x00000000c6000000| Untracked 
|  97|0x00000000c6100000, 0x00000000c6200000, 0x00000000c6200000|100%| O|  |TAMS 0x00000000c6100000| PB 0x00000000c6100000| Untracked 
|  98|0x00000000c6200000, 0x00000000c6300000, 0x00000000c6300000|100%| O|  |TAMS 0x00000000c6200000| PB 0x00000000c6200000| Untracked 
|  99|0x00000000c6300000, 0x00000000c6400000, 0x00000000c6400000|100%| O|  |TAMS 0x00000000c6300000| PB 0x00000000c6300000| Untracked 
| 100|0x00000000c6400000, 0x00000000c6500000, 0x00000000c6500000|100%| O|  |TAMS 0x00000000c6400000| PB 0x00000000c6400000| Untracked 
| 101|0x00000000c6500000, 0x00000000c6600000, 0x00000000c6600000|100%| O|  |TAMS 0x00000000c6500000| PB 0x00000000c6500000| Untracked 
| 102|0x00000000c6600000, 0x00000000c6700000, 0x00000000c6700000|100%| O|  |TAMS 0x00000000c6600000| PB 0x00000000c6600000| Untracked 
| 103|0x00000000c6700000, 0x00000000c6800000, 0x00000000c6800000|100%| O|  |TAMS 0x00000000c6700000| PB 0x00000000c6700000| Untracked 
| 104|0x00000000c6800000, 0x00000000c6900000, 0x00000000c6900000|100%| O|  |TAMS 0x00000000c6800000| PB 0x00000000c6800000| Untracked 
| 105|0x00000000c6900000, 0x00000000c6a00000, 0x00000000c6a00000|100%| O|  |TAMS 0x00000000c6900000| PB 0x00000000c6900000| Untracked 
| 106|0x00000000c6a00000, 0x00000000c6b00000, 0x00000000c6b00000|100%| O|  |TAMS 0x00000000c6a00000| PB 0x00000000c6a00000| Untracked 
| 107|0x00000000c6b00000, 0x00000000c6c00000, 0x00000000c6c00000|100%| O|  |TAMS 0x00000000c6b00000| PB 0x00000000c6b00000| Untracked 
| 108|0x00000000c6c00000, 0x00000000c6d00000, 0x00000000c6d00000|100%| O|  |TAMS 0x00000000c6c00000| PB 0x00000000c6c00000| Untracked 
| 109|0x00000000c6d00000, 0x00000000c6e00000, 0x00000000c6e00000|100%| O|  |TAMS 0x00000000c6d00000| PB 0x00000000c6d00000| Untracked 
| 110|0x00000000c6e00000, 0x00000000c6f00000, 0x00000000c6f00000|100%| O|  |TAMS 0x00000000c6e00000| PB 0x00000000c6e00000| Untracked 
| 111|0x00000000c6f00000, 0x00000000c7000000, 0x00000000c7000000|100%| O|  |TAMS 0x00000000c6f00000| PB 0x00000000c6f00000| Untracked 
| 112|0x00000000c7000000, 0x00000000c7100000, 0x00000000c7100000|100%| O|  |TAMS 0x00000000c7000000| PB 0x00000000c7000000| Untracked 
| 113|0x00000000c7100000, 0x00000000c7200000, 0x00000000c7200000|100%| O|  |TAMS 0x00000000c7100000| PB 0x00000000c7100000| Untracked 
| 114|0x00000000c7200000, 0x00000000c7300000, 0x00000000c7300000|100%| O|  |TAMS 0x00000000c7200000| PB 0x00000000c7200000| Untracked 
| 115|0x00000000c7300000, 0x00000000c7400000, 0x00000000c7400000|100%| O|  |TAMS 0x00000000c7300000| PB 0x00000000c7300000| Untracked 
| 116|0x00000000c7400000, 0x00000000c7500000, 0x00000000c7500000|100%| O|  |TAMS 0x00000000c7400000| PB 0x00000000c7400000| Untracked 
| 117|0x00000000c7500000, 0x00000000c7600000, 0x00000000c7600000|100%| O|  |TAMS 0x00000000c7500000| PB 0x00000000c7500000| Untracked 
| 118|0x00000000c7600000, 0x00000000c7700000, 0x00000000c7700000|100%| O|  |TAMS 0x00000000c7600000| PB 0x00000000c7600000| Untracked 
| 119|0x00000000c7700000, 0x00000000c7800000, 0x00000000c7800000|100%| O|  |TAMS 0x00000000c7700000| PB 0x00000000c7700000| Untracked 
| 120|0x00000000c7800000, 0x00000000c7900000, 0x00000000c7900000|100%| O|  |TAMS 0x00000000c7800000| PB 0x00000000c7800000| Untracked 
| 121|0x00000000c7900000, 0x00000000c7a00000, 0x00000000c7a00000|100%| O|  |TAMS 0x00000000c7900000| PB 0x00000000c7900000| Untracked 
| 122|0x00000000c7a00000, 0x00000000c7b00000, 0x00000000c7b00000|100%| O|  |TAMS 0x00000000c7a00000| PB 0x00000000c7a00000| Untracked 
| 123|0x00000000c7b00000, 0x00000000c7c00000, 0x00000000c7c00000|100%|HS|  |TAMS 0x00000000c7b00000| PB 0x00000000c7b00000| Complete 
| 124|0x00000000c7c00000, 0x00000000c7d00000, 0x00000000c7d00000|100%| O|  |TAMS 0x00000000c7c00000| PB 0x00000000c7c00000| Untracked 
| 125|0x00000000c7d00000, 0x00000000c7e00000, 0x00000000c7e00000|100%| O|  |TAMS 0x00000000c7d00000| PB 0x00000000c7d00000| Untracked 
| 126|0x00000000c7e00000, 0x00000000c7f00000, 0x00000000c7f00000|100%| O|  |TAMS 0x00000000c7e00000| PB 0x00000000c7e00000| Untracked 
| 127|0x00000000c7f00000, 0x00000000c8000000, 0x00000000c8000000|100%| O|  |TAMS 0x00000000c7f00000| PB 0x00000000c7f00000| Untracked 
| 128|0x00000000c8000000, 0x00000000c8100000, 0x00000000c8100000|100%| O|  |TAMS 0x00000000c8000000| PB 0x00000000c8000000| Untracked 
| 129|0x00000000c8100000, 0x00000000c8200000, 0x00000000c8200000|100%|HS|  |TAMS 0x00000000c8100000| PB 0x00000000c8100000| Complete 
| 130|0x00000000c8200000, 0x00000000c8300000, 0x00000000c8300000|100%| O|  |TAMS 0x00000000c8200000| PB 0x00000000c8200000| Untracked 
| 131|0x00000000c8300000, 0x00000000c8400000, 0x00000000c8400000|100%| O|  |TAMS 0x00000000c8300000| PB 0x00000000c8300000| Untracked 
| 132|0x00000000c8400000, 0x00000000c8500000, 0x00000000c8500000|100%| O|  |TAMS 0x00000000c8400000| PB 0x00000000c8400000| Untracked 
| 133|0x00000000c8500000, 0x00000000c8600000, 0x00000000c8600000|100%| O|  |TAMS 0x00000000c8500000| PB 0x00000000c8500000| Untracked 
| 134|0x00000000c8600000, 0x00000000c8700000, 0x00000000c8700000|100%| O|  |TAMS 0x00000000c8600000| PB 0x00000000c8600000| Untracked 
| 135|0x00000000c8700000, 0x00000000c8800000, 0x00000000c8800000|100%| O|  |TAMS 0x00000000c8700000| PB 0x00000000c8700000| Untracked 
| 136|0x00000000c8800000, 0x00000000c8900000, 0x00000000c8900000|100%| O|  |TAMS 0x00000000c8800000| PB 0x00000000c8800000| Untracked 
| 137|0x00000000c8900000, 0x00000000c8a00000, 0x00000000c8a00000|100%| O|  |TAMS 0x00000000c8900000| PB 0x00000000c8900000| Untracked 
| 138|0x00000000c8a00000, 0x00000000c8b00000, 0x00000000c8b00000|100%| O|  |TAMS 0x00000000c8a00000| PB 0x00000000c8a00000| Untracked 
| 139|0x00000000c8b00000, 0x00000000c8c00000, 0x00000000c8c00000|100%| O|  |TAMS 0x00000000c8b00000| PB 0x00000000c8b00000| Untracked 
| 140|0x00000000c8c00000, 0x00000000c8d00000, 0x00000000c8d00000|100%| O|  |TAMS 0x00000000c8c00000| PB 0x00000000c8c00000| Untracked 
| 141|0x00000000c8d00000, 0x00000000c8e00000, 0x00000000c8e00000|100%| O|  |TAMS 0x00000000c8d00000| PB 0x00000000c8d00000| Untracked 
| 142|0x00000000c8e00000, 0x00000000c8f00000, 0x00000000c8f00000|100%| O|  |TAMS 0x00000000c8e00000| PB 0x00000000c8e00000| Untracked 
| 143|0x00000000c8f00000, 0x00000000c9000000, 0x00000000c9000000|100%| O|  |TAMS 0x00000000c8f00000| PB 0x00000000c8f00000| Untracked 
| 144|0x00000000c9000000, 0x00000000c9100000, 0x00000000c9100000|100%| O|  |TAMS 0x00000000c9000000| PB 0x00000000c9000000| Untracked 
| 145|0x00000000c9100000, 0x00000000c9200000, 0x00000000c9200000|100%| O|Cm|TAMS 0x00000000c9100000| PB 0x00000000c9100000| Complete 
| 146|0x00000000c9200000, 0x00000000c9300000, 0x00000000c9300000|100%| O|  |TAMS 0x00000000c9200000| PB 0x00000000c9200000| Untracked 
| 147|0x00000000c9300000, 0x00000000c9400000, 0x00000000c9400000|100%| O|  |TAMS 0x00000000c9300000| PB 0x00000000c9300000| Untracked 
| 148|0x00000000c9400000, 0x00000000c9500000, 0x00000000c9500000|100%| O|  |TAMS 0x00000000c9400000| PB 0x00000000c9400000| Untracked 
| 149|0x00000000c9500000, 0x00000000c9600000, 0x00000000c9600000|100%| O|Cm|TAMS 0x00000000c9500000| PB 0x00000000c9500000| Complete 
| 150|0x00000000c9600000, 0x00000000c9700000, 0x00000000c9700000|100%| O|Cm|TAMS 0x00000000c9600000| PB 0x00000000c9600000| Complete 
| 151|0x00000000c9700000, 0x00000000c9800000, 0x00000000c9800000|100%| O|  |TAMS 0x00000000c9700000| PB 0x00000000c9700000| Untracked 
| 152|0x00000000c9800000, 0x00000000c9900000, 0x00000000c9900000|100%| O|  |TAMS 0x00000000c9800000| PB 0x00000000c9800000| Untracked 
| 153|0x00000000c9900000, 0x00000000c9a00000, 0x00000000c9a00000|100%| O|  |TAMS 0x00000000c9900000| PB 0x00000000c9900000| Untracked 
| 154|0x00000000c9a00000, 0x00000000c9b00000, 0x00000000c9b00000|100%|HS|  |TAMS 0x00000000c9a00000| PB 0x00000000c9a00000| Complete 
| 155|0x00000000c9b00000, 0x00000000c9c00000, 0x00000000c9c00000|100%| O|  |TAMS 0x00000000c9b00000| PB 0x00000000c9b00000| Untracked 
| 156|0x00000000c9c00000, 0x00000000c9d00000, 0x00000000c9d00000|100%| O|  |TAMS 0x00000000c9c00000| PB 0x00000000c9c00000| Untracked 
| 157|0x00000000c9d00000, 0x00000000c9e00000, 0x00000000c9e00000|100%| O|Cm|TAMS 0x00000000c9d00000| PB 0x00000000c9d00000| Complete 
| 158|0x00000000c9e00000, 0x00000000c9f00000, 0x00000000c9f00000|100%| O|  |TAMS 0x00000000c9e00000| PB 0x00000000c9e00000| Untracked 
| 159|0x00000000c9f00000, 0x00000000ca000000, 0x00000000ca000000|100%| O|  |TAMS 0x00000000c9f00000| PB 0x00000000c9f00000| Untracked 
| 160|0x00000000ca000000, 0x00000000ca100000, 0x00000000ca100000|100%| O|  |TAMS 0x00000000ca000000| PB 0x00000000ca000000| Untracked 
| 161|0x00000000ca100000, 0x00000000ca200000, 0x00000000ca200000|100%| O|  |TAMS 0x00000000ca100000| PB 0x00000000ca100000| Untracked 
| 162|0x00000000ca200000, 0x00000000ca300000, 0x00000000ca300000|100%| O|  |TAMS 0x00000000ca200000| PB 0x00000000ca200000| Untracked 
| 163|0x00000000ca300000, 0x00000000ca400000, 0x00000000ca400000|100%| O|  |TAMS 0x00000000ca300000| PB 0x00000000ca300000| Untracked 
| 164|0x00000000ca400000, 0x00000000ca500000, 0x00000000ca500000|100%| O|  |TAMS 0x00000000ca400000| PB 0x00000000ca400000| Untracked 
| 165|0x00000000ca500000, 0x00000000ca600000, 0x00000000ca600000|100%| O|  |TAMS 0x00000000ca500000| PB 0x00000000ca500000| Untracked 
| 166|0x00000000ca600000, 0x00000000ca700000, 0x00000000ca700000|100%| O|  |TAMS 0x00000000ca600000| PB 0x00000000ca600000| Untracked 
| 167|0x00000000ca700000, 0x00000000ca800000, 0x00000000ca800000|100%| O|  |TAMS 0x00000000ca700000| PB 0x00000000ca700000| Untracked 
| 168|0x00000000ca800000, 0x00000000ca900000, 0x00000000ca900000|100%| O|  |TAMS 0x00000000ca800000| PB 0x00000000ca800000| Untracked 
| 169|0x00000000ca900000, 0x00000000caa00000, 0x00000000caa00000|100%| O|Cm|TAMS 0x00000000ca900000| PB 0x00000000ca900000| Complete 
| 170|0x00000000caa00000, 0x00000000cab00000, 0x00000000cab00000|100%| O|  |TAMS 0x00000000caa00000| PB 0x00000000caa00000| Untracked 
| 171|0x00000000cab00000, 0x00000000cac00000, 0x00000000cac00000|100%| O|Cm|TAMS 0x00000000cab00000| PB 0x00000000cab00000| Complete 
| 172|0x00000000cac00000, 0x00000000cad00000, 0x00000000cad00000|100%| O|Cm|TAMS 0x00000000cac00000| PB 0x00000000cac00000| Complete 
| 173|0x00000000cad00000, 0x00000000cae00000, 0x00000000cae00000|100%| O|  |TAMS 0x00000000cad00000| PB 0x00000000cad00000| Untracked 
| 174|0x00000000cae00000, 0x00000000caf00000, 0x00000000caf00000|100%| O|  |TAMS 0x00000000cae00000| PB 0x00000000cae00000| Untracked 
| 175|0x00000000caf00000, 0x00000000cb000000, 0x00000000cb000000|100%|HS|  |TAMS 0x00000000caf00000| PB 0x00000000caf00000| Complete 
| 176|0x00000000cb000000, 0x00000000cb100000, 0x00000000cb100000|100%|HC|  |TAMS 0x00000000cb000000| PB 0x00000000cb000000| Complete 
| 177|0x00000000cb100000, 0x00000000cb200000, 0x00000000cb200000|100%| O|Cm|TAMS 0x00000000cb100000| PB 0x00000000cb100000| Complete 
| 178|0x00000000cb200000, 0x00000000cb300000, 0x00000000cb300000|100%| O|  |TAMS 0x00000000cb200000| PB 0x00000000cb200000| Untracked 
| 179|0x00000000cb300000, 0x00000000cb400000, 0x00000000cb400000|100%| O|Cm|TAMS 0x00000000cb300000| PB 0x00000000cb300000| Complete 
| 180|0x00000000cb400000, 0x00000000cb500000, 0x00000000cb500000|100%| O|  |TAMS 0x00000000cb400000| PB 0x00000000cb400000| Untracked 
| 181|0x00000000cb500000, 0x00000000cb600000, 0x00000000cb600000|100%| O|  |TAMS 0x00000000cb500000| PB 0x00000000cb500000| Untracked 
| 182|0x00000000cb600000, 0x00000000cb700000, 0x00000000cb700000|100%|HS|  |TAMS 0x00000000cb600000| PB 0x00000000cb600000| Complete 
| 183|0x00000000cb700000, 0x00000000cb800000, 0x00000000cb800000|100%| O|Cm|TAMS 0x00000000cb700000| PB 0x00000000cb700000| Complete 
| 184|0x00000000cb800000, 0x00000000cb900000, 0x00000000cb900000|100%| O|  |TAMS 0x00000000cb800000| PB 0x00000000cb800000| Untracked 
| 185|0x00000000cb900000, 0x00000000cba00000, 0x00000000cba00000|100%|HS|  |TAMS 0x00000000cb900000| PB 0x00000000cb900000| Complete 
| 186|0x00000000cba00000, 0x00000000cbb00000, 0x00000000cbb00000|100%| O|  |TAMS 0x00000000cba00000| PB 0x00000000cba00000| Untracked 
| 187|0x00000000cbb00000, 0x00000000cbc00000, 0x00000000cbc00000|100%|HS|  |TAMS 0x00000000cbb00000| PB 0x00000000cbb00000| Complete 
| 188|0x00000000cbc00000, 0x00000000cbd00000, 0x00000000cbd00000|100%|HC|  |TAMS 0x00000000cbc00000| PB 0x00000000cbc00000| Complete 
| 189|0x00000000cbd00000, 0x00000000cbe00000, 0x00000000cbe00000|100%|HS|  |TAMS 0x00000000cbd00000| PB 0x00000000cbd00000| Complete 
| 190|0x00000000cbe00000, 0x00000000cbf00000, 0x00000000cbf00000|100%|HC|  |TAMS 0x00000000cbe00000| PB 0x00000000cbe00000| Complete 
| 191|0x00000000cbf00000, 0x00000000cc000000, 0x00000000cc000000|100%| O|  |TAMS 0x00000000cbf00000| PB 0x00000000cbf00000| Untracked 
| 192|0x00000000cc000000, 0x00000000cc100000, 0x00000000cc100000|100%|HS|  |TAMS 0x00000000cc000000| PB 0x00000000cc000000| Complete 
| 193|0x00000000cc100000, 0x00000000cc200000, 0x00000000cc200000|100%|HC|  |TAMS 0x00000000cc100000| PB 0x00000000cc100000| Complete 
| 194|0x00000000cc200000, 0x00000000cc300000, 0x00000000cc300000|100%|HS|  |TAMS 0x00000000cc200000| PB 0x00000000cc200000| Complete 
| 195|0x00000000cc300000, 0x00000000cc400000, 0x00000000cc400000|100%|HC|  |TAMS 0x00000000cc300000| PB 0x00000000cc300000| Complete 
| 196|0x00000000cc400000, 0x00000000cc500000, 0x00000000cc500000|100%|HS|  |TAMS 0x00000000cc400000| PB 0x00000000cc400000| Complete 
| 197|0x00000000cc500000, 0x00000000cc600000, 0x00000000cc600000|100%|HS|  |TAMS 0x00000000cc500000| PB 0x00000000cc500000| Complete 
| 198|0x00000000cc600000, 0x00000000cc700000, 0x00000000cc700000|100%|HS|  |TAMS 0x00000000cc600000| PB 0x00000000cc600000| Complete 
| 199|0x00000000cc700000, 0x00000000cc800000, 0x00000000cc800000|100%|HS|  |TAMS 0x00000000cc700000| PB 0x00000000cc700000| Complete 
| 200|0x00000000cc800000, 0x00000000cc800000, 0x00000000cc900000|  0%| F|  |TAMS 0x00000000cc800000| PB 0x00000000cc800000| Untracked 
| 201|0x00000000cc900000, 0x00000000cc900000, 0x00000000cca00000|  0%| F|  |TAMS 0x00000000cc900000| PB 0x00000000cc900000| Untracked 
| 202|0x00000000cca00000, 0x00000000cca00000, 0x00000000ccb00000|  0%| F|  |TAMS 0x00000000cca00000| PB 0x00000000cca00000| Untracked 
| 203|0x00000000ccb00000, 0x00000000ccb00000, 0x00000000ccc00000|  0%| F|  |TAMS 0x00000000ccb00000| PB 0x00000000ccb00000| Untracked 
| 204|0x00000000ccc00000, 0x00000000ccc00000, 0x00000000ccd00000|  0%| F|  |TAMS 0x00000000ccc00000| PB 0x00000000ccc00000| Untracked 
| 205|0x00000000ccd00000, 0x00000000ccd00000, 0x00000000cce00000|  0%| F|  |TAMS 0x00000000ccd00000| PB 0x00000000ccd00000| Untracked 
| 206|0x00000000cce00000, 0x00000000cce00000, 0x00000000ccf00000|  0%| F|  |TAMS 0x00000000cce00000| PB 0x00000000cce00000| Untracked 
| 207|0x00000000ccf00000, 0x00000000cd000000, 0x00000000cd000000|100%| S|CS|TAMS 0x00000000ccf00000| PB 0x00000000ccf00000| Complete 
| 208|0x00000000cd000000, 0x00000000cd100000, 0x00000000cd100000|100%| S|CS|TAMS 0x00000000cd000000| PB 0x00000000cd000000| Complete 
| 209|0x00000000cd100000, 0x00000000cd200000, 0x00000000cd200000|100%| S|CS|TAMS 0x00000000cd100000| PB 0x00000000cd100000| Complete 
| 210|0x00000000cd200000, 0x00000000cd300000, 0x00000000cd300000|100%| S|CS|TAMS 0x00000000cd200000| PB 0x00000000cd200000| Complete 
| 211|0x00000000cd300000, 0x00000000cd400000, 0x00000000cd400000|100%| S|CS|TAMS 0x00000000cd300000| PB 0x00000000cd300000| Complete 
| 212|0x00000000cd400000, 0x00000000cd500000, 0x00000000cd500000|100%| S|CS|TAMS 0x00000000cd400000| PB 0x00000000cd400000| Complete 
| 213|0x00000000cd500000, 0x00000000cd600000, 0x00000000cd600000|100%| S|CS|TAMS 0x00000000cd500000| PB 0x00000000cd500000| Complete 
| 214|0x00000000cd600000, 0x00000000cd700000, 0x00000000cd700000|100%| S|CS|TAMS 0x00000000cd600000| PB 0x00000000cd600000| Complete 
| 215|0x00000000cd700000, 0x00000000cd800000, 0x00000000cd800000|100%| S|CS|TAMS 0x00000000cd700000| PB 0x00000000cd700000| Complete 
| 216|0x00000000cd800000, 0x00000000cd800000, 0x00000000cd900000|  0%| F|  |TAMS 0x00000000cd800000| PB 0x00000000cd800000| Untracked 
| 217|0x00000000cd900000, 0x00000000cd900000, 0x00000000cda00000|  0%| F|  |TAMS 0x00000000cd900000| PB 0x00000000cd900000| Untracked 
| 218|0x00000000cda00000, 0x00000000cda00000, 0x00000000cdb00000|  0%| F|  |TAMS 0x00000000cda00000| PB 0x00000000cda00000| Untracked 
| 219|0x00000000cdb00000, 0x00000000cdb00000, 0x00000000cdc00000|  0%| F|  |TAMS 0x00000000cdb00000| PB 0x00000000cdb00000| Untracked 
| 220|0x00000000cdc00000, 0x00000000cdc00000, 0x00000000cdd00000|  0%| F|  |TAMS 0x00000000cdc00000| PB 0x00000000cdc00000| Untracked 
| 221|0x00000000cdd00000, 0x00000000cde00000, 0x00000000cde00000|100%| S|CS|TAMS 0x00000000cdd00000| PB 0x00000000cdd00000| Complete 
| 222|0x00000000cde00000, 0x00000000cdf00000, 0x00000000cdf00000|100%| S|CS|TAMS 0x00000000cde00000| PB 0x00000000cde00000| Complete 
| 223|0x00000000cdf00000, 0x00000000ce000000, 0x00000000ce000000|100%| S|CS|TAMS 0x00000000cdf00000| PB 0x00000000cdf00000| Complete 
| 224|0x00000000ce000000, 0x00000000ce100000, 0x00000000ce100000|100%| S|CS|TAMS 0x00000000ce000000| PB 0x00000000ce000000| Complete 
| 225|0x00000000ce100000, 0x00000000ce200000, 0x00000000ce200000|100%| S|CS|TAMS 0x00000000ce100000| PB 0x00000000ce100000| Complete 
| 226|0x00000000ce200000, 0x00000000ce300000, 0x00000000ce300000|100%| S|CS|TAMS 0x00000000ce200000| PB 0x00000000ce200000| Complete 
| 227|0x00000000ce300000, 0x00000000ce400000, 0x00000000ce400000|100%| S|CS|TAMS 0x00000000ce300000| PB 0x00000000ce300000| Complete 
| 228|0x00000000ce400000, 0x00000000ce500000, 0x00000000ce500000|100%| S|CS|TAMS 0x00000000ce400000| PB 0x00000000ce400000| Complete 
| 229|0x00000000ce500000, 0x00000000ce600000, 0x00000000ce600000|100%| S|CS|TAMS 0x00000000ce500000| PB 0x00000000ce500000| Complete 
| 230|0x00000000ce600000, 0x00000000ce700000, 0x00000000ce700000|100%| S|CS|TAMS 0x00000000ce600000| PB 0x00000000ce600000| Complete 
| 231|0x00000000ce700000, 0x00000000ce800000, 0x00000000ce800000|100%| S|CS|TAMS 0x00000000ce700000| PB 0x00000000ce700000| Complete 
| 232|0x00000000ce800000, 0x00000000ce900000, 0x00000000ce900000|100%| S|CS|TAMS 0x00000000ce800000| PB 0x00000000ce800000| Complete 
| 233|0x00000000ce900000, 0x00000000cea00000, 0x00000000cea00000|100%| S|CS|TAMS 0x00000000ce900000| PB 0x00000000ce900000| Complete 
| 234|0x00000000cea00000, 0x00000000ceb00000, 0x00000000ceb00000|100%| S|CS|TAMS 0x00000000cea00000| PB 0x00000000cea00000| Complete 
| 235|0x00000000ceb00000, 0x00000000cec00000, 0x00000000cec00000|100%| S|CS|TAMS 0x00000000ceb00000| PB 0x00000000ceb00000| Complete 
| 236|0x00000000cec00000, 0x00000000ced00000, 0x00000000ced00000|100%| S|CS|TAMS 0x00000000cec00000| PB 0x00000000cec00000| Complete 
| 237|0x00000000ced00000, 0x00000000cee00000, 0x00000000cee00000|100%| S|CS|TAMS 0x00000000ced00000| PB 0x00000000ced00000| Complete 
| 238|0x00000000cee00000, 0x00000000cef00000, 0x00000000cef00000|100%| S|CS|TAMS 0x00000000cee00000| PB 0x00000000cee00000| Complete 
| 239|0x00000000cef00000, 0x00000000cf000000, 0x00000000cf000000|100%| S|CS|TAMS 0x00000000cef00000| PB 0x00000000cef00000| Complete 
| 240|0x00000000cf000000, 0x00000000cf100000, 0x00000000cf100000|100%| S|CS|TAMS 0x00000000cf000000| PB 0x00000000cf000000| Complete 
| 241|0x00000000cf100000, 0x00000000cf200000, 0x00000000cf200000|100%| S|CS|TAMS 0x00000000cf100000| PB 0x00000000cf100000| Complete 
| 242|0x00000000cf200000, 0x00000000cf300000, 0x00000000cf300000|100%|HS|  |TAMS 0x00000000cf200000| PB 0x00000000cf200000| Complete 
| 243|0x00000000cf300000, 0x00000000cf400000, 0x00000000cf400000|100%|HC|  |TAMS 0x00000000cf300000| PB 0x00000000cf300000| Complete 
| 244|0x00000000cf400000, 0x00000000cf500000, 0x00000000cf500000|100%| S|CS|TAMS 0x00000000cf400000| PB 0x00000000cf400000| Complete 
| 245|0x00000000cf500000, 0x00000000cf600000, 0x00000000cf600000|100%| S|CS|TAMS 0x00000000cf500000| PB 0x00000000cf500000| Complete 
| 246|0x00000000cf600000, 0x00000000cf700000, 0x00000000cf700000|100%| S|CS|TAMS 0x00000000cf600000| PB 0x00000000cf600000| Complete 
| 247|0x00000000cf700000, 0x00000000cf700000, 0x00000000cf800000|  0%| F|  |TAMS 0x00000000cf700000| PB 0x00000000cf700000| Untracked 
| 248|0x00000000cf800000, 0x00000000cf800000, 0x00000000cf900000|  0%| F|  |TAMS 0x00000000cf800000| PB 0x00000000cf800000| Untracked 
| 249|0x00000000cf900000, 0x00000000cf900000, 0x00000000cfa00000|  0%| F|  |TAMS 0x00000000cf900000| PB 0x00000000cf900000| Untracked 
| 250|0x00000000cfa00000, 0x00000000cfa00000, 0x00000000cfb00000|  0%| F|  |TAMS 0x00000000cfa00000| PB 0x00000000cfa00000| Untracked 
| 251|0x00000000cfb00000, 0x00000000cfb00000, 0x00000000cfc00000|  0%| F|  |TAMS 0x00000000cfb00000| PB 0x00000000cfb00000| Untracked 
| 252|0x00000000cfc00000, 0x00000000cfc00000, 0x00000000cfd00000|  0%| F|  |TAMS 0x00000000cfc00000| PB 0x00000000cfc00000| Untracked 
| 253|0x00000000cfd00000, 0x00000000cfd00000, 0x00000000cfe00000|  0%| F|  |TAMS 0x00000000cfd00000| PB 0x00000000cfd00000| Untracked 
| 254|0x00000000cfe00000, 0x00000000cfe00000, 0x00000000cff00000|  0%| F|  |TAMS 0x00000000cfe00000| PB 0x00000000cfe00000| Untracked 
| 255|0x00000000cff00000, 0x00000000cff00000, 0x00000000d0000000|  0%| F|  |TAMS 0x00000000cff00000| PB 0x00000000cff00000| Untracked 
| 256|0x00000000d0000000, 0x00000000d0000000, 0x00000000d0100000|  0%| F|  |TAMS 0x00000000d0000000| PB 0x00000000d0000000| Untracked 
| 257|0x00000000d0100000, 0x00000000d0100000, 0x00000000d0200000|  0%| F|  |TAMS 0x00000000d0100000| PB 0x00000000d0100000| Untracked 
| 258|0x00000000d0200000, 0x00000000d0200000, 0x00000000d0300000|  0%| F|  |TAMS 0x00000000d0200000| PB 0x00000000d0200000| Untracked 
| 259|0x00000000d0300000, 0x00000000d0300000, 0x00000000d0400000|  0%| F|  |TAMS 0x00000000d0300000| PB 0x00000000d0300000| Untracked 
| 260|0x00000000d0400000, 0x00000000d0400000, 0x00000000d0500000|  0%| F|  |TAMS 0x00000000d0400000| PB 0x00000000d0400000| Untracked 
| 261|0x00000000d0500000, 0x00000000d0500000, 0x00000000d0600000|  0%| F|  |TAMS 0x00000000d0500000| PB 0x00000000d0500000| Untracked 
| 262|0x00000000d0600000, 0x00000000d0600000, 0x00000000d0700000|  0%| F|  |TAMS 0x00000000d0600000| PB 0x00000000d0600000| Untracked 
| 263|0x00000000d0700000, 0x00000000d0700000, 0x00000000d0800000|  0%| F|  |TAMS 0x00000000d0700000| PB 0x00000000d0700000| Untracked 
| 264|0x00000000d0800000, 0x00000000d0800000, 0x00000000d0900000|  0%| F|  |TAMS 0x00000000d0800000| PB 0x00000000d0800000| Untracked 
| 265|0x00000000d0900000, 0x00000000d0900000, 0x00000000d0a00000|  0%| F|  |TAMS 0x00000000d0900000| PB 0x00000000d0900000| Untracked 
| 266|0x00000000d0a00000, 0x00000000d0a00000, 0x00000000d0b00000|  0%| F|  |TAMS 0x00000000d0a00000| PB 0x00000000d0a00000| Untracked 
| 267|0x00000000d0b00000, 0x00000000d0b00000, 0x00000000d0c00000|  0%| F|  |TAMS 0x00000000d0b00000| PB 0x00000000d0b00000| Untracked 
| 268|0x00000000d0c00000, 0x00000000d0c00000, 0x00000000d0d00000|  0%| F|  |TAMS 0x00000000d0c00000| PB 0x00000000d0c00000| Untracked 
| 269|0x00000000d0d00000, 0x00000000d0d00000, 0x00000000d0e00000|  0%| F|  |TAMS 0x00000000d0d00000| PB 0x00000000d0d00000| Untracked 
| 270|0x00000000d0e00000, 0x00000000d0e00000, 0x00000000d0f00000|  0%| F|  |TAMS 0x00000000d0e00000| PB 0x00000000d0e00000| Untracked 
| 271|0x00000000d0f00000, 0x00000000d0f00000, 0x00000000d1000000|  0%| F|  |TAMS 0x00000000d0f00000| PB 0x00000000d0f00000| Untracked 
| 272|0x00000000d1000000, 0x00000000d1000000, 0x00000000d1100000|  0%| F|  |TAMS 0x00000000d1000000| PB 0x00000000d1000000| Untracked 
| 273|0x00000000d1100000, 0x00000000d1180000, 0x00000000d1200000| 50%| E|  |TAMS 0x00000000d1100000| PB 0x00000000d1100000| Complete 
| 274|0x00000000d1200000, 0x00000000d1300000, 0x00000000d1300000|100%| E|CS|TAMS 0x00000000d1200000| PB 0x00000000d1200000| Complete 
| 275|0x00000000d1300000, 0x00000000d1400000, 0x00000000d1400000|100%|HS|  |TAMS 0x00000000d1300000| PB 0x00000000d1300000| Complete 
| 276|0x00000000d1400000, 0x00000000d1500000, 0x00000000d1500000|100%|HC|  |TAMS 0x00000000d1400000| PB 0x00000000d1400000| Complete 
| 277|0x00000000d1500000, 0x00000000d1600000, 0x00000000d1600000|100%|HC|  |TAMS 0x00000000d1500000| PB 0x00000000d1500000| Complete 
| 278|0x00000000d1600000, 0x00000000d1700000, 0x00000000d1700000|100%|HC|  |TAMS 0x00000000d1600000| PB 0x00000000d1600000| Complete 
| 279|0x00000000d1700000, 0x00000000d1800000, 0x00000000d1800000|100%|HC|  |TAMS 0x00000000d1700000| PB 0x00000000d1700000| Complete 
| 280|0x00000000d1800000, 0x00000000d1900000, 0x00000000d1900000|100%|HC|  |TAMS 0x00000000d1800000| PB 0x00000000d1800000| Complete 
| 281|0x00000000d1900000, 0x00000000d1a00000, 0x00000000d1a00000|100%|HC|  |TAMS 0x00000000d1900000| PB 0x00000000d1900000| Complete 
| 282|0x00000000d1a00000, 0x00000000d1b00000, 0x00000000d1b00000|100%| E|CS|TAMS 0x00000000d1a00000| PB 0x00000000d1a00000| Complete 
| 283|0x00000000d1b00000, 0x00000000d1c00000, 0x00000000d1c00000|100%| E|CS|TAMS 0x00000000d1b00000| PB 0x00000000d1b00000| Complete 
| 284|0x00000000d1c00000, 0x00000000d1d00000, 0x00000000d1d00000|100%| E|CS|TAMS 0x00000000d1c00000| PB 0x00000000d1c00000| Complete 
| 285|0x00000000d1d00000, 0x00000000d1e00000, 0x00000000d1e00000|100%| E|CS|TAMS 0x00000000d1d00000| PB 0x00000000d1d00000| Complete 
| 286|0x00000000d1e00000, 0x00000000d1f00000, 0x00000000d1f00000|100%| E|CS|TAMS 0x00000000d1e00000| PB 0x00000000d1e00000| Complete 
| 287|0x00000000d1f00000, 0x00000000d2000000, 0x00000000d2000000|100%| E|CS|TAMS 0x00000000d1f00000| PB 0x00000000d1f00000| Complete 
| 288|0x00000000d2000000, 0x00000000d2100000, 0x00000000d2100000|100%| E|CS|TAMS 0x00000000d2000000| PB 0x00000000d2000000| Complete 
| 289|0x00000000d2100000, 0x00000000d2200000, 0x00000000d2200000|100%| E|CS|TAMS 0x00000000d2100000| PB 0x00000000d2100000| Complete 
| 290|0x00000000d2200000, 0x00000000d2300000, 0x00000000d2300000|100%| E|CS|TAMS 0x00000000d2200000| PB 0x00000000d2200000| Complete 
| 291|0x00000000d2300000, 0x00000000d2400000, 0x00000000d2400000|100%| E|CS|TAMS 0x00000000d2300000| PB 0x00000000d2300000| Complete 
| 292|0x00000000d2400000, 0x00000000d2500000, 0x00000000d2500000|100%| E|CS|TAMS 0x00000000d2400000| PB 0x00000000d2400000| Complete 
| 293|0x00000000d2500000, 0x00000000d2600000, 0x00000000d2600000|100%| E|CS|TAMS 0x00000000d2500000| PB 0x00000000d2500000| Complete 
| 294|0x00000000d2600000, 0x00000000d2700000, 0x00000000d2700000|100%| E|  |TAMS 0x00000000d2600000| PB 0x00000000d2600000| Complete 
| 295|0x00000000d2700000, 0x00000000d2800000, 0x00000000d2800000|100%| E|CS|TAMS 0x00000000d2700000| PB 0x00000000d2700000| Complete 
| 296|0x00000000d2800000, 0x00000000d2900000, 0x00000000d2900000|100%| E|CS|TAMS 0x00000000d2800000| PB 0x00000000d2800000| Complete 
| 297|0x00000000d2900000, 0x00000000d2a00000, 0x00000000d2a00000|100%| E|CS|TAMS 0x00000000d2900000| PB 0x00000000d2900000| Complete 
| 298|0x00000000d2a00000, 0x00000000d2b00000, 0x00000000d2b00000|100%| E|CS|TAMS 0x00000000d2a00000| PB 0x00000000d2a00000| Complete 
| 299|0x00000000d2b00000, 0x00000000d2c00000, 0x00000000d2c00000|100%| E|CS|TAMS 0x00000000d2b00000| PB 0x00000000d2b00000| Complete 
| 300|0x00000000d2c00000, 0x00000000d2d00000, 0x00000000d2d00000|100%| E|CS|TAMS 0x00000000d2c00000| PB 0x00000000d2c00000| Complete 
| 301|0x00000000d2d00000, 0x00000000d2e00000, 0x00000000d2e00000|100%| E|CS|TAMS 0x00000000d2d00000| PB 0x00000000d2d00000| Complete 
| 302|0x00000000d2e00000, 0x00000000d2f00000, 0x00000000d2f00000|100%| E|CS|TAMS 0x00000000d2e00000| PB 0x00000000d2e00000| Complete 
| 303|0x00000000d2f00000, 0x00000000d3000000, 0x00000000d3000000|100%| E|CS|TAMS 0x00000000d2f00000| PB 0x00000000d2f00000| Complete 
| 304|0x00000000d3000000, 0x00000000d3100000, 0x00000000d3100000|100%| E|CS|TAMS 0x00000000d3000000| PB 0x00000000d3000000| Complete 
| 305|0x00000000d3100000, 0x00000000d3200000, 0x00000000d3200000|100%| E|CS|TAMS 0x00000000d3100000| PB 0x00000000d3100000| Complete 
| 306|0x00000000d3200000, 0x00000000d3300000, 0x00000000d3300000|100%| E|CS|TAMS 0x00000000d3200000| PB 0x00000000d3200000| Complete 
| 307|0x00000000d3300000, 0x00000000d3400000, 0x00000000d3400000|100%| E|CS|TAMS 0x00000000d3300000| PB 0x00000000d3300000| Complete 
| 308|0x00000000d3400000, 0x00000000d3500000, 0x00000000d3500000|100%| E|CS|TAMS 0x00000000d3400000| PB 0x00000000d3400000| Complete 
| 309|0x00000000d3500000, 0x00000000d3600000, 0x00000000d3600000|100%| E|CS|TAMS 0x00000000d3500000| PB 0x00000000d3500000| Complete 
| 310|0x00000000d3600000, 0x00000000d3700000, 0x00000000d3700000|100%| E|CS|TAMS 0x00000000d3600000| PB 0x00000000d3600000| Complete 
| 311|0x00000000d3700000, 0x00000000d3800000, 0x00000000d3800000|100%| E|CS|TAMS 0x00000000d3700000| PB 0x00000000d3700000| Complete 
| 312|0x00000000d3800000, 0x00000000d3900000, 0x00000000d3900000|100%| E|CS|TAMS 0x00000000d3800000| PB 0x00000000d3800000| Complete 
| 313|0x00000000d3900000, 0x00000000d3a00000, 0x00000000d3a00000|100%| E|CS|TAMS 0x00000000d3900000| PB 0x00000000d3900000| Complete 
| 314|0x00000000d3a00000, 0x00000000d3b00000, 0x00000000d3b00000|100%| E|CS|TAMS 0x00000000d3a00000| PB 0x00000000d3a00000| Complete 
| 315|0x00000000d3b00000, 0x00000000d3c00000, 0x00000000d3c00000|100%| E|CS|TAMS 0x00000000d3b00000| PB 0x00000000d3b00000| Complete 
| 316|0x00000000d3c00000, 0x00000000d3d00000, 0x00000000d3d00000|100%| E|CS|TAMS 0x00000000d3c00000| PB 0x00000000d3c00000| Complete 
| 317|0x00000000d3d00000, 0x00000000d3e00000, 0x00000000d3e00000|100%| E|CS|TAMS 0x00000000d3d00000| PB 0x00000000d3d00000| Complete 
| 318|0x00000000d3e00000, 0x00000000d3f00000, 0x00000000d3f00000|100%| E|CS|TAMS 0x00000000d3e00000| PB 0x00000000d3e00000| Complete 
| 319|0x00000000d3f00000, 0x00000000d4000000, 0x00000000d4000000|100%| E|CS|TAMS 0x00000000d3f00000| PB 0x00000000d3f00000| Complete 
| 320|0x00000000d4000000, 0x00000000d4100000, 0x00000000d4100000|100%| E|CS|TAMS 0x00000000d4000000| PB 0x00000000d4000000| Complete 
| 321|0x00000000d4100000, 0x00000000d4200000, 0x00000000d4200000|100%| E|CS|TAMS 0x00000000d4100000| PB 0x00000000d4100000| Complete 
| 322|0x00000000d4200000, 0x00000000d4300000, 0x00000000d4300000|100%| E|CS|TAMS 0x00000000d4200000| PB 0x00000000d4200000| Complete 
| 323|0x00000000d4300000, 0x00000000d4400000, 0x00000000d4400000|100%| E|CS|TAMS 0x00000000d4300000| PB 0x00000000d4300000| Complete 
| 324|0x00000000d4400000, 0x00000000d4500000, 0x00000000d4500000|100%| E|CS|TAMS 0x00000000d4400000| PB 0x00000000d4400000| Complete 
| 325|0x00000000d4500000, 0x00000000d4600000, 0x00000000d4600000|100%| E|CS|TAMS 0x00000000d4500000| PB 0x00000000d4500000| Complete 
| 326|0x00000000d4600000, 0x00000000d4700000, 0x00000000d4700000|100%| E|CS|TAMS 0x00000000d4600000| PB 0x00000000d4600000| Complete 
| 327|0x00000000d4700000, 0x00000000d4800000, 0x00000000d4800000|100%| E|CS|TAMS 0x00000000d4700000| PB 0x00000000d4700000| Complete 
| 328|0x00000000d4800000, 0x00000000d4900000, 0x00000000d4900000|100%| E|CS|TAMS 0x00000000d4800000| PB 0x00000000d4800000| Complete 
| 329|0x00000000d4900000, 0x00000000d4a00000, 0x00000000d4a00000|100%| E|CS|TAMS 0x00000000d4900000| PB 0x00000000d4900000| Complete 
| 330|0x00000000d4a00000, 0x00000000d4b00000, 0x00000000d4b00000|100%| E|CS|TAMS 0x00000000d4a00000| PB 0x00000000d4a00000| Complete 
| 331|0x00000000d4b00000, 0x00000000d4c00000, 0x00000000d4c00000|100%| E|CS|TAMS 0x00000000d4b00000| PB 0x00000000d4b00000| Complete 
| 332|0x00000000d4c00000, 0x00000000d4d00000, 0x00000000d4d00000|100%| E|CS|TAMS 0x00000000d4c00000| PB 0x00000000d4c00000| Complete 
| 333|0x00000000d4d00000, 0x00000000d4e00000, 0x00000000d4e00000|100%| E|CS|TAMS 0x00000000d4d00000| PB 0x00000000d4d00000| Complete 
| 334|0x00000000d4e00000, 0x00000000d4f00000, 0x00000000d4f00000|100%| E|CS|TAMS 0x00000000d4e00000| PB 0x00000000d4e00000| Complete 
| 335|0x00000000d4f00000, 0x00000000d5000000, 0x00000000d5000000|100%| E|CS|TAMS 0x00000000d4f00000| PB 0x00000000d4f00000| Complete 
| 336|0x00000000d5000000, 0x00000000d5100000, 0x00000000d5100000|100%| E|CS|TAMS 0x00000000d5000000| PB 0x00000000d5000000| Complete 
| 337|0x00000000d5100000, 0x00000000d5200000, 0x00000000d5200000|100%| E|CS|TAMS 0x00000000d5100000| PB 0x00000000d5100000| Complete 
| 338|0x00000000d5200000, 0x00000000d5300000, 0x00000000d5300000|100%| E|CS|TAMS 0x00000000d5200000| PB 0x00000000d5200000| Complete 
| 339|0x00000000d5300000, 0x00000000d5400000, 0x00000000d5400000|100%| E|CS|TAMS 0x00000000d5300000| PB 0x00000000d5300000| Complete 
| 340|0x00000000d5400000, 0x00000000d5500000, 0x00000000d5500000|100%| E|CS|TAMS 0x00000000d5400000| PB 0x00000000d5400000| Complete 
| 341|0x00000000d5500000, 0x00000000d5600000, 0x00000000d5600000|100%| E|CS|TAMS 0x00000000d5500000| PB 0x00000000d5500000| Complete 
| 342|0x00000000d5600000, 0x00000000d5700000, 0x00000000d5700000|100%| E|CS|TAMS 0x00000000d5600000| PB 0x00000000d5600000| Complete 
| 343|0x00000000d5700000, 0x00000000d5800000, 0x00000000d5800000|100%| E|CS|TAMS 0x00000000d5700000| PB 0x00000000d5700000| Complete 
| 344|0x00000000d5800000, 0x00000000d5900000, 0x00000000d5900000|100%| E|CS|TAMS 0x00000000d5800000| PB 0x00000000d5800000| Complete 
| 345|0x00000000d5900000, 0x00000000d5a00000, 0x00000000d5a00000|100%| E|CS|TAMS 0x00000000d5900000| PB 0x00000000d5900000| Complete 
| 346|0x00000000d5a00000, 0x00000000d5b00000, 0x00000000d5b00000|100%| E|CS|TAMS 0x00000000d5a00000| PB 0x00000000d5a00000| Complete 
| 347|0x00000000d5b00000, 0x00000000d5c00000, 0x00000000d5c00000|100%| E|CS|TAMS 0x00000000d5b00000| PB 0x00000000d5b00000| Complete 
| 348|0x00000000d5c00000, 0x00000000d5d00000, 0x00000000d5d00000|100%| E|CS|TAMS 0x00000000d5c00000| PB 0x00000000d5c00000| Complete 
| 349|0x00000000d5d00000, 0x00000000d5e00000, 0x00000000d5e00000|100%| E|CS|TAMS 0x00000000d5d00000| PB 0x00000000d5d00000| Complete 
| 350|0x00000000d5e00000, 0x00000000d5f00000, 0x00000000d5f00000|100%| E|CS|TAMS 0x00000000d5e00000| PB 0x00000000d5e00000| Complete 
| 351|0x00000000d5f00000, 0x00000000d6000000, 0x00000000d6000000|100%| E|CS|TAMS 0x00000000d5f00000| PB 0x00000000d5f00000| Complete 
| 352|0x00000000d6000000, 0x00000000d6100000, 0x00000000d6100000|100%| E|CS|TAMS 0x00000000d6000000| PB 0x00000000d6000000| Complete 
| 353|0x00000000d6100000, 0x00000000d6200000, 0x00000000d6200000|100%| E|CS|TAMS 0x00000000d6100000| PB 0x00000000d6100000| Complete 
| 354|0x00000000d6200000, 0x00000000d6300000, 0x00000000d6300000|100%| E|CS|TAMS 0x00000000d6200000| PB 0x00000000d6200000| Complete 
| 355|0x00000000d6300000, 0x00000000d6400000, 0x00000000d6400000|100%| E|CS|TAMS 0x00000000d6300000| PB 0x00000000d6300000| Complete 
| 356|0x00000000d6400000, 0x00000000d6500000, 0x00000000d6500000|100%| E|CS|TAMS 0x00000000d6400000| PB 0x00000000d6400000| Complete 
| 357|0x00000000d6500000, 0x00000000d6600000, 0x00000000d6600000|100%| E|CS|TAMS 0x00000000d6500000| PB 0x00000000d6500000| Complete 
| 358|0x00000000d6600000, 0x00000000d6700000, 0x00000000d6700000|100%| E|CS|TAMS 0x00000000d6600000| PB 0x00000000d6600000| Complete 
| 359|0x00000000d6700000, 0x00000000d6800000, 0x00000000d6800000|100%| E|CS|TAMS 0x00000000d6700000| PB 0x00000000d6700000| Complete 
| 360|0x00000000d6800000, 0x00000000d6900000, 0x00000000d6900000|100%| E|CS|TAMS 0x00000000d6800000| PB 0x00000000d6800000| Complete 
| 361|0x00000000d6900000, 0x00000000d6a00000, 0x00000000d6a00000|100%| E|CS|TAMS 0x00000000d6900000| PB 0x00000000d6900000| Complete 
| 362|0x00000000d6a00000, 0x00000000d6b00000, 0x00000000d6b00000|100%| E|CS|TAMS 0x00000000d6a00000| PB 0x00000000d6a00000| Complete 
| 363|0x00000000d6b00000, 0x00000000d6c00000, 0x00000000d6c00000|100%| E|CS|TAMS 0x00000000d6b00000| PB 0x00000000d6b00000| Complete 
| 364|0x00000000d6c00000, 0x00000000d6d00000, 0x00000000d6d00000|100%| E|CS|TAMS 0x00000000d6c00000| PB 0x00000000d6c00000| Complete 
| 365|0x00000000d6d00000, 0x00000000d6e00000, 0x00000000d6e00000|100%| E|CS|TAMS 0x00000000d6d00000| PB 0x00000000d6d00000| Complete 
| 366|0x00000000d6e00000, 0x00000000d6f00000, 0x00000000d6f00000|100%| E|CS|TAMS 0x00000000d6e00000| PB 0x00000000d6e00000| Complete 
| 367|0x00000000d6f00000, 0x00000000d7000000, 0x00000000d7000000|100%| E|CS|TAMS 0x00000000d6f00000| PB 0x00000000d6f00000| Complete 
| 368|0x00000000d7000000, 0x00000000d7100000, 0x00000000d7100000|100%| E|CS|TAMS 0x00000000d7000000| PB 0x00000000d7000000| Complete 
| 369|0x00000000d7100000, 0x00000000d7200000, 0x00000000d7200000|100%| E|CS|TAMS 0x00000000d7100000| PB 0x00000000d7100000| Complete 
| 370|0x00000000d7200000, 0x00000000d7300000, 0x00000000d7300000|100%| E|CS|TAMS 0x00000000d7200000| PB 0x00000000d7200000| Complete 
| 371|0x00000000d7300000, 0x00000000d7400000, 0x00000000d7400000|100%| E|CS|TAMS 0x00000000d7300000| PB 0x00000000d7300000| Complete 
| 372|0x00000000d7400000, 0x00000000d7500000, 0x00000000d7500000|100%| E|CS|TAMS 0x00000000d7400000| PB 0x00000000d7400000| Complete 
| 373|0x00000000d7500000, 0x00000000d7600000, 0x00000000d7600000|100%| E|CS|TAMS 0x00000000d7500000| PB 0x00000000d7500000| Complete 
| 374|0x00000000d7600000, 0x00000000d7700000, 0x00000000d7700000|100%| E|CS|TAMS 0x00000000d7600000| PB 0x00000000d7600000| Complete 
| 375|0x00000000d7700000, 0x00000000d7800000, 0x00000000d7800000|100%| E|CS|TAMS 0x00000000d7700000| PB 0x00000000d7700000| Complete 
| 376|0x00000000d7800000, 0x00000000d7900000, 0x00000000d7900000|100%| E|CS|TAMS 0x00000000d7800000| PB 0x00000000d7800000| Complete 
| 377|0x00000000d7900000, 0x00000000d7a00000, 0x00000000d7a00000|100%| E|CS|TAMS 0x00000000d7900000| PB 0x00000000d7900000| Complete 
| 378|0x00000000d7a00000, 0x00000000d7b00000, 0x00000000d7b00000|100%| E|CS|TAMS 0x00000000d7a00000| PB 0x00000000d7a00000| Complete 
| 379|0x00000000d7b00000, 0x00000000d7c00000, 0x00000000d7c00000|100%| E|CS|TAMS 0x00000000d7b00000| PB 0x00000000d7b00000| Complete 
| 380|0x00000000d7c00000, 0x00000000d7d00000, 0x00000000d7d00000|100%| E|CS|TAMS 0x00000000d7c00000| PB 0x00000000d7c00000| Complete 
| 381|0x00000000d7d00000, 0x00000000d7e00000, 0x00000000d7e00000|100%| E|CS|TAMS 0x00000000d7d00000| PB 0x00000000d7d00000| Complete 
| 382|0x00000000d7e00000, 0x00000000d7f00000, 0x00000000d7f00000|100%| E|CS|TAMS 0x00000000d7e00000| PB 0x00000000d7e00000| Complete 
| 383|0x00000000d7f00000, 0x00000000d8000000, 0x00000000d8000000|100%| E|CS|TAMS 0x00000000d7f00000| PB 0x00000000d7f00000| Complete 
| 384|0x00000000d8000000, 0x00000000d8100000, 0x00000000d8100000|100%| E|CS|TAMS 0x00000000d8000000| PB 0x00000000d8000000| Complete 
| 385|0x00000000d8100000, 0x00000000d8200000, 0x00000000d8200000|100%| E|CS|TAMS 0x00000000d8100000| PB 0x00000000d8100000| Complete 
| 386|0x00000000d8200000, 0x00000000d8300000, 0x00000000d8300000|100%| E|CS|TAMS 0x00000000d8200000| PB 0x00000000d8200000| Complete 
| 387|0x00000000d8300000, 0x00000000d8400000, 0x00000000d8400000|100%| E|CS|TAMS 0x00000000d8300000| PB 0x00000000d8300000| Complete 
| 388|0x00000000d8400000, 0x00000000d8500000, 0x00000000d8500000|100%| E|CS|TAMS 0x00000000d8400000| PB 0x00000000d8400000| Complete 
| 389|0x00000000d8500000, 0x00000000d8600000, 0x00000000d8600000|100%| E|CS|TAMS 0x00000000d8500000| PB 0x00000000d8500000| Complete 
| 390|0x00000000d8600000, 0x00000000d8700000, 0x00000000d8700000|100%| E|CS|TAMS 0x00000000d8600000| PB 0x00000000d8600000| Complete 
| 391|0x00000000d8700000, 0x00000000d8800000, 0x00000000d8800000|100%| E|CS|TAMS 0x00000000d8700000| PB 0x00000000d8700000| Complete 
| 392|0x00000000d8800000, 0x00000000d8900000, 0x00000000d8900000|100%| E|CS|TAMS 0x00000000d8800000| PB 0x00000000d8800000| Complete 
| 393|0x00000000d8900000, 0x00000000d8a00000, 0x00000000d8a00000|100%| E|CS|TAMS 0x00000000d8900000| PB 0x00000000d8900000| Complete 
| 394|0x00000000d8a00000, 0x00000000d8b00000, 0x00000000d8b00000|100%| E|CS|TAMS 0x00000000d8a00000| PB 0x00000000d8a00000| Complete 
| 395|0x00000000d8b00000, 0x00000000d8c00000, 0x00000000d8c00000|100%| E|CS|TAMS 0x00000000d8b00000| PB 0x00000000d8b00000| Complete 
| 396|0x00000000d8c00000, 0x00000000d8d00000, 0x00000000d8d00000|100%| E|CS|TAMS 0x00000000d8c00000| PB 0x00000000d8c00000| Complete 
| 397|0x00000000d8d00000, 0x00000000d8e00000, 0x00000000d8e00000|100%| E|CS|TAMS 0x00000000d8d00000| PB 0x00000000d8d00000| Complete 
| 398|0x00000000d8e00000, 0x00000000d8f00000, 0x00000000d8f00000|100%| E|CS|TAMS 0x00000000d8e00000| PB 0x00000000d8e00000| Complete 
| 399|0x00000000d8f00000, 0x00000000d9000000, 0x00000000d9000000|100%| E|CS|TAMS 0x00000000d8f00000| PB 0x00000000d8f00000| Complete 
| 400|0x00000000d9000000, 0x00000000d9100000, 0x00000000d9100000|100%| E|CS|TAMS 0x00000000d9000000| PB 0x00000000d9000000| Complete 
| 401|0x00000000d9100000, 0x00000000d9200000, 0x00000000d9200000|100%| E|CS|TAMS 0x00000000d9100000| PB 0x00000000d9100000| Complete 
| 402|0x00000000d9200000, 0x00000000d9300000, 0x00000000d9300000|100%| E|CS|TAMS 0x00000000d9200000| PB 0x00000000d9200000| Complete 
| 403|0x00000000d9300000, 0x00000000d9400000, 0x00000000d9400000|100%| E|CS|TAMS 0x00000000d9300000| PB 0x00000000d9300000| Complete 
| 404|0x00000000d9400000, 0x00000000d9500000, 0x00000000d9500000|100%| E|CS|TAMS 0x00000000d9400000| PB 0x00000000d9400000| Complete 
| 405|0x00000000d9500000, 0x00000000d9600000, 0x00000000d9600000|100%| E|CS|TAMS 0x00000000d9500000| PB 0x00000000d9500000| Complete 
| 406|0x00000000d9600000, 0x00000000d9700000, 0x00000000d9700000|100%| E|CS|TAMS 0x00000000d9600000| PB 0x00000000d9600000| Complete 
| 407|0x00000000d9700000, 0x00000000d9800000, 0x00000000d9800000|100%| E|CS|TAMS 0x00000000d9700000| PB 0x00000000d9700000| Complete 
| 408|0x00000000d9800000, 0x00000000d9900000, 0x00000000d9900000|100%| E|CS|TAMS 0x00000000d9800000| PB 0x00000000d9800000| Complete 
| 409|0x00000000d9900000, 0x00000000d9a00000, 0x00000000d9a00000|100%| E|CS|TAMS 0x00000000d9900000| PB 0x00000000d9900000| Complete 
| 410|0x00000000d9a00000, 0x00000000d9b00000, 0x00000000d9b00000|100%| E|CS|TAMS 0x00000000d9a00000| PB 0x00000000d9a00000| Complete 
| 411|0x00000000d9b00000, 0x00000000d9c00000, 0x00000000d9c00000|100%| E|CS|TAMS 0x00000000d9b00000| PB 0x00000000d9b00000| Complete 
| 412|0x00000000d9c00000, 0x00000000d9d00000, 0x00000000d9d00000|100%| E|CS|TAMS 0x00000000d9c00000| PB 0x00000000d9c00000| Complete 
| 413|0x00000000d9d00000, 0x00000000d9e00000, 0x00000000d9e00000|100%| E|CS|TAMS 0x00000000d9d00000| PB 0x00000000d9d00000| Complete 
| 414|0x00000000d9e00000, 0x00000000d9f00000, 0x00000000d9f00000|100%| E|CS|TAMS 0x00000000d9e00000| PB 0x00000000d9e00000| Complete 
| 415|0x00000000d9f00000, 0x00000000da000000, 0x00000000da000000|100%| E|CS|TAMS 0x00000000d9f00000| PB 0x00000000d9f00000| Complete 
| 416|0x00000000da000000, 0x00000000da100000, 0x00000000da100000|100%| E|CS|TAMS 0x00000000da000000| PB 0x00000000da000000| Complete 
| 417|0x00000000da100000, 0x00000000da200000, 0x00000000da200000|100%| E|CS|TAMS 0x00000000da100000| PB 0x00000000da100000| Complete 
| 418|0x00000000da200000, 0x00000000da300000, 0x00000000da300000|100%| E|CS|TAMS 0x00000000da200000| PB 0x00000000da200000| Complete 
| 419|0x00000000da300000, 0x00000000da400000, 0x00000000da400000|100%| E|CS|TAMS 0x00000000da300000| PB 0x00000000da300000| Complete 
| 420|0x00000000da400000, 0x00000000da500000, 0x00000000da500000|100%| E|CS|TAMS 0x00000000da400000| PB 0x00000000da400000| Complete 
| 421|0x00000000da500000, 0x00000000da600000, 0x00000000da600000|100%| E|CS|TAMS 0x00000000da500000| PB 0x00000000da500000| Complete 
| 422|0x00000000da600000, 0x00000000da700000, 0x00000000da700000|100%| E|CS|TAMS 0x00000000da600000| PB 0x00000000da600000| Complete 
| 423|0x00000000da700000, 0x00000000da800000, 0x00000000da800000|100%| E|CS|TAMS 0x00000000da700000| PB 0x00000000da700000| Complete 
| 424|0x00000000da800000, 0x00000000da900000, 0x00000000da900000|100%| E|CS|TAMS 0x00000000da800000| PB 0x00000000da800000| Complete 
| 425|0x00000000da900000, 0x00000000daa00000, 0x00000000daa00000|100%| E|CS|TAMS 0x00000000da900000| PB 0x00000000da900000| Complete 
| 426|0x00000000daa00000, 0x00000000dab00000, 0x00000000dab00000|100%| E|CS|TAMS 0x00000000daa00000| PB 0x00000000daa00000| Complete 
| 427|0x00000000dab00000, 0x00000000dac00000, 0x00000000dac00000|100%| E|CS|TAMS 0x00000000dab00000| PB 0x00000000dab00000| Complete 
| 428|0x00000000dac00000, 0x00000000dad00000, 0x00000000dad00000|100%| E|CS|TAMS 0x00000000dac00000| PB 0x00000000dac00000| Complete 
| 429|0x00000000dad00000, 0x00000000dae00000, 0x00000000dae00000|100%| E|CS|TAMS 0x00000000dad00000| PB 0x00000000dad00000| Complete 
| 430|0x00000000dae00000, 0x00000000daf00000, 0x00000000daf00000|100%| E|CS|TAMS 0x00000000dae00000| PB 0x00000000dae00000| Complete 
| 431|0x00000000daf00000, 0x00000000db000000, 0x00000000db000000|100%| E|CS|TAMS 0x00000000daf00000| PB 0x00000000daf00000| Complete 
| 432|0x00000000db000000, 0x00000000db100000, 0x00000000db100000|100%| E|CS|TAMS 0x00000000db000000| PB 0x00000000db000000| Complete 
| 433|0x00000000db100000, 0x00000000db200000, 0x00000000db200000|100%| E|CS|TAMS 0x00000000db100000| PB 0x00000000db100000| Complete 
| 434|0x00000000db200000, 0x00000000db300000, 0x00000000db300000|100%| E|CS|TAMS 0x00000000db200000| PB 0x00000000db200000| Complete 
| 435|0x00000000db300000, 0x00000000db400000, 0x00000000db400000|100%| E|CS|TAMS 0x00000000db300000| PB 0x00000000db300000| Complete 
| 436|0x00000000db400000, 0x00000000db500000, 0x00000000db500000|100%| E|CS|TAMS 0x00000000db400000| PB 0x00000000db400000| Complete 
| 437|0x00000000db500000, 0x00000000db600000, 0x00000000db600000|100%| E|CS|TAMS 0x00000000db500000| PB 0x00000000db500000| Complete 
| 438|0x00000000db600000, 0x00000000db700000, 0x00000000db700000|100%| E|CS|TAMS 0x00000000db600000| PB 0x00000000db600000| Complete 
| 439|0x00000000db700000, 0x00000000db800000, 0x00000000db800000|100%| E|CS|TAMS 0x00000000db700000| PB 0x00000000db700000| Complete 
| 440|0x00000000db800000, 0x00000000db900000, 0x00000000db900000|100%| E|CS|TAMS 0x00000000db800000| PB 0x00000000db800000| Complete 
| 441|0x00000000db900000, 0x00000000dba00000, 0x00000000dba00000|100%| E|CS|TAMS 0x00000000db900000| PB 0x00000000db900000| Complete 
| 442|0x00000000dba00000, 0x00000000dbb00000, 0x00000000dbb00000|100%| E|CS|TAMS 0x00000000dba00000| PB 0x00000000dba00000| Complete 
| 443|0x00000000dbb00000, 0x00000000dbc00000, 0x00000000dbc00000|100%| E|CS|TAMS 0x00000000dbb00000| PB 0x00000000dbb00000| Complete 
| 444|0x00000000dbc00000, 0x00000000dbd00000, 0x00000000dbd00000|100%| E|CS|TAMS 0x00000000dbc00000| PB 0x00000000dbc00000| Complete 
| 445|0x00000000dbd00000, 0x00000000dbe00000, 0x00000000dbe00000|100%| E|CS|TAMS 0x00000000dbd00000| PB 0x00000000dbd00000| Complete 
| 446|0x00000000dbe00000, 0x00000000dbf00000, 0x00000000dbf00000|100%| E|CS|TAMS 0x00000000dbe00000| PB 0x00000000dbe00000| Complete 
| 447|0x00000000dbf00000, 0x00000000dc000000, 0x00000000dc000000|100%| E|CS|TAMS 0x00000000dbf00000| PB 0x00000000dbf00000| Complete 
| 448|0x00000000dc000000, 0x00000000dc100000, 0x00000000dc100000|100%| E|CS|TAMS 0x00000000dc000000| PB 0x00000000dc000000| Complete 
| 449|0x00000000dc100000, 0x00000000dc200000, 0x00000000dc200000|100%| E|CS|TAMS 0x00000000dc100000| PB 0x00000000dc100000| Complete 
| 450|0x00000000dc200000, 0x00000000dc300000, 0x00000000dc300000|100%| E|CS|TAMS 0x00000000dc200000| PB 0x00000000dc200000| Complete 
| 451|0x00000000dc300000, 0x00000000dc400000, 0x00000000dc400000|100%| E|CS|TAMS 0x00000000dc300000| PB 0x00000000dc300000| Complete 
| 452|0x00000000dc400000, 0x00000000dc500000, 0x00000000dc500000|100%| E|CS|TAMS 0x00000000dc400000| PB 0x00000000dc400000| Complete 
| 453|0x00000000dc500000, 0x00000000dc600000, 0x00000000dc600000|100%| E|CS|TAMS 0x00000000dc500000| PB 0x00000000dc500000| Complete 
| 454|0x00000000dc600000, 0x00000000dc700000, 0x00000000dc700000|100%| E|CS|TAMS 0x00000000dc600000| PB 0x00000000dc600000| Complete 
| 455|0x00000000dc700000, 0x00000000dc800000, 0x00000000dc800000|100%| E|CS|TAMS 0x00000000dc700000| PB 0x00000000dc700000| Complete 
| 456|0x00000000dc800000, 0x00000000dc900000, 0x00000000dc900000|100%| E|CS|TAMS 0x00000000dc800000| PB 0x00000000dc800000| Complete 
| 457|0x00000000dc900000, 0x00000000dca00000, 0x00000000dca00000|100%| E|CS|TAMS 0x00000000dc900000| PB 0x00000000dc900000| Complete 
| 458|0x00000000dca00000, 0x00000000dcb00000, 0x00000000dcb00000|100%| E|CS|TAMS 0x00000000dca00000| PB 0x00000000dca00000| Complete 
| 459|0x00000000dcb00000, 0x00000000dcc00000, 0x00000000dcc00000|100%| E|CS|TAMS 0x00000000dcb00000| PB 0x00000000dcb00000| Complete 
| 460|0x00000000dcc00000, 0x00000000dcd00000, 0x00000000dcd00000|100%| E|CS|TAMS 0x00000000dcc00000| PB 0x00000000dcc00000| Complete 
| 461|0x00000000dcd00000, 0x00000000dce00000, 0x00000000dce00000|100%| E|CS|TAMS 0x00000000dcd00000| PB 0x00000000dcd00000| Complete 
| 462|0x00000000dce00000, 0x00000000dcf00000, 0x00000000dcf00000|100%| E|CS|TAMS 0x00000000dce00000| PB 0x00000000dce00000| Complete 
| 463|0x00000000dcf00000, 0x00000000dd000000, 0x00000000dd000000|100%| E|CS|TAMS 0x00000000dcf00000| PB 0x00000000dcf00000| Complete 
| 464|0x00000000dd000000, 0x00000000dd100000, 0x00000000dd100000|100%| E|CS|TAMS 0x00000000dd000000| PB 0x00000000dd000000| Complete 
| 465|0x00000000dd100000, 0x00000000dd200000, 0x00000000dd200000|100%| E|CS|TAMS 0x00000000dd100000| PB 0x00000000dd100000| Complete 
| 466|0x00000000dd200000, 0x00000000dd300000, 0x00000000dd300000|100%| E|CS|TAMS 0x00000000dd200000| PB 0x00000000dd200000| Complete 
| 467|0x00000000dd300000, 0x00000000dd400000, 0x00000000dd400000|100%| E|CS|TAMS 0x00000000dd300000| PB 0x00000000dd300000| Complete 
| 468|0x00000000dd400000, 0x00000000dd500000, 0x00000000dd500000|100%| E|CS|TAMS 0x00000000dd400000| PB 0x00000000dd400000| Complete 
| 469|0x00000000dd500000, 0x00000000dd600000, 0x00000000dd600000|100%| E|CS|TAMS 0x00000000dd500000| PB 0x00000000dd500000| Complete 
| 470|0x00000000dd600000, 0x00000000dd700000, 0x00000000dd700000|100%| E|CS|TAMS 0x00000000dd600000| PB 0x00000000dd600000| Complete 
| 471|0x00000000dd700000, 0x00000000dd800000, 0x00000000dd800000|100%| E|CS|TAMS 0x00000000dd700000| PB 0x00000000dd700000| Complete 
| 472|0x00000000dd800000, 0x00000000dd900000, 0x00000000dd900000|100%| E|CS|TAMS 0x00000000dd800000| PB 0x00000000dd800000| Complete 
| 473|0x00000000dd900000, 0x00000000dda00000, 0x00000000dda00000|100%| E|CS|TAMS 0x00000000dd900000| PB 0x00000000dd900000| Complete 
| 474|0x00000000dda00000, 0x00000000ddb00000, 0x00000000ddb00000|100%| E|CS|TAMS 0x00000000dda00000| PB 0x00000000dda00000| Complete 
| 475|0x00000000ddb00000, 0x00000000ddc00000, 0x00000000ddc00000|100%| E|CS|TAMS 0x00000000ddb00000| PB 0x00000000ddb00000| Complete 
| 476|0x00000000ddc00000, 0x00000000ddd00000, 0x00000000ddd00000|100%| E|CS|TAMS 0x00000000ddc00000| PB 0x00000000ddc00000| Complete 
| 477|0x00000000ddd00000, 0x00000000dde00000, 0x00000000dde00000|100%| E|CS|TAMS 0x00000000ddd00000| PB 0x00000000ddd00000| Complete 
| 478|0x00000000dde00000, 0x00000000ddf00000, 0x00000000ddf00000|100%| E|CS|TAMS 0x00000000dde00000| PB 0x00000000dde00000| Complete 
| 479|0x00000000ddf00000, 0x00000000de000000, 0x00000000de000000|100%| E|CS|TAMS 0x00000000ddf00000| PB 0x00000000ddf00000| Complete 
| 480|0x00000000de000000, 0x00000000de100000, 0x00000000de100000|100%| E|CS|TAMS 0x00000000de000000| PB 0x00000000de000000| Complete 
| 481|0x00000000de100000, 0x00000000de200000, 0x00000000de200000|100%| E|CS|TAMS 0x00000000de100000| PB 0x00000000de100000| Complete 
| 482|0x00000000de200000, 0x00000000de300000, 0x00000000de300000|100%| E|CS|TAMS 0x00000000de200000| PB 0x00000000de200000| Complete 
| 483|0x00000000de300000, 0x00000000de400000, 0x00000000de400000|100%| E|CS|TAMS 0x00000000de300000| PB 0x00000000de300000| Complete 
| 484|0x00000000de400000, 0x00000000de500000, 0x00000000de500000|100%| E|CS|TAMS 0x00000000de400000| PB 0x00000000de400000| Complete 
| 485|0x00000000de500000, 0x00000000de600000, 0x00000000de600000|100%| E|CS|TAMS 0x00000000de500000| PB 0x00000000de500000| Complete 
| 486|0x00000000de600000, 0x00000000de700000, 0x00000000de700000|100%| E|CS|TAMS 0x00000000de600000| PB 0x00000000de600000| Complete 
| 487|0x00000000de700000, 0x00000000de800000, 0x00000000de800000|100%| E|CS|TAMS 0x00000000de700000| PB 0x00000000de700000| Complete 
| 488|0x00000000de800000, 0x00000000de900000, 0x00000000de900000|100%| E|CS|TAMS 0x00000000de800000| PB 0x00000000de800000| Complete 
| 489|0x00000000de900000, 0x00000000dea00000, 0x00000000dea00000|100%| E|CS|TAMS 0x00000000de900000| PB 0x00000000de900000| Complete 
| 490|0x00000000dea00000, 0x00000000deb00000, 0x00000000deb00000|100%| E|CS|TAMS 0x00000000dea00000| PB 0x00000000dea00000| Complete 
| 491|0x00000000deb00000, 0x00000000dec00000, 0x00000000dec00000|100%| E|CS|TAMS 0x00000000deb00000| PB 0x00000000deb00000| Complete 
| 492|0x00000000dec00000, 0x00000000ded00000, 0x00000000ded00000|100%| E|CS|TAMS 0x00000000dec00000| PB 0x00000000dec00000| Complete 
| 493|0x00000000ded00000, 0x00000000dee00000, 0x00000000dee00000|100%| E|CS|TAMS 0x00000000ded00000| PB 0x00000000ded00000| Complete 
| 494|0x00000000dee00000, 0x00000000def00000, 0x00000000def00000|100%| E|CS|TAMS 0x00000000dee00000| PB 0x00000000dee00000| Complete 
| 495|0x00000000def00000, 0x00000000df000000, 0x00000000df000000|100%| E|CS|TAMS 0x00000000def00000| PB 0x00000000def00000| Complete 
| 496|0x00000000df000000, 0x00000000df100000, 0x00000000df100000|100%| E|CS|TAMS 0x00000000df000000| PB 0x00000000df000000| Complete 
| 497|0x00000000df100000, 0x00000000df200000, 0x00000000df200000|100%| E|CS|TAMS 0x00000000df100000| PB 0x00000000df100000| Complete 
| 498|0x00000000df200000, 0x00000000df300000, 0x00000000df300000|100%| E|CS|TAMS 0x00000000df200000| PB 0x00000000df200000| Complete 
| 499|0x00000000df300000, 0x00000000df400000, 0x00000000df400000|100%| E|CS|TAMS 0x00000000df300000| PB 0x00000000df300000| Complete 
| 500|0x00000000df400000, 0x00000000df500000, 0x00000000df500000|100%| E|CS|TAMS 0x00000000df400000| PB 0x00000000df400000| Complete 
| 501|0x00000000df500000, 0x00000000df600000, 0x00000000df600000|100%| E|CS|TAMS 0x00000000df500000| PB 0x00000000df500000| Complete 
| 502|0x00000000df600000, 0x00000000df700000, 0x00000000df700000|100%| E|CS|TAMS 0x00000000df600000| PB 0x00000000df600000| Complete 
| 503|0x00000000df700000, 0x00000000df800000, 0x00000000df800000|100%| E|CS|TAMS 0x00000000df700000| PB 0x00000000df700000| Complete 
| 504|0x00000000df800000, 0x00000000df900000, 0x00000000df900000|100%| E|CS|TAMS 0x00000000df800000| PB 0x00000000df800000| Complete 
| 505|0x00000000df900000, 0x00000000dfa00000, 0x00000000dfa00000|100%| E|CS|TAMS 0x00000000df900000| PB 0x00000000df900000| Complete 
| 506|0x00000000dfa00000, 0x00000000dfb00000, 0x00000000dfb00000|100%| E|CS|TAMS 0x00000000dfa00000| PB 0x00000000dfa00000| Complete 
| 507|0x00000000dfb00000, 0x00000000dfc00000, 0x00000000dfc00000|100%| E|CS|TAMS 0x00000000dfb00000| PB 0x00000000dfb00000| Complete 
| 508|0x00000000dfc00000, 0x00000000dfd00000, 0x00000000dfd00000|100%| E|CS|TAMS 0x00000000dfc00000| PB 0x00000000dfc00000| Complete 
| 509|0x00000000dfd00000, 0x00000000dfe00000, 0x00000000dfe00000|100%| E|CS|TAMS 0x00000000dfd00000| PB 0x00000000dfd00000| Complete 
| 510|0x00000000dfe00000, 0x00000000dff00000, 0x00000000dff00000|100%| E|CS|TAMS 0x00000000dfe00000| PB 0x00000000dfe00000| Complete 
| 511|0x00000000dff00000, 0x00000000e0000000, 0x00000000e0000000|100%| E|CS|TAMS 0x00000000dff00000| PB 0x00000000dff00000| Complete 
| 512|0x00000000e0000000, 0x00000000e0100000, 0x00000000e0100000|100%| E|CS|TAMS 0x00000000e0000000| PB 0x00000000e0000000| Complete 
| 513|0x00000000e0100000, 0x00000000e0200000, 0x00000000e0200000|100%| E|CS|TAMS 0x00000000e0100000| PB 0x00000000e0100000| Complete 
| 514|0x00000000e0200000, 0x00000000e0300000, 0x00000000e0300000|100%| E|CS|TAMS 0x00000000e0200000| PB 0x00000000e0200000| Complete 
| 515|0x00000000e0300000, 0x00000000e0400000, 0x00000000e0400000|100%| E|CS|TAMS 0x00000000e0300000| PB 0x00000000e0300000| Complete 
| 516|0x00000000e0400000, 0x00000000e0500000, 0x00000000e0500000|100%| E|CS|TAMS 0x00000000e0400000| PB 0x00000000e0400000| Complete 
| 517|0x00000000e0500000, 0x00000000e0600000, 0x00000000e0600000|100%| E|CS|TAMS 0x00000000e0500000| PB 0x00000000e0500000| Complete 
| 518|0x00000000e0600000, 0x00000000e0700000, 0x00000000e0700000|100%| E|CS|TAMS 0x00000000e0600000| PB 0x00000000e0600000| Complete 
| 519|0x00000000e0700000, 0x00000000e0800000, 0x00000000e0800000|100%| E|CS|TAMS 0x00000000e0700000| PB 0x00000000e0700000| Complete 
| 520|0x00000000e0800000, 0x00000000e0900000, 0x00000000e0900000|100%| E|CS|TAMS 0x00000000e0800000| PB 0x00000000e0800000| Complete 
| 521|0x00000000e0900000, 0x00000000e0a00000, 0x00000000e0a00000|100%| E|CS|TAMS 0x00000000e0900000| PB 0x00000000e0900000| Complete 
| 522|0x00000000e0a00000, 0x00000000e0b00000, 0x00000000e0b00000|100%| E|CS|TAMS 0x00000000e0a00000| PB 0x00000000e0a00000| Complete 
| 523|0x00000000e0b00000, 0x00000000e0c00000, 0x00000000e0c00000|100%| E|CS|TAMS 0x00000000e0b00000| PB 0x00000000e0b00000| Complete 
| 524|0x00000000e0c00000, 0x00000000e0d00000, 0x00000000e0d00000|100%| E|CS|TAMS 0x00000000e0c00000| PB 0x00000000e0c00000| Complete 
| 525|0x00000000e0d00000, 0x00000000e0e00000, 0x00000000e0e00000|100%| E|CS|TAMS 0x00000000e0d00000| PB 0x00000000e0d00000| Complete 
| 526|0x00000000e0e00000, 0x00000000e0f00000, 0x00000000e0f00000|100%| E|CS|TAMS 0x00000000e0e00000| PB 0x00000000e0e00000| Complete 
| 527|0x00000000e0f00000, 0x00000000e1000000, 0x00000000e1000000|100%| E|CS|TAMS 0x00000000e0f00000| PB 0x00000000e0f00000| Complete 
| 528|0x00000000e1000000, 0x00000000e1100000, 0x00000000e1100000|100%| E|CS|TAMS 0x00000000e1000000| PB 0x00000000e1000000| Complete 
| 529|0x00000000e1100000, 0x00000000e1200000, 0x00000000e1200000|100%| E|CS|TAMS 0x00000000e1100000| PB 0x00000000e1100000| Complete 
| 530|0x00000000e1200000, 0x00000000e1300000, 0x00000000e1300000|100%| E|CS|TAMS 0x00000000e1200000| PB 0x00000000e1200000| Complete 
| 531|0x00000000e1300000, 0x00000000e1400000, 0x00000000e1400000|100%| E|CS|TAMS 0x00000000e1300000| PB 0x00000000e1300000| Complete 
| 532|0x00000000e1400000, 0x00000000e1500000, 0x00000000e1500000|100%| E|CS|TAMS 0x00000000e1400000| PB 0x00000000e1400000| Complete 
| 533|0x00000000e1500000, 0x00000000e1600000, 0x00000000e1600000|100%| E|CS|TAMS 0x00000000e1500000| PB 0x00000000e1500000| Complete 
| 534|0x00000000e1600000, 0x00000000e1700000, 0x00000000e1700000|100%| E|CS|TAMS 0x00000000e1600000| PB 0x00000000e1600000| Complete 
| 535|0x00000000e1700000, 0x00000000e1800000, 0x00000000e1800000|100%| E|CS|TAMS 0x00000000e1700000| PB 0x00000000e1700000| Complete 
| 536|0x00000000e1800000, 0x00000000e1900000, 0x00000000e1900000|100%| E|CS|TAMS 0x00000000e1800000| PB 0x00000000e1800000| Complete 
| 537|0x00000000e1900000, 0x00000000e1a00000, 0x00000000e1a00000|100%| E|CS|TAMS 0x00000000e1900000| PB 0x00000000e1900000| Complete 
| 538|0x00000000e1a00000, 0x00000000e1b00000, 0x00000000e1b00000|100%| E|CS|TAMS 0x00000000e1a00000| PB 0x00000000e1a00000| Complete 
| 539|0x00000000e1b00000, 0x00000000e1c00000, 0x00000000e1c00000|100%| E|CS|TAMS 0x00000000e1b00000| PB 0x00000000e1b00000| Complete 
| 540|0x00000000e1c00000, 0x00000000e1d00000, 0x00000000e1d00000|100%| E|CS|TAMS 0x00000000e1c00000| PB 0x00000000e1c00000| Complete 
| 541|0x00000000e1d00000, 0x00000000e1e00000, 0x00000000e1e00000|100%| E|CS|TAMS 0x00000000e1d00000| PB 0x00000000e1d00000| Complete 
| 542|0x00000000e1e00000, 0x00000000e1f00000, 0x00000000e1f00000|100%| E|CS|TAMS 0x00000000e1e00000| PB 0x00000000e1e00000| Complete 
| 543|0x00000000e1f00000, 0x00000000e2000000, 0x00000000e2000000|100%| E|CS|TAMS 0x00000000e1f00000| PB 0x00000000e1f00000| Complete 
| 544|0x00000000e2000000, 0x00000000e2100000, 0x00000000e2100000|100%| E|CS|TAMS 0x00000000e2000000| PB 0x00000000e2000000| Complete 
| 545|0x00000000e2100000, 0x00000000e2200000, 0x00000000e2200000|100%| E|CS|TAMS 0x00000000e2100000| PB 0x00000000e2100000| Complete 
| 546|0x00000000e2200000, 0x00000000e2300000, 0x00000000e2300000|100%| E|CS|TAMS 0x00000000e2200000| PB 0x00000000e2200000| Complete 
| 547|0x00000000e2300000, 0x00000000e2400000, 0x00000000e2400000|100%| E|CS|TAMS 0x00000000e2300000| PB 0x00000000e2300000| Complete 
| 548|0x00000000e2400000, 0x00000000e2500000, 0x00000000e2500000|100%| E|CS|TAMS 0x00000000e2400000| PB 0x00000000e2400000| Complete 
| 549|0x00000000e2500000, 0x00000000e2600000, 0x00000000e2600000|100%| E|CS|TAMS 0x00000000e2500000| PB 0x00000000e2500000| Complete 
| 550|0x00000000e2600000, 0x00000000e2700000, 0x00000000e2700000|100%| E|CS|TAMS 0x00000000e2600000| PB 0x00000000e2600000| Complete 
| 551|0x00000000e2700000, 0x00000000e2800000, 0x00000000e2800000|100%| E|CS|TAMS 0x00000000e2700000| PB 0x00000000e2700000| Complete 
| 552|0x00000000e2800000, 0x00000000e2900000, 0x00000000e2900000|100%| E|CS|TAMS 0x00000000e2800000| PB 0x00000000e2800000| Complete 
| 553|0x00000000e2900000, 0x00000000e2a00000, 0x00000000e2a00000|100%| E|CS|TAMS 0x00000000e2900000| PB 0x00000000e2900000| Complete 
| 554|0x00000000e2a00000, 0x00000000e2b00000, 0x00000000e2b00000|100%| E|CS|TAMS 0x00000000e2a00000| PB 0x00000000e2a00000| Complete 
| 555|0x00000000e2b00000, 0x00000000e2c00000, 0x00000000e2c00000|100%| E|CS|TAMS 0x00000000e2b00000| PB 0x00000000e2b00000| Complete 
| 556|0x00000000e2c00000, 0x00000000e2d00000, 0x00000000e2d00000|100%| E|CS|TAMS 0x00000000e2c00000| PB 0x00000000e2c00000| Complete 
| 557|0x00000000e2d00000, 0x00000000e2e00000, 0x00000000e2e00000|100%| E|CS|TAMS 0x00000000e2d00000| PB 0x00000000e2d00000| Complete 
| 558|0x00000000e2e00000, 0x00000000e2f00000, 0x00000000e2f00000|100%| E|CS|TAMS 0x00000000e2e00000| PB 0x00000000e2e00000| Complete 
| 559|0x00000000e2f00000, 0x00000000e3000000, 0x00000000e3000000|100%| E|CS|TAMS 0x00000000e2f00000| PB 0x00000000e2f00000| Complete 
| 560|0x00000000e3000000, 0x00000000e3100000, 0x00000000e3100000|100%| E|CS|TAMS 0x00000000e3000000| PB 0x00000000e3000000| Complete 
| 561|0x00000000e3100000, 0x00000000e3200000, 0x00000000e3200000|100%| E|CS|TAMS 0x00000000e3100000| PB 0x00000000e3100000| Complete 
| 562|0x00000000e3200000, 0x00000000e3300000, 0x00000000e3300000|100%| E|CS|TAMS 0x00000000e3200000| PB 0x00000000e3200000| Complete 
| 563|0x00000000e3300000, 0x00000000e3400000, 0x00000000e3400000|100%| E|CS|TAMS 0x00000000e3300000| PB 0x00000000e3300000| Complete 
| 564|0x00000000e3400000, 0x00000000e3500000, 0x00000000e3500000|100%| E|CS|TAMS 0x00000000e3400000| PB 0x00000000e3400000| Complete 
| 565|0x00000000e3500000, 0x00000000e3600000, 0x00000000e3600000|100%| E|CS|TAMS 0x00000000e3500000| PB 0x00000000e3500000| Complete 
| 566|0x00000000e3600000, 0x00000000e3700000, 0x00000000e3700000|100%| E|CS|TAMS 0x00000000e3600000| PB 0x00000000e3600000| Complete 
| 567|0x00000000e3700000, 0x00000000e3800000, 0x00000000e3800000|100%| E|CS|TAMS 0x00000000e3700000| PB 0x00000000e3700000| Complete 
| 568|0x00000000e3800000, 0x00000000e3900000, 0x00000000e3900000|100%| E|CS|TAMS 0x00000000e3800000| PB 0x00000000e3800000| Complete 
| 569|0x00000000e3900000, 0x00000000e3a00000, 0x00000000e3a00000|100%| E|CS|TAMS 0x00000000e3900000| PB 0x00000000e3900000| Complete 
| 570|0x00000000e3a00000, 0x00000000e3b00000, 0x00000000e3b00000|100%| E|CS|TAMS 0x00000000e3a00000| PB 0x00000000e3a00000| Complete 
| 571|0x00000000e3b00000, 0x00000000e3c00000, 0x00000000e3c00000|100%| E|CS|TAMS 0x00000000e3b00000| PB 0x00000000e3b00000| Complete 
| 572|0x00000000e3c00000, 0x00000000e3d00000, 0x00000000e3d00000|100%| E|CS|TAMS 0x00000000e3c00000| PB 0x00000000e3c00000| Complete 
| 573|0x00000000e3d00000, 0x00000000e3e00000, 0x00000000e3e00000|100%| E|CS|TAMS 0x00000000e3d00000| PB 0x00000000e3d00000| Complete 
| 574|0x00000000e3e00000, 0x00000000e3f00000, 0x00000000e3f00000|100%| E|CS|TAMS 0x00000000e3e00000| PB 0x00000000e3e00000| Complete 
| 575|0x00000000e3f00000, 0x00000000e4000000, 0x00000000e4000000|100%| E|CS|TAMS 0x00000000e3f00000| PB 0x00000000e3f00000| Complete 
| 576|0x00000000e4000000, 0x00000000e4100000, 0x00000000e4100000|100%| E|CS|TAMS 0x00000000e4000000| PB 0x00000000e4000000| Complete 
| 577|0x00000000e4100000, 0x00000000e4200000, 0x00000000e4200000|100%| E|CS|TAMS 0x00000000e4100000| PB 0x00000000e4100000| Complete 
| 578|0x00000000e4200000, 0x00000000e4300000, 0x00000000e4300000|100%| E|CS|TAMS 0x00000000e4200000| PB 0x00000000e4200000| Complete 
| 579|0x00000000e4300000, 0x00000000e4400000, 0x00000000e4400000|100%| E|CS|TAMS 0x00000000e4300000| PB 0x00000000e4300000| Complete 
| 580|0x00000000e4400000, 0x00000000e4500000, 0x00000000e4500000|100%| E|CS|TAMS 0x00000000e4400000| PB 0x00000000e4400000| Complete 
| 581|0x00000000e4500000, 0x00000000e4600000, 0x00000000e4600000|100%| E|CS|TAMS 0x00000000e4500000| PB 0x00000000e4500000| Complete 
| 582|0x00000000e4600000, 0x00000000e4700000, 0x00000000e4700000|100%| E|CS|TAMS 0x00000000e4600000| PB 0x00000000e4600000| Complete 
| 583|0x00000000e4700000, 0x00000000e4800000, 0x00000000e4800000|100%| E|CS|TAMS 0x00000000e4700000| PB 0x00000000e4700000| Complete 
| 584|0x00000000e4800000, 0x00000000e4900000, 0x00000000e4900000|100%| E|CS|TAMS 0x00000000e4800000| PB 0x00000000e4800000| Complete 
| 585|0x00000000e4900000, 0x00000000e4a00000, 0x00000000e4a00000|100%| E|CS|TAMS 0x00000000e4900000| PB 0x00000000e4900000| Complete 
| 586|0x00000000e4a00000, 0x00000000e4b00000, 0x00000000e4b00000|100%| E|CS|TAMS 0x00000000e4a00000| PB 0x00000000e4a00000| Complete 
| 587|0x00000000e4b00000, 0x00000000e4c00000, 0x00000000e4c00000|100%| E|CS|TAMS 0x00000000e4b00000| PB 0x00000000e4b00000| Complete 
| 588|0x00000000e4c00000, 0x00000000e4d00000, 0x00000000e4d00000|100%| E|CS|TAMS 0x00000000e4c00000| PB 0x00000000e4c00000| Complete 
|1020|0x00000000ffc00000, 0x00000000ffd00000, 0x00000000ffd00000|100%| E|CS|TAMS 0x00000000ffc00000| PB 0x00000000ffc00000| Complete 
|1021|0x00000000ffd00000, 0x00000000ffe00000, 0x00000000ffe00000|100%| E|CS|TAMS 0x00000000ffd00000| PB 0x00000000ffd00000| Complete 
|1022|0x00000000ffe00000, 0x00000000fff00000, 0x00000000fff00000|100%| E|CS|TAMS 0x00000000ffe00000| PB 0x00000000ffe00000| Complete 
|1023|0x00000000fff00000, 0x0000000100000000, 0x0000000100000000|100%| E|CS|TAMS 0x00000000fff00000| PB 0x00000000fff00000| Complete 

Card table byte_map: [0x000001b9c6c30000,0x000001b9c6e30000] _byte_map_base: 0x000001b9c6630000

Marking Bits: (CMBitMap*) 0x000001b9acfd20e0
 Bits: [0x000001b9c6e30000, 0x000001b9c7e30000)

Polling page: 0x000001b9acd50000

Metaspace:

Usage:
  Non-class:     21.77 MB used.
      Class:      3.17 MB used.
       Both:     24.94 MB used.

Virtual space:
  Non-class space:       64.00 MB reserved,      21.94 MB ( 34%) committed,  1 nodes.
      Class space:        1.00 GB reserved,       3.38 MB ( <1%) committed,  1 nodes.
             Both:        1.06 GB reserved,      25.31 MB (  2%) committed. 

Chunk freelists:
   Non-Class:  9.34 MB
       Class:  12.53 MB
        Both:  21.88 MB

MaxMetaspaceSize: unlimited
CompressedClassSpaceSize: 1.00 GB
Initial GC threshold: 21.00 MB
Current GC threshold: 33.88 MB
CDS: on
 - commit_granule_bytes: 65536.
 - commit_granule_words: 8192.
 - virtual_space_node_default_size: 8388608.
 - enlarge_chunks_in_place: 1.
 - use_allocation_guard: 0.


Internal statistics:

num_allocs_failed_limit: 0.
num_arena_births: 462.
num_arena_deaths: 70.
num_vsnodes_births: 2.
num_vsnodes_deaths: 0.
num_space_committed: 405.
num_space_uncommitted: 0.
num_chunks_returned_to_freelist: 102.
num_chunks_taken_from_freelist: 1574.
num_chunk_merges: 31.
num_chunk_splits: 962.
num_chunks_enlarged: 655.
num_inconsistent_stats: 0.

CodeHeap 'non-profiled nmethods': size=120000Kb used=15085Kb max_used=15085Kb free=104914Kb
 bounds [0x000001b9beaa0000, 0x000001b9bf960000, 0x000001b9c5fd0000]
CodeHeap 'profiled nmethods': size=120000Kb used=17613Kb max_used=17613Kb free=102386Kb
 bounds [0x000001b9b6fd0000, 0x000001b9b8160000, 0x000001b9be500000]
CodeHeap 'non-nmethods': size=5760Kb used=1431Kb max_used=1578Kb free=4328Kb
 bounds [0x000001b9be500000, 0x000001b9be770000, 0x000001b9beaa0000]
 total_blobs=10296 nmethods=9789 adapters=410
 compilation: enabled
              stopped_count=0, restarted_count=0
 full_count=0

Compilation events (20 events):
Event: 58.468 Thread 0x000001ba12aac500 14274       4       com.android.tools.r8.graph.S0$a::o0 (31 bytes)
Event: 58.471 Thread 0x000001b9ca8e5830 14353       2       com.android.tools.r8.graph.K0$d$$Lambda/0x000001b9cc372a78::apply (8 bytes)
Event: 58.471 Thread 0x000001b9ca8e5830 nmethod 14353 0x000001b9b8138810 code [0x000001b9b81389a0, 0x000001b9b8138ae8]
Event: 58.471 Thread 0x000001b9ca8e5830 14354       2       com.android.tools.r8.graph.K0$d$$Lambda/0x000001b9cc372ca8::apply (8 bytes)
Event: 58.471 Thread 0x000001b9ca8e5830 nmethod 14354 0x000001b9b8138410 code [0x000001b9b81385a0, 0x000001b9b81386e8]
Event: 58.473 Thread 0x000001b9ca8e5830 14357       2       com.android.tools.r8.graph.K0$a::a (10 bytes)
Event: 58.473 Thread 0x000001b9ca8e5830 nmethod 14357 0x000001b9b8137e90 code [0x000001b9b8138040, 0x000001b9b81382b0]
Event: 58.473 Thread 0x000001b9ca8e5830 14358       2       com.android.tools.r8.graph.K0$a::b (16 bytes)
Event: 58.473 Thread 0x000001b9ca8e5830 nmethod 14358 0x000001b9b8137a10 code [0x000001b9b8137bc0, 0x000001b9b8137d60]
Event: 58.479 Thread 0x000001ba12aac500 nmethod 14274 0x000001b9bf954110 code [0x000001b9bf9542e0, 0x000001b9bf954930]
Event: 58.480 Thread 0x000001ba12aac500 14254       4       com.android.tools.r8.graph.G2::hashCode (8 bytes)
Event: 58.486 Thread 0x000001ba12aac500 nmethod 14254 0x000001b9bf954c10 code [0x000001b9bf954de0, 0x000001b9bf955258]
Event: 58.486 Thread 0x000001ba12aac500 14219       4       com.android.tools.r8.graph.z2::a (11 bytes)
Event: 58.496 Thread 0x000001b9ca8e5830 14361       2       com.android.tools.r8.graph.J2::equals (31 bytes)
Event: 58.497 Thread 0x000001b9ca8e5830 nmethod 14361 0x000001b9b8137510 code [0x000001b9b81376e0, 0x000001b9b8137900]
Event: 58.540 Thread 0x000001b9ca8e5830 14362       2       com.android.tools.r8.graph.K0$d::a (10 bytes)
Event: 58.541 Thread 0x000001b9ca8e5830 nmethod 14362 0x000001b9b8136f90 code [0x000001b9b8137160, 0x000001b9b81373b0]
Event: 58.541 Thread 0x000001b9ca8e5830 14363       2       com.android.tools.r8.graph.K0$d::b (17 bytes)
Event: 58.541 Thread 0x000001b9ca8e5830 nmethod 14363 0x000001b9b8136b10 code [0x000001b9b8136cc0, 0x000001b9b8136e48]
Event: 58.574 Thread 0x000001b9ca8e5830 14365       3       com.android.tools.r8.graph.R2::equals (12 bytes)

GC Heap History (20 events):
Event: 48.288 GC heap before
{Heap before GC invocations=94 (full 0):
 garbage-first heap   total 483328K, used 440543K [0x00000000c0000000, 0x0000000100000000)
  region size 1024K, 233 young (238592K), 16 survivors (16384K)
 Metaspace       used 20157K, committed 20352K, reserved 1114112K
  class space    used 2527K, committed 2624K, reserved 1048576K
}
Event: 48.315 GC heap after
{Heap after GC invocations=95 (full 0):
 garbage-first heap   total 483328K, used 207668K [0x00000000c0000000, 0x0000000100000000)
  region size 1024K, 15 young (15360K), 15 survivors (15360K)
 Metaspace       used 20157K, committed 20352K, reserved 1114112K
  class space    used 2527K, committed 2624K, reserved 1048576K
}
Event: 48.662 GC heap before
{Heap before GC invocations=95 (full 0):
 garbage-first heap   total 483328K, used 442164K [0x00000000c0000000, 0x0000000100000000)
  region size 1024K, 244 young (249856K), 15 survivors (15360K)
 Metaspace       used 20166K, committed 20416K, reserved 1114112K
  class space    used 2528K, committed 2624K, reserved 1048576K
}
Event: 48.678 GC heap after
{Heap after GC invocations=96 (full 0):
 garbage-first heap   total 483328K, used 210277K [0x00000000c0000000, 0x0000000100000000)
  region size 1024K, 16 young (16384K), 16 survivors (16384K)
 Metaspace       used 20166K, committed 20416K, reserved 1114112K
  class space    used 2528K, committed 2624K, reserved 1048576K
}
Event: 49.290 GC heap before
{Heap before GC invocations=96 (full 0):
 garbage-first heap   total 483328K, used 440677K [0x00000000c0000000, 0x0000000100000000)
  region size 1024K, 241 young (246784K), 16 survivors (16384K)
 Metaspace       used 20168K, committed 20416K, reserved 1114112K
  class space    used 2528K, committed 2624K, reserved 1048576K
}
Event: 49.307 GC heap after
{Heap after GC invocations=97 (full 0):
 garbage-first heap   total 483328K, used 211387K [0x00000000c0000000, 0x0000000100000000)
  region size 1024K, 16 young (16384K), 16 survivors (16384K)
 Metaspace       used 20168K, committed 20416K, reserved 1114112K
  class space    used 2528K, committed 2624K, reserved 1048576K
}
Event: 49.608 GC heap before
{Heap before GC invocations=98 (full 0):
 garbage-first heap   total 483328K, used 439739K [0x00000000c0000000, 0x0000000100000000)
  region size 1024K, 239 young (244736K), 16 survivors (16384K)
 Metaspace       used 20169K, committed 20416K, reserved 1114112K
  class space    used 2528K, committed 2624K, reserved 1048576K
}
Event: 49.625 GC heap after
{Heap after GC invocations=99 (full 0):
 garbage-first heap   total 483328K, used 212718K [0x00000000c0000000, 0x0000000100000000)
  region size 1024K, 16 young (16384K), 16 survivors (16384K)
 Metaspace       used 20169K, committed 20416K, reserved 1114112K
  class space    used 2528K, committed 2624K, reserved 1048576K
}
Event: 49.899 GC heap before
{Heap before GC invocations=99 (full 0):
 garbage-first heap   total 483328K, used 440046K [0x00000000c0000000, 0x0000000100000000)
  region size 1024K, 238 young (243712K), 16 survivors (16384K)
 Metaspace       used 20169K, committed 20416K, reserved 1114112K
  class space    used 2528K, committed 2624K, reserved 1048576K
}
Event: 49.928 GC heap after
{Heap after GC invocations=100 (full 0):
 garbage-first heap   total 483328K, used 203536K [0x00000000c0000000, 0x0000000100000000)
  region size 1024K, 16 young (16384K), 16 survivors (16384K)
 Metaspace       used 20169K, committed 20416K, reserved 1114112K
  class space    used 2528K, committed 2624K, reserved 1048576K
}
Event: 50.272 GC heap before
{Heap before GC invocations=100 (full 0):
 garbage-first heap   total 483328K, used 441104K [0x00000000c0000000, 0x0000000100000000)
  region size 1024K, 248 young (253952K), 16 survivors (16384K)
 Metaspace       used 20172K, committed 20416K, reserved 1114112K
  class space    used 2529K, committed 2624K, reserved 1048576K
}
Event: 50.288 GC heap after
{Heap after GC invocations=101 (full 0):
 garbage-first heap   total 483328K, used 205319K [0x00000000c0000000, 0x0000000100000000)
  region size 1024K, 16 young (16384K), 16 survivors (16384K)
 Metaspace       used 20172K, committed 20416K, reserved 1114112K
  class space    used 2529K, committed 2624K, reserved 1048576K
}
Event: 50.965 GC heap before
{Heap before GC invocations=102 (full 0):
 garbage-first heap   total 483328K, used 440839K [0x00000000c0000000, 0x0000000100000000)
  region size 1024K, 246 young (251904K), 16 survivors (16384K)
 Metaspace       used 20181K, committed 20416K, reserved 1114112K
  class space    used 2529K, committed 2624K, reserved 1048576K
}
Event: 50.981 GC heap after
{Heap after GC invocations=103 (full 0):
 garbage-first heap   total 483328K, used 207100K [0x00000000c0000000, 0x0000000100000000)
  region size 1024K, 17 young (17408K), 17 survivors (17408K)
 Metaspace       used 20181K, committed 20416K, reserved 1114112K
  class space    used 2529K, committed 2624K, reserved 1048576K
}
Event: 51.276 GC heap before
{Heap before GC invocations=103 (full 0):
 garbage-first heap   total 483328K, used 439548K [0x00000000c0000000, 0x0000000100000000)
  region size 1024K, 244 young (249856K), 17 survivors (17408K)
 Metaspace       used 20184K, committed 20416K, reserved 1114112K
  class space    used 2529K, committed 2624K, reserved 1048576K
}
Event: 51.307 GC heap after
{Heap after GC invocations=104 (full 0):
 garbage-first heap   total 483328K, used 196160K [0x00000000c0000000, 0x0000000100000000)
  region size 1024K, 16 young (16384K), 16 survivors (16384K)
 Metaspace       used 20184K, committed 20416K, reserved 1114112K
  class space    used 2529K, committed 2624K, reserved 1048576K
}
Event: 51.692 GC heap before
{Heap before GC invocations=104 (full 0):
 garbage-first heap   total 483328K, used 440896K [0x00000000c0000000, 0x0000000100000000)
  region size 1024K, 255 young (261120K), 16 survivors (16384K)
 Metaspace       used 20223K, committed 20416K, reserved 1114112K
  class space    used 2536K, committed 2624K, reserved 1048576K
}
Event: 51.712 GC heap after
{Heap after GC invocations=105 (full 0):
 garbage-first heap   total 607232K, used 198310K [0x00000000c0000000, 0x0000000100000000)
  region size 1024K, 16 young (16384K), 16 survivors (16384K)
 Metaspace       used 20223K, committed 20416K, reserved 1114112K
  class space    used 2536K, committed 2624K, reserved 1048576K
}
Event: 54.864 GC heap before
{Heap before GC invocations=106 (full 0):
 garbage-first heap   total 607232K, used 551590K [0x00000000c0000000, 0x0000000100000000)
  region size 1024K, 355 young (363520K), 16 survivors (16384K)
 Metaspace       used 24429K, committed 24768K, reserved 1114112K
  class space    used 3115K, committed 3264K, reserved 1048576K
}
Event: 54.901 GC heap after
{Heap after GC invocations=107 (full 0):
 garbage-first heap   total 607232K, used 217397K [0x00000000c0000000, 0x0000000100000000)
  region size 1024K, 33 young (33792K), 33 survivors (33792K)
 Metaspace       used 24429K, committed 24768K, reserved 1114112K
  class space    used 3115K, committed 3264K, reserved 1048576K
}

Dll operation events (7 events):
Event: 0.014 Loaded shared library C:\Program Files\Microsoft\jdk-21.0.7.6-hotspot\bin\java.dll
Event: 0.064 Loaded shared library C:\Program Files\Microsoft\jdk-21.0.7.6-hotspot\bin\jsvml.dll
Event: 0.103 Loaded shared library C:\Program Files\Microsoft\jdk-21.0.7.6-hotspot\bin\net.dll
Event: 0.106 Loaded shared library C:\Program Files\Microsoft\jdk-21.0.7.6-hotspot\bin\nio.dll
Event: 0.125 Loaded shared library C:\Program Files\Microsoft\jdk-21.0.7.6-hotspot\bin\zip.dll
Event: 0.477 Loaded shared library C:\Program Files\Microsoft\jdk-21.0.7.6-hotspot\bin\jimage.dll
Event: 2.228 Loaded shared library C:\Program Files\Microsoft\jdk-21.0.7.6-hotspot\bin\verify.dll

Deoptimization events (20 events):
Event: 58.159 Thread 0x000001ba11048d70 Uncommon trap: trap_request=0xffffff45 fr.pc=0x000001b9bf8ef3e8 relative=0x0000000000000468
Event: 58.159 Thread 0x000001ba11048d70 Uncommon trap: reason=unstable_if action=reinterpret pc=0x000001b9bf8ef3e8 method=com.android.tools.r8.internal.QR.a(ILjava/lang/Object;)I @ 218 c2
Event: 58.159 Thread 0x000001ba11048d70 DEOPT PACKING pc=0x000001b9bf8ef3e8 sp=0x00000049615feaa0
Event: 58.159 Thread 0x000001ba11049c70 Uncommon trap: trap_request=0xffffffbe fr.pc=0x000001b9bf900d94 relative=0x0000000000000a94
Event: 58.159 Thread 0x000001ba11049c70 Uncommon trap: reason=profile_predicate action=maybe_recompile pc=0x000001b9bf900d94 method=com.android.tools.r8.utils.structural.c.a(Ljava/util/Iterator;Ljava/util/Iterator;Lcom/android/tools/r8/utils/structural/v;)I @ 5 c2
Event: 58.159 Thread 0x000001ba11049c70 DEOPT PACKING pc=0x000001b9bf900d94 sp=0x0000004961dfe140
Event: 58.159 Thread 0x000001ba11049c70 DEOPT UNPACKING pc=0x000001b9be5546a2 sp=0x0000004961dfe138 mode 2
Event: 58.160 Thread 0x000001ba11048d70 DEOPT UNPACKING pc=0x000001b9be5546a2 sp=0x00000049615fea58 mode 2
Event: 58.175 Thread 0x000001ba11049c70 Uncommon trap: trap_request=0xffffff45 fr.pc=0x000001b9beca7148 relative=0x0000000000000168
Event: 58.175 Thread 0x000001ba11049c70 Uncommon trap: reason=unstable_if action=reinterpret pc=0x000001b9beca7148 method=com.android.tools.r8.graph.h1.c(Ljava/lang/Object;)Z @ 51 c2
Event: 58.175 Thread 0x000001ba11049c70 DEOPT PACKING pc=0x000001b9beca7148 sp=0x0000004961dfe520
Event: 58.175 Thread 0x000001ba11049c70 DEOPT UNPACKING pc=0x000001b9be5546a2 sp=0x0000004961dfe4b0 mode 2
Event: 58.198 Thread 0x000001ba11049c70 Uncommon trap: trap_request=0xffffff45 fr.pc=0x000001b9bec40edc relative=0x000000000000019c
Event: 58.198 Thread 0x000001ba11049c70 Uncommon trap: reason=unstable_if action=reinterpret pc=0x000001b9bec40edc method=java.util.Arrays.equals([Ljava/lang/Object;[Ljava/lang/Object;)Z @ 23 c2
Event: 58.198 Thread 0x000001ba11049c70 DEOPT PACKING pc=0x000001b9bec40edc sp=0x0000004961dfe7f0
Event: 58.198 Thread 0x000001ba11049c70 DEOPT UNPACKING pc=0x000001b9be5546a2 sp=0x0000004961dfe710 mode 2
Event: 58.273 Thread 0x000001ba11049c70 Uncommon trap: trap_request=0xfffffff4 fr.pc=0x000001b9bf93a3ac relative=0x000000000000102c
Event: 58.273 Thread 0x000001ba11049c70 Uncommon trap: reason=null_check action=make_not_entrant pc=0x000001b9bf93a3ac method=com.android.tools.r8.utils.structural.z$$Lambda/0x000001b9cc371bc8.a(Ljava/lang/Object;Ljava/lang/Object;Lcom/android/tools/r8/utils/structural/a;)I @ 1 c2
Event: 58.274 Thread 0x000001ba11049c70 DEOPT PACKING pc=0x000001b9bf93a3ac sp=0x0000004961dfe110
Event: 58.274 Thread 0x000001ba11049c70 DEOPT UNPACKING pc=0x000001b9be5546a2 sp=0x0000004961dfe060 mode 2

Classes loaded (20 events):
Event: 55.217 Loading class java/util/Formatter$FixedString
Event: 55.218 Loading class java/util/Formatter$FixedString done
Event: 55.221 Loading class java/io/EOFException
Event: 55.221 Loading class java/io/EOFException done
Event: 55.235 Loading class java/util/concurrent/atomic/AtomicIntegerArray
Event: 55.236 Loading class java/util/concurrent/atomic/AtomicIntegerArray done
Event: 55.236 Loading class java/math/BigDecimal
Event: 55.237 Loading class java/math/BigDecimal done
Event: 55.239 Loading class java/util/UUID
Event: 55.240 Loading class java/util/UUID done
Event: 55.240 Loading class java/util/Currency
Event: 55.240 Loading class java/util/Currency done
Event: 58.068 Loading class java/util/function/UnaryOperator
Event: 58.068 Loading class java/util/function/UnaryOperator done
Event: 58.068 Loading class java/util/IdentityHashMap$EntryIterator
Event: 58.068 Loading class java/util/IdentityHashMap$EntryIterator done
Event: 58.076 Loading class java/util/IdentityHashMap$EntryIterator$Entry
Event: 58.077 Loading class java/util/IdentityHashMap$EntryIterator$Entry done
Event: 58.143 Loading class java/nio/ShortBuffer
Event: 58.143 Loading class java/nio/ShortBuffer done

Classes unloaded (20 events):
Event: 4.801 Thread 0x000001b9ca8ae1e0 Unloading class 0x000001b9cc104c00 'java/lang/invoke/LambdaForm$DMH+0x000001b9cc104c00'
Event: 4.801 Thread 0x000001b9ca8ae1e0 Unloading class 0x000001b9cc104000 'java/lang/invoke/LambdaForm$DMH+0x000001b9cc104000'
Event: 4.801 Thread 0x000001b9ca8ae1e0 Unloading class 0x000001b9cc104800 'java/lang/invoke/LambdaForm$DMH+0x000001b9cc104800'
Event: 4.801 Thread 0x000001b9ca8ae1e0 Unloading class 0x000001b9cc0b0c00 'java/lang/invoke/LambdaForm$DMH+0x000001b9cc0b0c00'
Event: 4.801 Thread 0x000001b9ca8ae1e0 Unloading class 0x000001b9cc0b0800 'java/lang/invoke/LambdaForm$DMH+0x000001b9cc0b0800'
Event: 4.801 Thread 0x000001b9ca8ae1e0 Unloading class 0x000001b9cc0b0000 'java/lang/invoke/LambdaForm$DMH+0x000001b9cc0b0000'
Event: 4.801 Thread 0x000001b9ca8ae1e0 Unloading class 0x000001b9cc0acc00 'java/lang/invoke/LambdaForm$DMH+0x000001b9cc0acc00'
Event: 4.801 Thread 0x000001b9ca8ae1e0 Unloading class 0x000001b9cc0ac800 'java/lang/invoke/LambdaForm$DMH+0x000001b9cc0ac800'
Event: 4.801 Thread 0x000001b9ca8ae1e0 Unloading class 0x000001b9cc0ac400 'java/lang/invoke/LambdaForm$DMH+0x000001b9cc0ac400'
Event: 11.750 Thread 0x000001b9ca8ae1e0 Unloading class 0x000001b9cc1b8c00 'java/lang/invoke/LambdaForm$DMH+0x000001b9cc1b8c00'
Event: 11.750 Thread 0x000001b9ca8ae1e0 Unloading class 0x000001b9cc1b8800 'java/lang/invoke/LambdaForm$DMH+0x000001b9cc1b8800'
Event: 11.750 Thread 0x000001b9ca8ae1e0 Unloading class 0x000001b9cc1b8400 'java/lang/invoke/LambdaForm$DMH+0x000001b9cc1b8400'
Event: 11.750 Thread 0x000001b9ca8ae1e0 Unloading class 0x000001b9cc1b5000 'java/lang/invoke/LambdaForm$DMH+0x000001b9cc1b5000'
Event: 11.750 Thread 0x000001b9ca8ae1e0 Unloading class 0x000001b9cc1b4c00 'java/lang/invoke/LambdaForm$DMH+0x000001b9cc1b4c00'
Event: 11.750 Thread 0x000001b9ca8ae1e0 Unloading class 0x000001b9cc1b4400 'java/lang/invoke/LambdaForm$DMH+0x000001b9cc1b4400'
Event: 18.946 Thread 0x000001b9ca8ae1e0 Unloading class 0x000001b9cc238c00 'java/lang/invoke/LambdaForm$DMH+0x000001b9cc238c00'
Event: 18.946 Thread 0x000001b9ca8ae1e0 Unloading class 0x000001b9cc238800 'java/lang/invoke/LambdaForm$DMH+0x000001b9cc238800'
Event: 18.946 Thread 0x000001b9ca8ae1e0 Unloading class 0x000001b9cc228c00 'java/lang/invoke/LambdaForm$DMH+0x000001b9cc228c00'
Event: 18.946 Thread 0x000001b9ca8ae1e0 Unloading class 0x000001b9cc228800 'java/lang/invoke/LambdaForm$DMH+0x000001b9cc228800'
Event: 18.946 Thread 0x000001b9ca8ae1e0 Unloading class 0x000001b9cc1f8400 'java/lang/invoke/LambdaForm$DMH+0x000001b9cc1f8400'

Classes redefined (0 events):
No events

Internal exceptions (20 events):
Event: 12.757 Thread 0x000001ba11048d70 Implicit null exception at 0x000001b9bec7d96c to 0x000001b9bec7e6ac
Event: 21.592 Thread 0x000001ba11048d70 Exception <a 'java/lang/NoSuchMethodError'{0x00000000d443f9b8}: 'void java.lang.invoke.DirectMethodHandle$Holder.invokeInterface(java.lang.Object, java.lang.Object)'> (0x00000000d443f9b8) 
thrown [s\src\hotspot\share\interpreter\linkResolver.cpp, line 773]
Event: 23.994 Thread 0x000001ba11049610 Implicit null exception at 0x000001b9bf066fa0 to 0x000001b9bf06b7a8
Event: 48.224 Thread 0x000001ba11048710 Implicit null exception at 0x000001b9bf55d6ec to 0x000001b9bf561e14
Event: 48.258 Thread 0x000001ba11049610 Implicit null exception at 0x000001b9bf3a5e40 to 0x000001b9bf3a6674
Event: 48.630 Thread 0x000001ba11049610 Implicit null exception at 0x000001b9bf5bd6e0 to 0x000001b9bf5be6cc
Event: 51.851 Thread 0x000001b9acf966d0 Implicit null exception at 0x000001b9bec5e000 to 0x000001b9bec5e16c
Event: 52.151 Thread 0x000001b9acf966d0 Implicit null exception at 0x000001b9beabed00 to 0x000001b9beabee40
Event: 52.578 Thread 0x000001b9acf966d0 Exception <a 'java/lang/NoSuchMethodError'{0x00000000e1ef1638}: 'java.lang.Object java.lang.invoke.DirectMethodHandle$Holder.newInvokeSpecial(java.lang.Object, java.lang.Object, int, java.lang.Object, java.lang.Object, java.lang.Object)'> (0x00000000e1ef1638) 
thrown [s\src\hotspot\share\interpreter\linkResolver.cpp, line 773]
Event: 52.583 Thread 0x000001b9acf966d0 Exception <a 'java/lang/NoSuchMethodError'{0x00000000e1d06258}: 'java.lang.Object java.lang.invoke.DirectMethodHandle$Holder.newInvokeSpecial(java.lang.Object, int, java.lang.Object, java.lang.Object)'> (0x00000000e1d06258) 
thrown [s\src\hotspot\share\interpreter\linkResolver.cpp, line 773]
Event: 52.584 Thread 0x000001b9acf966d0 Exception <a 'java/lang/NoSuchMethodError'{0x00000000e1d0aa68}: 'java.lang.Object java.lang.invoke.DirectMethodHandle$Holder.invokeSpecial(java.lang.Object, java.lang.Object, int, java.lang.Object, java.lang.Object)'> (0x00000000e1d0aa68) 
thrown [s\src\hotspot\share\interpreter\linkResolver.cpp, line 773]
Event: 52.621 Thread 0x000001b9acf966d0 Exception <a 'java/lang/NoSuchMethodError'{0x00000000e1dbfd50}: 'void java.lang.invoke.DirectMethodHandle$Holder.invokeSpecial(java.lang.Object, java.lang.Object, java.lang.Object, int, java.lang.Object, java.lang.Object, java.lang.Object, java.lang.Object)'> (0x00000000e1dbfd50) 
thrown [s\src\hotspot\share\interpreter\linkResolver.cpp, line 773]
Event: 52.634 Thread 0x000001b9acf966d0 Exception <a 'java/lang/NoSuchMethodError'{0x00000000e1c77c90}: 'java.lang.Object java.lang.invoke.DirectMethodHandle$Holder.invokeInterface(java.lang.Object, java.lang.Object)'> (0x00000000e1c77c90) 
thrown [s\src\hotspot\share\interpreter\linkResolver.cpp, line 773]
Event: 52.816 Thread 0x000001b9acf966d0 Exception <a 'java/lang/NoSuchMethodError'{0x00000000e1796dc8}: 'void java.lang.invoke.DirectMethodHandle$Holder.invokeStatic(java.lang.Object, java.lang.Object, java.lang.Object, java.lang.Object, java.lang.Object, java.lang.Object, java.lang.Object, java.lang.Object)'> (0x00000000e1796dc8) 
thrown [s\src\hotspot\share\interpreter\linkResolver.cpp, line 773]
Event: 53.419 Thread 0x000001ba11048d70 Exception <a 'java/lang/NoSuchMethodError'{0x00000000e27d83f0}: 'java.lang.Object java.lang.invoke.DirectMethodHandle$Holder.invokeStatic(java.lang.Object, java.lang.Object, int, java.lang.Object)'> (0x00000000e27d83f0) 
thrown [s\src\hotspot\share\interpreter\linkResolver.cpp, line 773]
Event: 53.886 Thread 0x000001ba11048710 Exception <a 'java/lang/NoSuchMethodError'{0x00000000dc710568}: 'void java.lang.invoke.DirectMethodHandle$Holder.invokeSpecial(java.lang.Object, java.lang.Object, java.lang.Object, int)'> (0x00000000dc710568) 
thrown [s\src\hotspot\share\interpreter\linkResolver.cpp, line 773]
Event: 53.886 Thread 0x000001ba11048d70 Exception <a 'java/lang/NoSuchMethodError'{0x00000000dc896b78}: 'void java.lang.invoke.DirectMethodHandle$Holder.invokeSpecial(java.lang.Object, java.lang.Object, java.lang.Object, int)'> (0x00000000dc896b78) 
thrown [s\src\hotspot\share\interpreter\linkResolver.cpp, line 773]
Event: 53.886 Thread 0x000001ba11049610 Exception <a 'java/lang/NoSuchMethodError'{0x00000000dc782af8}: 'void java.lang.invoke.DirectMethodHandle$Holder.invokeSpecial(java.lang.Object, java.lang.Object, java.lang.Object, int)'> (0x00000000dc782af8) 
thrown [s\src\hotspot\share\interpreter\linkResolver.cpp, line 773]
Event: 57.516 Thread 0x000001ba11048d70 Exception <a 'java/lang/NoSuchMethodError'{0x00000000d639f490}: 'int java.lang.invoke.DirectMethodHandle$Holder.invokeStatic(java.lang.Object, java.lang.Object, java.lang.Object, java.lang.Object, java.lang.Object)'> (0x00000000d639f490) 
thrown [s\src\hotspot\share\interpreter\linkResolver.cpp, line 773]
Event: 58.273 Thread 0x000001ba11049c70 Implicit null exception at 0x000001b9bf939995 to 0x000001b9bf93a388

ZGC Phase Switch (0 events):
No events

VM Operations (20 events):
Event: 55.741 Executing VM operation: ICBufferFull
Event: 55.741 Executing VM operation: ICBufferFull done
Event: 56.078 Executing VM operation: ICBufferFull
Event: 56.078 Executing VM operation: ICBufferFull done
Event: 57.039 Executing VM operation: HandshakeAllThreads (Deoptimize)
Event: 57.039 Executing VM operation: HandshakeAllThreads (Deoptimize) done
Event: 57.327 Executing VM operation: HandshakeAllThreads (Deoptimize)
Event: 57.328 Executing VM operation: HandshakeAllThreads (Deoptimize) done
Event: 57.328 Executing VM operation: Cleanup
Event: 57.328 Executing VM operation: Cleanup done
Event: 57.461 Executing VM operation: HandshakeAllThreads (Deoptimize)
Event: 57.461 Executing VM operation: HandshakeAllThreads (Deoptimize) done
Event: 58.068 Executing VM operation: HandshakeAllThreads (Deoptimize)
Event: 58.068 Executing VM operation: HandshakeAllThreads (Deoptimize) done
Event: 58.079 Executing VM operation: HandshakeAllThreads (Deoptimize)
Event: 58.079 Executing VM operation: HandshakeAllThreads (Deoptimize) done
Event: 58.149 Executing VM operation: HandshakeAllThreads (Deoptimize)
Event: 58.149 Executing VM operation: HandshakeAllThreads (Deoptimize) done
Event: 58.172 Executing VM operation: ICBufferFull
Event: 58.173 Executing VM operation: ICBufferFull done

Memory protections (0 events):
No events

Nmethod flushes (20 events):
Event: 52.084 Thread 0x000001b9ca8ae1e0 flushing  nmethod 0x000001b9b7fd9310
Event: 52.084 Thread 0x000001b9ca8ae1e0 flushing  nmethod 0x000001b9b7fed990
Event: 52.084 Thread 0x000001b9ca8ae1e0 flushing osr nmethod 0x000001b9b7ffbc10
Event: 52.084 Thread 0x000001b9ca8ae1e0 flushing  nmethod 0x000001b9b808f290
Event: 52.084 Thread 0x000001b9ca8ae1e0 flushing  nmethod 0x000001b9b8090c90
Event: 52.084 Thread 0x000001b9ca8ae1e0 flushing  nmethod 0x000001b9b7073c90
Event: 52.084 Thread 0x000001b9ca8ae1e0 flushing  nmethod 0x000001b9b77da290
Event: 52.084 Thread 0x000001b9ca8ae1e0 flushing  nmethod 0x000001b9b700d210
Event: 52.084 Thread 0x000001b9ca8ae1e0 flushing  nmethod 0x000001b9b718e990
Event: 52.084 Thread 0x000001b9ca8ae1e0 flushing  nmethod 0x000001b9b725b510
Event: 52.084 Thread 0x000001b9ca8ae1e0 flushing  nmethod 0x000001b9b7576c90
Event: 52.084 Thread 0x000001b9ca8ae1e0 flushing  nmethod 0x000001b9b76a0990
Event: 52.084 Thread 0x000001b9ca8ae1e0 flushing  nmethod 0x000001b9b7781d90
Event: 52.084 Thread 0x000001b9ca8ae1e0 flushing  nmethod 0x000001b9b7829890
Event: 52.084 Thread 0x000001b9ca8ae1e0 flushing  nmethod 0x000001b9b7f10f90
Event: 52.084 Thread 0x000001b9ca8ae1e0 flushing  nmethod 0x000001b9b7f77310
Event: 52.084 Thread 0x000001b9ca8ae1e0 flushing  nmethod 0x000001b9b7f78190
Event: 52.084 Thread 0x000001b9ca8ae1e0 flushing  nmethod 0x000001b9b7f97190
Event: 52.084 Thread 0x000001b9ca8ae1e0 flushing  nmethod 0x000001b9b8005210
Event: 52.084 Thread 0x000001b9ca8ae1e0 flushing  nmethod 0x000001b9b8005710

Events (20 events):
Event: 0.060 Thread 0x000001b9acf966d0 Thread added: 0x000001b9ca8d4400
Event: 0.060 Thread 0x000001b9acf966d0 Thread added: 0x000001b9ca8e0a90
Event: 0.060 Thread 0x000001b9acf966d0 Thread added: 0x000001b9ca8e1420
Event: 0.060 Thread 0x000001b9acf966d0 Thread added: 0x000001b9ca8e5830
Event: 0.095 Thread 0x000001b9acf966d0 Thread added: 0x000001b9caa29f00
Event: 0.098 Thread 0x000001b9acf966d0 Thread added: 0x000001b9caa2e370
Event: 0.157 Thread 0x000001b9ca8e1420 Thread added: 0x000001b9cab96400
Event: 0.187 Thread 0x000001b9ca8e5830 Thread added: 0x000001b9caad3000
Event: 2.083 Thread 0x000001b9caad3000 Thread exited: 0x000001b9caad3000
Event: 2.093 Thread 0x000001b9cab96400 Thread exited: 0x000001b9cab96400
Event: 2.223 Thread 0x000001b9acf966d0 Thread added: 0x000001ba11048710
Event: 2.223 Thread 0x000001b9acf966d0 Thread added: 0x000001ba11048d70
Event: 2.224 Thread 0x000001ba11048d70 Thread added: 0x000001ba11049610
Event: 2.224 Thread 0x000001ba11049610 Thread added: 0x000001ba11049c70
Event: 2.237 Thread 0x000001b9ca8e5830 Thread added: 0x000001ba101f8650
Event: 2.238 Thread 0x000001b9ca8e1420 Thread added: 0x000001ba110c62b0
Event: 58.064 Thread 0x000001ba110c62b0 Thread exited: 0x000001ba110c62b0
Event: 58.064 Thread 0x000001ba101f8650 Thread exited: 0x000001ba101f8650
Event: 58.091 Thread 0x000001b9ca8e5830 Thread added: 0x000001ba12aaa9c0
Event: 58.114 Thread 0x000001b9ca8e1420 Thread added: 0x000001ba12aac500


Dynamic libraries:
0x00007ff74d170000 - 0x00007ff74d17e000 	C:\Program Files\Microsoft\jdk-21.0.7.6-hotspot\bin\java.exe
0x00007ff8e0600000 - 0x00007ff8e0865000 	C:\WINDOWS\SYSTEM32\ntdll.dll
0x00007ff8dfed0000 - 0x00007ff8dff99000 	C:\WINDOWS\System32\KERNEL32.DLL
0x00007ff8dd7f0000 - 0x00007ff8ddbd8000 	C:\WINDOWS\System32\KERNELBASE.dll
0x00007ff8dddb0000 - 0x00007ff8ddefb000 	C:\WINDOWS\System32\ucrtbase.dll
0x00007ff8d4bf0000 - 0x00007ff8d4c08000 	C:\Program Files\Microsoft\jdk-21.0.7.6-hotspot\bin\jli.dll
0x00007ff8caec0000 - 0x00007ff8caedd000 	C:\Program Files\Microsoft\jdk-21.0.7.6-hotspot\bin\VCRUNTIME140.dll
0x00007ff8df4b0000 - 0x00007ff8df67a000 	C:\WINDOWS\System32\USER32.dll
0x00007ff8de370000 - 0x00007ff8de397000 	C:\WINDOWS\System32\win32u.dll
0x00007ff8c5ab0000 - 0x00007ff8c5d4a000 	C:\WINDOWS\WinSxS\amd64_microsoft.windows.common-controls_6595b64144ccf1df_6.0.26100.4202_none_3e0698d4e335f517\COMCTL32.dll
0x00007ff8e0050000 - 0x00007ff8e007b000 	C:\WINDOWS\System32\GDI32.dll
0x00007ff8dffa0000 - 0x00007ff8e0049000 	C:\WINDOWS\System32\msvcrt.dll
0x00007ff8ddc70000 - 0x00007ff8ddda7000 	C:\WINDOWS\System32\gdi32full.dll
0x00007ff8de140000 - 0x00007ff8de1e3000 	C:\WINDOWS\System32\msvcp_win.dll
0x00007ff8e04f0000 - 0x00007ff8e0520000 	C:\WINDOWS\System32\IMM32.DLL
0x00007ff8d85e0000 - 0x00007ff8d85ec000 	C:\Program Files\Microsoft\jdk-21.0.7.6-hotspot\bin\vcruntime140_1.dll
0x00007ff86ac80000 - 0x00007ff86ad0d000 	C:\Program Files\Microsoft\jdk-21.0.7.6-hotspot\bin\msvcp140.dll
0x00007ff820070000 - 0x00007ff820e08000 	C:\Program Files\Microsoft\jdk-21.0.7.6-hotspot\bin\server\jvm.dll
0x00007ff8e02d0000 - 0x00007ff8e0383000 	C:\WINDOWS\System32\ADVAPI32.dll
0x00007ff8dec40000 - 0x00007ff8dece6000 	C:\WINDOWS\System32\sechost.dll
0x00007ff8def60000 - 0x00007ff8df075000 	C:\WINDOWS\System32\RPCRT4.dll
0x00007ff8de830000 - 0x00007ff8de8a4000 	C:\WINDOWS\System32\WS2_32.dll
0x00007ff8dcfb0000 - 0x00007ff8dd00e000 	C:\WINDOWS\SYSTEM32\POWRPROF.dll
0x00007ff8c9420000 - 0x00007ff8c9455000 	C:\WINDOWS\SYSTEM32\WINMM.dll
0x00007ff8d1050000 - 0x00007ff8d105b000 	C:\WINDOWS\SYSTEM32\VERSION.dll
0x00007ff8dcf40000 - 0x00007ff8dcf54000 	C:\WINDOWS\SYSTEM32\UMPDC.dll
0x00007ff8dc4e0000 - 0x00007ff8dc4fb000 	C:\WINDOWS\SYSTEM32\kernel.appcore.dll
0x00007ff8caeb0000 - 0x00007ff8caeba000 	C:\Program Files\Microsoft\jdk-21.0.7.6-hotspot\bin\jimage.dll
0x00007ff8c7990000 - 0x00007ff8c7bd1000 	C:\WINDOWS\SYSTEM32\DBGHELP.DLL
0x00007ff8df100000 - 0x00007ff8df485000 	C:\WINDOWS\System32\combase.dll
0x00007ff8e0390000 - 0x00007ff8e0471000 	C:\WINDOWS\System32\OLEAUT32.dll
0x00007ff8bdab0000 - 0x00007ff8bdae9000 	C:\WINDOWS\SYSTEM32\dbgcore.DLL
0x00007ff8dd750000 - 0x00007ff8dd7e9000 	C:\WINDOWS\System32\bcryptPrimitives.dll
0x00007ff8cae90000 - 0x00007ff8caeb0000 	C:\Program Files\Microsoft\jdk-21.0.7.6-hotspot\bin\java.dll
0x00007ff8df780000 - 0x00007ff8dfec2000 	C:\WINDOWS\System32\SHELL32.dll
0x00007ff8de1f0000 - 0x00007ff8de364000 	C:\WINDOWS\System32\wintypes.dll
0x00007ff8db390000 - 0x00007ff8dbbe8000 	C:\WINDOWS\SYSTEM32\windows.storage.dll
0x00007ff8dee60000 - 0x00007ff8def51000 	C:\WINDOWS\System32\SHCORE.dll
0x00007ff8df090000 - 0x00007ff8df0fa000 	C:\WINDOWS\System32\shlwapi.dll
0x00007ff8dd660000 - 0x00007ff8dd68f000 	C:\WINDOWS\SYSTEM32\profapi.dll
0x00007ff869970000 - 0x00007ff869a46000 	C:\Program Files\Microsoft\jdk-21.0.7.6-hotspot\bin\jsvml.dll
0x00007ff8cae80000 - 0x00007ff8cae90000 	C:\Program Files\Microsoft\jdk-21.0.7.6-hotspot\bin\net.dll
0x00007ff8d0cf0000 - 0x00007ff8d0e0e000 	C:\WINDOWS\SYSTEM32\WINHTTP.dll
0x00007ff8dca60000 - 0x00007ff8dcaca000 	C:\WINDOWS\system32\mswsock.dll
0x00007ff8c2de0000 - 0x00007ff8c2df6000 	C:\Program Files\Microsoft\jdk-21.0.7.6-hotspot\bin\nio.dll
0x00007ff8bf060000 - 0x00007ff8bf078000 	C:\Program Files\Microsoft\jdk-21.0.7.6-hotspot\bin\zip.dll
0x00007ff8cae70000 - 0x00007ff8cae80000 	C:\Program Files\Microsoft\jdk-21.0.7.6-hotspot\bin\verify.dll

dbghelp: loaded successfully - version: 4.0.5 - missing functions: none
symbol engine: initialized successfully - sym options: 0x614 - pdb path: .;C:\Program Files\Microsoft\jdk-21.0.7.6-hotspot\bin;C:\WINDOWS\SYSTEM32;C:\WINDOWS\WinSxS\amd64_microsoft.windows.common-controls_6595b64144ccf1df_6.0.26100.4202_none_3e0698d4e335f517;C:\Program Files\Microsoft\jdk-21.0.7.6-hotspot\bin\server

VM Arguments:
jvm_args: -Xmx1G 
java_command: com.android.tools.r8.D8 --debug --min-api 21 --output obj\Debug\net8.0-android\android\bin\ --lib C:\AndroidSDK\platforms\android-34\android.jar obj\Debug\net8.0-android\android\bin\classes.zip C:\Users\juani\.nuget\packages\microsoft.android.ref.34\34.0.154\ref\net8.0\mono.android.jar C:\Program Files\dotnet\packs\Microsoft.Android.Sdk.Windows\34.0.154\tools\java_runtime_fastdev_net6.jar C:\Users\juani\.nuget\packages\xamarin.jetbrains.annotations\24.0.1.3\buildTransitive\net6.0-android31.0\..\..\jar\org.jetbrains.annotations-24.0.1.jar C:\Users\juani\.nuget\packages\xamarin.kotlin.stdlib\1.9.0.1\buildTransitive\net6.0-android31.0\..\..\jar\org.jetbrains.kotlin.kotlin-stdlib-1.9.0.jar C:\Users\juani\.nuget\packages\xamarin.kotlin.stdlib.jdk7\1.9.0.1\buildTransitive\net6.0-android31.0\..\..\jar\org.jetbrains.kotlin.kotlin-stdlib-jdk7-1.9.0.jar C:\Users\juani\.nuget\packages\xamarin.kotlin.stdlib.jdk8\1.9.0.1\buildTransitive\net6.0-android31.0\..\..\jar\org.jetbrains.kotlin.kotlin-stdlib-jdk8-1.9.0.jar C:\Users\juani\.nuget\packages\xamarin.kotlinx.coroutines.core.jvm\1.7.2.1\buildTransitive\net6.0-android31.0\..\..\jar\org.jetbrains.kotlinx.kotlinx-coroutines-core-jvm-1.7.2.jar C:\Users\juani\.nuget\packages\xamarin.kotlinx.coroutines.android\1.7.2.1\buildTransitive\net6.0-android31.0\..\..\jar\org.jetbrains.kotlinx.kotlinx-coroutines-android-1.7.2.jar C:\Users\juani\.nuget\packages\xamarin.google.guava.listenablefuture\1.0.0.14\buildTransitive\net6.0-android31.0\..\..\jar\guava-listenablefuture.jar C:\Users\juani\.nuget\packages\xamarin.androidx.annotation.jvm\1.6.0.2\buildTransitive\net6.0-android31.0\..\..\jar\androidx.annotation.annotation-jvm.jar C:\Users\juani\.nuget\packages\xamarin.androidx.collection\1.2.0.9\buildTransitive\net6.0-android31.0\..\..\jar\androidx.collection.collection.jar C:\Users\juani\.nuget\packages\xamarin.androidx.concurrent.futures\1.1.0.14\buildTransitive\net6.0-android31.0\..\..\jar\androidx.concurrent.concurrent-futur
java_class_path (initial): C:\Program Files\dotnet\packs\Microsoft.Android.Sdk.Windows\34.0.154\tools\r8.jar
Launcher Type: SUN_STANDARD

[Global flags]
     intx CICompilerCount                          = 4                                         {product} {ergonomic}
     uint ConcGCThreads                            = 2                                         {product} {ergonomic}
     uint G1ConcRefinementThreads                  = 8                                         {product} {ergonomic}
   size_t G1HeapRegionSize                         = 1048576                                   {product} {ergonomic}
    uintx GCDrainStackTargetSize                   = 64                                        {product} {ergonomic}
   size_t InitialHeapSize                          = 266338304                                 {product} {ergonomic}
   size_t MarkStackSize                            = 4194304                                   {product} {ergonomic}
   size_t MaxHeapSize                              = 1073741824                                {product} {command line}
   size_t MaxNewSize                               = 643825664                                 {product} {ergonomic}
   size_t MinHeapDeltaBytes                        = 1048576                                   {product} {ergonomic}
   size_t MinHeapSize                              = 8388608                                   {product} {ergonomic}
    uintx NonNMethodCodeHeapSize                   = 5839372                                {pd product} {ergonomic}
    uintx NonProfiledCodeHeapSize                  = 122909434                              {pd product} {ergonomic}
    uintx ProfiledCodeHeapSize                     = 122909434                              {pd product} {ergonomic}
    uintx ReservedCodeCacheSize                    = 251658240                              {pd product} {ergonomic}
     bool SegmentedCodeCache                       = true                                      {product} {ergonomic}
   size_t SoftMaxHeapSize                          = 1073741824                             {manageable} {ergonomic}
     bool UseCompressedOops                        = true                           {product lp64_product} {ergonomic}
     bool UseG1GC                                  = true                                      {product} {ergonomic}
     bool UseLargePagesIndividualAllocation        = false                                  {pd product} {ergonomic}

Logging:
Log output configuration:
 #0: stdout all=warning uptime,level,tags foldmultilines=false
 #1: stderr all=off uptime,level,tags foldmultilines=false

Environment Variables:
PATH=C:\Program Files (x86)\Common Files\Oracle\Java\java8path;C:\Program Files (x86)\Common Files\Oracle\Java\javapath;C:\Program Files\Microsoft\jdk-21.0.7.6-hotspot\bin;C:\WINDOWS\system32;C:\WINDOWS;C:\WINDOWS\System32\Wbem;C:\WINDOWS\System32\WindowsPowerShell\v1.0\;C:\WINDOWS\System32\OpenSSH\;C:\Program Files\dotnet\;C:\Program Files\Git\bin;C:\Program Files\nodejs\;C:\Program Files\NVIDIA Corporation\NVIDIA App\NvDLISR;C:\Program Files (x86)\NVIDIA Corporation\PhysX\Common;C:\Users\juani\AppData\Local\Microsoft\WindowsApps;C:\Users\juani\.dotnet\tools;C:\Users\juani\AppData\Local\Programs\Microsoft VS Code\bin;C:\Program Files\dotnet\;C:\Users\juani\AppData\Local\GitHubDesktop\bin;C:\Users\juani\AppData\Roaming\npm
USERNAME=juani
LANG=en_US.UTF-8
OS=Windows_NT
PROCESSOR_IDENTIFIER=Intel64 Family 6 Model 158 Stepping 10, GenuineIntel
TMP=C:\Users\juani\AppData\Local\Temp
TEMP=C:\Users\juani\AppData\Local\Temp




Periodic native trim disabled

---------------  S Y S T E M  ---------------

OS:
 Windows 11 , 64 bit Build 26100 (10.0.26100.4202)
OS uptime: 0 days 3:48 hours
Hyper-V role detected

CPU: total 8 (initial active 8) (4 cores per cpu, 2 threads per core) family 6 model 158 stepping 10 microcode 0xde, cx8, cmov, fxsr, ht, mmx, 3dnowpref, sse, sse2, sse3, ssse3, sse4.1, sse4.2, popcnt, lzcnt, tsc, tscinvbit, avx, avx2, aes, erms, clmul, bmi1, bmi2, adx, fma, vzeroupper, clflush, clflushopt, hv, rdtscp, f16c
Processor Information for the first 8 processors :
  Max Mhz: 2400, Current Mhz: 2400, Mhz Limit: 2400

Memory: 4k page, system-wide physical 16221M (1146M free)
TotalPageFile size 19144M (AvailPageFile size 44M)
current process WorkingSet (physical memory assigned to process): 778M, peak: 788M
current process commit charge ("private bytes"): 818M, peak: 835M

vm_info: OpenJDK 64-Bit Server VM (21.0.7+6-LTS) for windows-amd64 JRE (21.0.7+6-LTS), built on 2025-04-09T22:17:25Z by "MicrosoftCorporation" with unknown MS VC++:1939

END.
