version 2
JvmtiExport can_access_local_variables 0
JvmtiExport can_hotswap_or_post_breakpoint 0
JvmtiExport can_post_on_exceptions 0
# 503 ciObject found
instanceKlass  @bci com/android/tools/r8/graph/z2 b (Lcom/android/tools/r8/dex/X;)V 105 <appendix> member <vmtarget> ; # com/android/tools/r8/graph/z2$$Lambda+0x000001b9cc367dd8
ciInstanceKlass java/lang/Cloneable 1 0 7 100 1 100 1 1 1
instanceKlass  @bci com/android/tools/r8/graph/n0 <init> (Lcom/android/tools/r8/graph/z2;)V 55 <appendix> member <vmtarget> ; # com/android/tools/r8/graph/n0$$Lambda+0x000001b9cc374be0
instanceKlass  @bci com/android/tools/r8/graph/h3 b ()Z 1 <appendix> argL0 ; # com/android/tools/r8/graph/h3$$Lambda+0x000001b9cc3749b0
instanceKlass  @bci com/android/tools/r8/graph/I4 e ()Z 1 <appendix> argL0 ; # com/android/tools/r8/graph/I4$$Lambda+0x000001b9cc374780
instanceKlass  @bci com/android/tools/r8/graph/j1 a (Lcom/android/tools/r8/dex/K;Ljava/util/Collection;)V 2 <appendix> member <vmtarget> ; # com/android/tools/r8/graph/j1$$Lambda+0x000001b9cc374340
instanceKlass  @bci com/android/tools/r8/graph/z2 a (Lcom/android/tools/r8/naming/p0;)Lcom/android/tools/r8/graph/b1; 74 <appendix> member <vmtarget> ; # com/android/tools/r8/graph/z2$$Lambda+0x000001b9cc373e98
instanceKlass  @bci com/android/tools/r8/dex/M a ()Lcom/android/tools/r8/dex/M; 68 <appendix> member <vmtarget> ; # com/android/tools/r8/dex/M$$Lambda+0x000001b9cc373938
instanceKlass  @bci com/android/tools/r8/graph/K0$d a (Lcom/android/tools/r8/utils/structural/z;)V 25 <appendix> argL0 ; # com/android/tools/r8/graph/K0$d$$Lambda+0x000001b9cc372ed8
instanceKlass  @bci com/android/tools/r8/graph/K0$d a (Lcom/android/tools/r8/utils/structural/z;)V 17 <appendix> argL0 ; # com/android/tools/r8/graph/K0$d$$Lambda+0x000001b9cc372ca8
instanceKlass  @bci com/android/tools/r8/graph/K0$d a (Lcom/android/tools/r8/utils/structural/z;)V 9 <appendix> argL0 ; # com/android/tools/r8/graph/K0$d$$Lambda+0x000001b9cc372a78
instanceKlass  @bci com/android/tools/r8/graph/K0$d a (Lcom/android/tools/r8/utils/structural/z;)V 1 <appendix> argL0 ; # com/android/tools/r8/graph/K0$d$$Lambda+0x000001b9cc372868
instanceKlass  @bci com/android/tools/r8/graph/K0$d b (Lcom/android/tools/r8/graph/K0;Lcom/android/tools/r8/utils/structural/a;)I 6 <appendix> argL0 ; # com/android/tools/r8/graph/K0$d$$Lambda+0x000001b9cc372658
# instanceKlass com/android/tools/r8/graph/S0$a$$Lambda+0x000001b9cc372428
instanceKlass  @bci com/android/tools/r8/graph/S0$a a (Lcom/android/tools/r8/utils/structural/z;)V 17 <appendix> argL0 ; # com/android/tools/r8/graph/S0$a$$Lambda+0x000001b9cc3721f8
# instanceKlass com/android/tools/r8/utils/structural/z$$Lambda+0x000001b9cc371fe8
instanceKlass  @bci com/android/tools/r8/utils/structural/z e (Ljava/util/function/Function;)Lcom/android/tools/r8/utils/structural/z; 17 <appendix> argL0 ; # com/android/tools/r8/utils/structural/z$$Lambda+0x000001b9cc371dd8
instanceKlass  @bci com/android/tools/r8/utils/structural/z e (Ljava/util/function/Function;)Lcom/android/tools/r8/utils/structural/z; 12 <appendix> argL0 ; # com/android/tools/r8/utils/structural/z$$Lambda+0x000001b9cc371bc8
# instanceKlass com/android/tools/r8/utils/structural/z$$Lambda+0x000001b9cc3719b8
# instanceKlass com/android/tools/r8/utils/structural/z$$Lambda+0x000001b9cc371788
instanceKlass  @bci com/android/tools/r8/utils/structural/z e (Ljava/util/function/Function;)Lcom/android/tools/r8/utils/structural/z; 2 <appendix> argL0 ; # com/android/tools/r8/utils/structural/z$$Lambda+0x000001b9cc371558
# instanceKlass com/android/tools/r8/graph/S0$a$$Lambda+0x000001b9cc371348
instanceKlass  @bci com/android/tools/r8/graph/S0$a a (Lcom/android/tools/r8/utils/structural/z;)V 9 <appendix> argL0 ; # com/android/tools/r8/graph/S0$a$$Lambda+0x000001b9cc371118
instanceKlass  @bci com/android/tools/r8/graph/S0$a a (Lcom/android/tools/r8/utils/structural/z;)V 1 <appendix> argL0 ; # com/android/tools/r8/graph/S0$a$$Lambda+0x000001b9cc370f08
instanceKlass  @bci com/android/tools/r8/graph/S0$a a (Lcom/android/tools/r8/graph/S0;Lcom/android/tools/r8/utils/structural/a;)I 30 <appendix> argL0 ; # com/android/tools/r8/graph/S0$a$$Lambda+0x000001b9cc370cf8
# instanceKlass com/android/tools/r8/dex/k$$Lambda+0x000001b9cc36cc60
instanceKlass  @bci com/android/tools/r8/dex/k a (Lcom/android/tools/r8/graph/q5;Lcom/android/tools/r8/ByteBufferProvider;Lcom/android/tools/r8/dex/t0;Lcom/android/tools/r8/utils/A3;)Lcom/android/tools/r8/dex/G; 40 <appendix> member <vmtarget> ; # com/android/tools/r8/dex/k$$Lambda+0x000001b9cc36ca48
instanceKlass com/android/tools/r8/dex/s
instanceKlass com/android/tools/r8/dex/y
instanceKlass com/android/tools/r8/graph/v5
instanceKlass com/android/tools/r8/dex/M
instanceKlass  @bci com/android/tools/r8/dex/k a (Ljava/util/concurrent/ExecutorService;Ljava/util/List;Ljava/util/ArrayList;Lcom/android/tools/r8/utils/A3;)V 21 <appendix> member <vmtarget> ; # com/android/tools/r8/dex/k$$Lambda+0x000001b9cc36d450
instanceKlass  @bci com/android/tools/r8/dex/V a (Lcom/android/tools/r8/dex/code/B1;Lcom/android/tools/r8/dex/code/B1;)V 208 <appendix> member <vmtarget> ; # com/android/tools/r8/dex/V$$Lambda+0x000001b9cc36d200
instanceKlass java/util/IdentityHashMap$EntryIterator$Entry
instanceKlass com/android/tools/r8/dex/U
instanceKlass  @bci com/android/tools/r8/dex/V a (Lcom/android/tools/r8/dex/code/B1;Lcom/android/tools/r8/dex/code/B1;)V 33 <appendix> member <vmtarget> ; # com/android/tools/r8/dex/V$$Lambda+0x000001b9cc36fbe0
instanceKlass java/util/function/UnaryOperator
instanceKlass  @bci com/android/tools/r8/graph/F0 a (Lcom/android/tools/r8/graph/A5;Lcom/android/tools/r8/graph/q5;Lcom/android/tools/r8/graph/w;Z)Lcom/android/tools/r8/graph/X2; 237 <appendix> member <vmtarget> ; # com/android/tools/r8/graph/F0$$Lambda+0x000001b9cc36f9c8
instanceKlass com/android/tools/r8/dex/V
instanceKlass  @bci com/android/tools/r8/dex/k a (Lcom/android/tools/r8/graph/q5;Ljava/util/Set;)V 57 <appendix> member <vmtarget> ; # com/android/tools/r8/dex/k$$Lambda+0x000001b9cc36f598
instanceKlass  @bci com/android/tools/r8/dex/k a (Lcom/android/tools/r8/graph/q5;Ljava/util/Set;)V 51 <appendix> argL0 ; # com/android/tools/r8/dex/k$$Lambda+0x000001b9cc36f358
instanceKlass com/android/tools/r8/internal/Ae
instanceKlass  @bci com/android/tools/r8/graph/q5 <init> (Lcom/android/tools/r8/graph/w;Lcom/android/tools/r8/graph/q5;Lcom/android/tools/r8/internal/DB;Ljava/util/Collection;Ljava/util/Collection;Ljava/util/Collection;Ljava/util/Collection;Ljava/util/Collection;Ljava/util/Collection;Ljava/util/Collection;Ljava/util/Collection;ILcom/android/tools/r8/utils/A3;)V 599 <appendix> member <vmtarget> ; # com/android/tools/r8/graph/q5$$Lambda+0x000001b9cc36ef40
instanceKlass  @bci com/android/tools/r8/graph/q5 <init> (Lcom/android/tools/r8/graph/w;Lcom/android/tools/r8/graph/q5;Lcom/android/tools/r8/internal/DB;Ljava/util/Collection;Ljava/util/Collection;Ljava/util/Collection;Ljava/util/Collection;Ljava/util/Collection;Ljava/util/Collection;Ljava/util/Collection;Ljava/util/Collection;ILcom/android/tools/r8/utils/A3;)V 593 <appendix> member <vmtarget> ; # com/android/tools/r8/graph/q5$$Lambda+0x000001b9cc36ed28
instanceKlass  @bci com/android/tools/r8/graph/q5 <init> (Lcom/android/tools/r8/graph/w;Lcom/android/tools/r8/graph/q5;Lcom/android/tools/r8/internal/DB;Ljava/util/Collection;Ljava/util/Collection;Ljava/util/Collection;Ljava/util/Collection;Ljava/util/Collection;Ljava/util/Collection;Ljava/util/Collection;Ljava/util/Collection;ILcom/android/tools/r8/utils/A3;)V 560 <appendix> member <vmtarget> ; # com/android/tools/r8/graph/q5$$Lambda+0x000001b9cc36e8a0
instanceKlass  @bci com/android/tools/r8/graph/q5 <init> (Lcom/android/tools/r8/graph/w;Lcom/android/tools/r8/graph/q5;Lcom/android/tools/r8/internal/DB;Ljava/util/Collection;Ljava/util/Collection;Ljava/util/Collection;Ljava/util/Collection;Ljava/util/Collection;Ljava/util/Collection;Ljava/util/Collection;Ljava/util/Collection;ILcom/android/tools/r8/utils/A3;)V 533 <appendix> member <vmtarget> ; # com/android/tools/r8/graph/q5$$Lambda+0x000001b9cc36e678
instanceKlass  @bci com/android/tools/r8/graph/q5 <init> (Lcom/android/tools/r8/graph/w;Lcom/android/tools/r8/graph/q5;Lcom/android/tools/r8/internal/DB;Ljava/util/Collection;Ljava/util/Collection;Ljava/util/Collection;Ljava/util/Collection;Ljava/util/Collection;Ljava/util/Collection;Ljava/util/Collection;Ljava/util/Collection;ILcom/android/tools/r8/utils/A3;)V 506 <appendix> member <vmtarget> ; # com/android/tools/r8/graph/q5$$Lambda+0x000001b9cc36e450
instanceKlass  @bci com/android/tools/r8/graph/q5 <init> (Lcom/android/tools/r8/graph/w;Lcom/android/tools/r8/graph/q5;Lcom/android/tools/r8/internal/DB;Ljava/util/Collection;Ljava/util/Collection;Ljava/util/Collection;Ljava/util/Collection;Ljava/util/Collection;Ljava/util/Collection;Ljava/util/Collection;Ljava/util/Collection;ILcom/android/tools/r8/utils/A3;)V 479 <appendix> member <vmtarget> ; # com/android/tools/r8/graph/q5$$Lambda+0x000001b9cc36e228
instanceKlass  @bci com/android/tools/r8/graph/q5 <init> (Lcom/android/tools/r8/graph/w;Lcom/android/tools/r8/graph/q5;Lcom/android/tools/r8/internal/DB;Ljava/util/Collection;Ljava/util/Collection;Ljava/util/Collection;Ljava/util/Collection;Ljava/util/Collection;Ljava/util/Collection;Ljava/util/Collection;Ljava/util/Collection;ILcom/android/tools/r8/utils/A3;)V 452 <appendix> member <vmtarget> ; # com/android/tools/r8/graph/q5$$Lambda+0x000001b9cc36e000
instanceKlass  @bci com/android/tools/r8/graph/q5 a (Ljava/util/Collection;Lcom/android/tools/r8/utils/structural/g;)[Lcom/android/tools/r8/graph/z2; 30 <appendix> member <vmtarget> ; # com/android/tools/r8/graph/q5$$Lambda+0x000001b9cc36bba8
instanceKlass  @cpi com/android/tools/r8/graph/q5 379 form vmentry <vmtarget> ; # java/lang/invoke/LambdaForm$DMH+0x000001b9cc36c000
instanceKlass com/android/tools/r8/graph/p5
instanceKlass  @bci com/android/tools/r8/graph/q5 <init> (Lcom/android/tools/r8/graph/w;Lcom/android/tools/r8/graph/q5;Lcom/android/tools/r8/internal/DB;Ljava/util/Collection;Ljava/util/Collection;Ljava/util/Collection;Ljava/util/Collection;Ljava/util/Collection;Ljava/util/Collection;Ljava/util/Collection;Ljava/util/Collection;ILcom/android/tools/r8/utils/A3;)V 405 <appendix> member <vmtarget> ; # com/android/tools/r8/graph/q5$$Lambda+0x000001b9cc36b790
instanceKlass  @bci com/android/tools/r8/graph/q5 <init> (Lcom/android/tools/r8/graph/w;Lcom/android/tools/r8/graph/q5;Lcom/android/tools/r8/internal/DB;Ljava/util/Collection;Ljava/util/Collection;Ljava/util/Collection;Ljava/util/Collection;Ljava/util/Collection;Ljava/util/Collection;Ljava/util/Collection;Ljava/util/Collection;ILcom/android/tools/r8/utils/A3;)V 398 <appendix> member <vmtarget> ; # com/android/tools/r8/graph/q5$$Lambda+0x000001b9cc36b578
instanceKlass  @bci com/android/tools/r8/graph/q5 <init> (Lcom/android/tools/r8/graph/w;Lcom/android/tools/r8/graph/q5;Lcom/android/tools/r8/internal/DB;Ljava/util/Collection;Ljava/util/Collection;Ljava/util/Collection;Ljava/util/Collection;Ljava/util/Collection;Ljava/util/Collection;Ljava/util/Collection;Ljava/util/Collection;ILcom/android/tools/r8/utils/A3;)V 338 <appendix> member <vmtarget> ; # com/android/tools/r8/graph/q5$$Lambda+0x000001b9cc36b350
instanceKlass  @bci com/android/tools/r8/graph/q5 a (Lcom/android/tools/r8/utils/structural/e;)Ljava/util/Comparator; 1 <appendix> member <vmtarget> ; # com/android/tools/r8/graph/q5$$Lambda+0x000001b9cc36b0c0
instanceKlass  @bci com/android/tools/r8/graph/q5 <init> (Lcom/android/tools/r8/graph/w;Lcom/android/tools/r8/graph/q5;Lcom/android/tools/r8/internal/DB;Ljava/util/Collection;Ljava/util/Collection;Ljava/util/Collection;Ljava/util/Collection;Ljava/util/Collection;Ljava/util/Collection;Ljava/util/Collection;Ljava/util/Collection;ILcom/android/tools/r8/utils/A3;)V 316 <appendix> member <vmtarget> ; # com/android/tools/r8/graph/q5$$Lambda+0x000001b9cc36aea8
instanceKlass com/android/tools/r8/internal/IS
# instanceKlass com/android/tools/r8/graph/q5$$Lambda+0x000001b9cc36aa90
instanceKlass  @bci com/android/tools/r8/graph/q5 <init> (Lcom/android/tools/r8/graph/w;Lcom/android/tools/r8/graph/q5;Lcom/android/tools/r8/internal/DB;Ljava/util/Collection;Ljava/util/Collection;Ljava/util/Collection;Ljava/util/Collection;Ljava/util/Collection;Ljava/util/Collection;Ljava/util/Collection;Ljava/util/Collection;ILcom/android/tools/r8/utils/A3;)V 254 <appendix> member <vmtarget> ; # com/android/tools/r8/graph/q5$$Lambda+0x000001b9cc36a868
instanceKlass  @bci com/android/tools/r8/graph/q5 <init> (Lcom/android/tools/r8/graph/w;Lcom/android/tools/r8/graph/q5;Lcom/android/tools/r8/internal/DB;Ljava/util/Collection;Ljava/util/Collection;Ljava/util/Collection;Ljava/util/Collection;Ljava/util/Collection;Ljava/util/Collection;Ljava/util/Collection;Ljava/util/Collection;ILcom/android/tools/r8/utils/A3;)V 248 <appendix> argL0 ; # com/android/tools/r8/graph/q5$$Lambda+0x000001b9cc36a5e0
# instanceKlass com/android/tools/r8/graph/q5$$Lambda+0x000001b9cc36a358
instanceKlass com/android/tools/r8/graph/q5
instanceKlass  @bci com/android/tools/r8/dex/k a (Ljava/util/concurrent/ExecutorService;Ljava/util/List;Ljava/util/ArrayList;)Ljava/util/ArrayList; 3 <appendix> member <vmtarget> ; # com/android/tools/r8/dex/k$$Lambda+0x000001b9cc368d88
instanceKlass  @bci com/android/tools/r8/graph/h5 a (Lcom/android/tools/r8/graph/h5;Lcom/android/tools/r8/naming/p0;)I 12 <appendix> argL0 ; # com/android/tools/r8/graph/h5$$Lambda+0x000001b9cc368968
instanceKlass  @bci com/android/tools/r8/graph/z2 b (Lcom/android/tools/r8/dex/X;)V 126 <appendix> member <vmtarget> ; # com/android/tools/r8/graph/z2$$Lambda+0x000001b9cc368740
instanceKlass  @bci com/android/tools/r8/graph/a1 p0 ()V 48 <appendix> argL0 ; # com/android/tools/r8/graph/a1$$Lambda+0x000001b9cc3684b8
instanceKlass  @bci com/android/tools/r8/graph/j1 a (Lcom/android/tools/r8/dex/X;[Lcom/android/tools/r8/graph/j1;)V 2 <appendix> member <vmtarget> ; # com/android/tools/r8/graph/j1$$Lambda+0x000001b9cc368290
instanceKlass  @bci com/android/tools/r8/graph/p0 a (Lcom/android/tools/r8/naming/p0;)V 49 <appendix> member <vmtarget> ; # com/android/tools/r8/graph/p0$$Lambda+0x000001b9cc368000
instanceKlass  @bci com/android/tools/r8/graph/z2 b (Lcom/android/tools/r8/dex/X;)V 105 <appendix> member <vmtarget> ; # com/android/tools/r8/graph/z2$$Lambda+0x000001b9cc367dd8
instanceKlass  @bci com/android/tools/r8/dex/k a (Lcom/android/tools/r8/utils/p;Ljava/util/concurrent/ExecutorService;)V 542 <appendix> member <vmtarget> ; # com/android/tools/r8/dex/k$$Lambda+0x000001b9cc367bb0
instanceKlass  @bci com/android/tools/r8/internal/aH b (Lcom/android/tools/r8/internal/zi;)Lcom/android/tools/r8/internal/zi; 150 <appendix> member <vmtarget> ; # com/android/tools/r8/internal/aH$$Lambda+0x000001b9cc367978
instanceKlass  @bci com/android/tools/r8/internal/aH b (Lcom/android/tools/r8/internal/zi;)Lcom/android/tools/r8/internal/zi; 141 <appendix> member <vmtarget> ; # com/android/tools/r8/internal/aH$$Lambda+0x000001b9cc367740
instanceKlass  @bci com/android/tools/r8/internal/dI a (Lcom/android/tools/r8/graph/h1;Lcom/android/tools/r8/internal/Dk;Lcom/android/tools/r8/internal/Bk;)Lcom/android/tools/r8/internal/zi; 22 <appendix> member <vmtarget> ; # com/android/tools/r8/internal/dI$$Lambda+0x000001b9cc367528
instanceKlass  @bci com/android/tools/r8/internal/Dk f (Lcom/android/tools/r8/internal/Dk;Lcom/android/tools/r8/graph/h1;)Lcom/android/tools/r8/internal/zi; 2 <appendix> argL0 ; # com/android/tools/r8/internal/Dk$$Lambda+0x000001b9cc367318
instanceKlass com/android/tools/r8/internal/Bk
instanceKlass  @bci com/android/tools/r8/utils/B a ([Ljava/lang/Object;Ljava/util/function/Predicate;[Ljava/lang/Object;)[Ljava/lang/Object; 2 <appendix> member <vmtarget> ; # com/android/tools/r8/utils/B$$Lambda+0x000001b9cc366ae8
instanceKlass  @bci com/android/tools/r8/graph/S0 a (Lcom/android/tools/r8/graph/S0;)Lcom/android/tools/r8/graph/V0; 27 <appendix> argL0 ; # com/android/tools/r8/graph/S0$$Lambda+0x000001b9cc3668a8
instanceKlass  @bci com/android/tools/r8/internal/dI a (Lcom/android/tools/r8/graph/s2;Lcom/android/tools/r8/graph/s2;Lcom/android/tools/r8/internal/vt;Lcom/android/tools/r8/internal/Dk;Lcom/android/tools/r8/internal/Ck;)Lcom/android/tools/r8/internal/kF; 38 <appendix> member <vmtarget> ; # com/android/tools/r8/internal/dI$$Lambda+0x000001b9cc365d08
instanceKlass  @bci com/android/tools/r8/internal/dI a (Lcom/android/tools/r8/graph/s2;Lcom/android/tools/r8/graph/s2;Lcom/android/tools/r8/internal/vt;Lcom/android/tools/r8/internal/Dk;)Lcom/android/tools/r8/internal/kF; 176 <appendix> argL0 ; # com/android/tools/r8/internal/dI$$Lambda+0x000001b9cc365af8
instanceKlass com/android/tools/r8/internal/Ck
instanceKlass  @bci com/android/tools/r8/graph/z2 a (Lcom/android/tools/r8/graph/w;Lcom/android/tools/r8/dex/N;Lcom/android/tools/r8/internal/DB;)V 307 <appendix> member <vmtarget> ; # com/android/tools/r8/graph/z2$$Lambda+0x000001b9cc3656e0
instanceKlass  @bci com/android/tools/r8/graph/z2 a (Lcom/android/tools/r8/graph/w;Lcom/android/tools/r8/dex/N;Lcom/android/tools/r8/internal/DB;)V 296 <appendix> member <vmtarget> ; # com/android/tools/r8/graph/z2$$Lambda+0x000001b9cc3654b8
instanceKlass com/android/tools/r8/internal/Kt
instanceKlass com/android/tools/r8/internal/Gt
instanceKlass com/android/tools/r8/dex/r0
instanceKlass  @bci com/android/tools/r8/dex/p0 a (Lcom/android/tools/r8/internal/GW;)Ljava/util/function/Predicate; 1 <appendix> member <vmtarget> ; # com/android/tools/r8/dex/p0$$Lambda+0x000001b9cc364518
instanceKlass  @bci com/android/tools/r8/dex/p0 a (Ljava/util/IdentityHashMap;)Ljava/util/Comparator; 1 <appendix> member <vmtarget> ; # com/android/tools/r8/dex/p0$$Lambda+0x000001b9cc364288
instanceKlass com/android/tools/r8/dex/p0
instanceKlass com/android/tools/r8/dex/q0
instanceKlass  @bci com/android/tools/r8/internal/Dk a (Lcom/android/tools/r8/internal/Dk;Lcom/android/tools/r8/graph/E2;)Lcom/android/tools/r8/graph/E2; 2 <appendix> argL0 ; # com/android/tools/r8/internal/Dk$$Lambda+0x000001b9cc363c68
instanceKlass  @bci com/android/tools/r8/dex/t0 a (Ljava/util/Collection;Lcom/android/tools/r8/internal/Dk;Lcom/android/tools/r8/naming/b;)Ljava/util/IdentityHashMap; 19 <appendix> member <vmtarget> ; # com/android/tools/r8/dex/t0$$Lambda+0x000001b9cc363a40
instanceKlass com/android/tools/r8/naming/b
instanceKlass  @bci com/android/tools/r8/dex/n0 a ()V 158 <appendix> member <vmtarget> ; # com/android/tools/r8/dex/n0$$Lambda+0x000001b9cc3635d8
instanceKlass  @bci com/android/tools/r8/dex/n0 a ()V 138 <appendix> member <vmtarget> ; # com/android/tools/r8/dex/n0$$Lambda+0x000001b9cc3633a0
instanceKlass  @bci com/android/tools/r8/dex/n0 a ()V 118 <appendix> member <vmtarget> ; # com/android/tools/r8/dex/n0$$Lambda+0x000001b9cc363168
instanceKlass  @bci com/android/tools/r8/dex/n0 a ()V 98 <appendix> member <vmtarget> ; # com/android/tools/r8/dex/n0$$Lambda+0x000001b9cc362f30
instanceKlass  @bci com/android/tools/r8/dex/n0 a ()V 78 <appendix> member <vmtarget> ; # com/android/tools/r8/dex/n0$$Lambda+0x000001b9cc362cf8
instanceKlass  @bci com/android/tools/r8/dex/n0 a ()V 58 <appendix> member <vmtarget> ; # com/android/tools/r8/dex/n0$$Lambda+0x000001b9cc362ac0
instanceKlass  @bci com/android/tools/r8/dex/n0 a ()V 38 <appendix> member <vmtarget> ; # com/android/tools/r8/dex/n0$$Lambda+0x000001b9cc362888
instanceKlass  @bci com/android/tools/r8/dex/n0 a (Ljava/util/LinkedHashSet;Ljava/util/function/Function;)V 3 <appendix> member <vmtarget> ; # com/android/tools/r8/dex/n0$$Lambda+0x000001b9cc362660
instanceKlass  @bci com/android/tools/r8/dex/n0 a ()V 18 <appendix> member <vmtarget> ; # com/android/tools/r8/dex/n0$$Lambda+0x000001b9cc362428
instanceKlass com/android/tools/r8/dex/m0
instanceKlass com/android/tools/r8/internal/DB
instanceKlass com/android/tools/r8/dex/n0
instanceKlass com/android/tools/r8/dex/s0
instanceKlass com/android/tools/r8/dex/N
instanceKlass  @bci com/android/tools/r8/internal/GW a (Lcom/android/tools/r8/graph/w;)Lcom/android/tools/r8/internal/GW; 5 <appendix> member <vmtarget> ; # com/android/tools/r8/internal/GW$$Lambda+0x000001b9cc361778
instanceKlass com/android/tools/r8/startup/diagnostic/MissingStartupProfileItemsDiagnostic$a
# instanceKlass com/android/tools/r8/dex/k$$Lambda+0x000001b9cc361358
# instanceKlass com/android/tools/r8/dex/k$$Lambda+0x000001b9cc361138
# instanceKlass com/android/tools/r8/dex/k$$Lambda+0x000001b9cc360f18
instanceKlass  @bci com/android/tools/r8/dex/k a (Lcom/android/tools/r8/graph/z2;)V 6 <appendix> argL0 ; # com/android/tools/r8/dex/k$$Lambda+0x000001b9cc360cf8
# instanceKlass com/android/tools/r8/dex/k$$Lambda+0x000001b9cc360ab8
# instanceKlass com/android/tools/r8/dex/k$$Lambda+0x000001b9cc360878
# instanceKlass com/android/tools/r8/dex/k$$Lambda+0x000001b9cc360638
instanceKlass  @bci com/android/tools/r8/dex/k a (Lcom/android/tools/r8/graph/z2;)V 1 <appendix> argL0 ; # com/android/tools/r8/dex/k$$Lambda+0x000001b9cc3603f8
instanceKlass  @bci com/android/tools/r8/dex/k b (Ljava/util/concurrent/ExecutorService;)V 11 <appendix> member <vmtarget> ; # com/android/tools/r8/dex/k$$Lambda+0x000001b9cc35fd08
instanceKlass  @bci com/android/tools/r8/graph/L3 e (Ljava/util/List;)Ljava/util/List; 3 <appendix> member <vmtarget> ; # com/android/tools/r8/graph/L3$$Lambda+0x000001b9cc35fae0
instanceKlass  @bci com/android/tools/r8/graph/L3 d (Ljava/util/List;)Ljava/util/List; 14 <appendix> member <vmtarget> ; # com/android/tools/r8/graph/L3$$Lambda+0x000001b9cc35f8b8
instanceKlass  @bci com/android/tools/r8/graph/L3 a (Ljava/util/List;)Ljava/util/List; 3 <appendix> member <vmtarget> ; # com/android/tools/r8/graph/L3$$Lambda+0x000001b9cc35f690
instanceKlass  @bci com/android/tools/r8/graph/L3 c (Ljava/util/List;)Ljava/util/List; 25 <appendix> member <vmtarget> ; # com/android/tools/r8/graph/L3$$Lambda+0x000001b9cc35f468
instanceKlass com/android/tools/r8/graph/L3
instanceKlass  @bci com/android/tools/r8/dex/k a ()V 1837 <appendix> member <vmtarget> ; # com/android/tools/r8/dex/k$$Lambda+0x000001b9cc35efb8
instanceKlass  @bci com/android/tools/r8/dex/k a ()V 1822 <appendix> member <vmtarget> ; # com/android/tools/r8/dex/k$$Lambda+0x000001b9cc35ed90
instanceKlass com/android/tools/r8/internal/t00
instanceKlass java/util/Calendar
instanceKlass com/android/tools/r8/internal/w00
instanceKlass com/android/tools/r8/internal/o00
instanceKlass java/util/Currency
instanceKlass java/util/UUID
instanceKlass com/android/tools/r8/internal/y00
instanceKlass java/net/InetAddress
instanceKlass java/util/concurrent/atomic/AtomicIntegerArray
instanceKlass com/android/tools/r8/internal/v00
instanceKlass com/android/tools/r8/internal/u00
instanceKlass com/android/tools/r8/internal/UZ
instanceKlass com/android/tools/r8/internal/TZ
instanceKlass com/android/tools/r8/internal/H00
instanceKlass com/android/tools/r8/internal/mX
instanceKlass java/util/Formatter$Flags
instanceKlass java/util/Formatter$FormatSpecifier
instanceKlass java/util/Formatter$Conversion
instanceKlass java/util/Formatter$FixedString
instanceKlass java/util/Formatter$FormatString
instanceKlass  @bci java/util/regex/Pattern union (Ljava/util/regex/Pattern$CharPredicate;Ljava/util/regex/Pattern$CharPredicate;Z)Ljava/util/regex/Pattern$CharPredicate; 6 <appendix> member <vmtarget> ; # java/util/regex/Pattern$$Lambda+0x800000032
instanceKlass  @bci java/util/regex/Pattern Range (II)Ljava/util/regex/Pattern$CharPredicate; 23 <appendix> member <vmtarget> ; # java/util/regex/Pattern$$Lambda+0x80000002a
instanceKlass java/util/regex/Pattern$BitClass
instanceKlass java/util/Formatter
instanceKlass com/android/tools/r8/internal/pu
instanceKlass com/android/tools/r8/internal/ZB
instanceKlass  @bci com/android/tools/r8/dex/W toString ()Ljava/lang/String; 35 <appendix> member <vmtarget> ; # com/android/tools/r8/dex/W$$Lambda+0x000001b9cc358cc0
instanceKlass  @bci com/android/tools/r8/dex/W toString ()Ljava/lang/String; 21 <appendix> argL0 ; # com/android/tools/r8/dex/W$$Lambda+0x000001b9cc358a90
instanceKlass  @bci com/android/tools/r8/dex/k a (Lcom/android/tools/r8/utils/N;Ljava/util/ArrayList;)V 68 <appendix> member <vmtarget> ; # com/android/tools/r8/dex/k$$Lambda+0x000001b9cc358458
instanceKlass  @bci com/android/tools/r8/dex/k a (Lcom/android/tools/r8/utils/N;Ljava/util/ArrayList;)V 55 <appendix> argL0 ; # com/android/tools/r8/dex/k$$Lambda+0x000001b9cc358228
instanceKlass  @bci com/android/tools/r8/dex/k a (Lcom/android/tools/r8/utils/N;Ljava/util/ArrayList;)V 47 <appendix> member <vmtarget> ; # com/android/tools/r8/dex/k$$Lambda+0x000001b9cc358000
instanceKlass  @bci com/android/tools/r8/utils/A2 a (Ljava/util/function/Function;)Ljava/util/function/Predicate; 1 <appendix> member <vmtarget> ; # com/android/tools/r8/utils/A2$$Lambda+0x000001b9cc355da8
instanceKlass  @bci com/android/tools/r8/dex/k <init> (Lcom/android/tools/r8/graph/w;Lcom/android/tools/r8/dex/W;Lcom/android/tools/r8/p;)V 50 <appendix> member <vmtarget> ; # com/android/tools/r8/dex/k$$Lambda+0x000001b9cc355b70
instanceKlass com/android/tools/r8/dex/r
instanceKlass com/android/tools/r8/SourceFileEnvironment
instanceKlass com/android/tools/r8/utils/w1
instanceKlass com/android/tools/r8/dex/i0
instanceKlass com/android/tools/r8/utils/v2
instanceKlass  @bci com/android/tools/r8/D8 d (Lcom/android/tools/r8/utils/p;Lcom/android/tools/r8/utils/A1;Ljava/util/concurrent/ExecutorService;)V 667 <appendix> member <vmtarget> ; # com/android/tools/r8/D8$$Lambda+0x000001b9cc356000
instanceKlass com/android/tools/r8/internal/I2
instanceKlass com/android/tools/r8/internal/J2
instanceKlass com/android/tools/r8/internal/H2
instanceKlass  @bci com/android/tools/r8/D8 a (Lcom/android/tools/r8/graph/w;Lcom/android/tools/r8/utils/A3;Ljava/util/concurrent/ExecutorService;)V 80 <appendix> member <vmtarget> ; # com/android/tools/r8/D8$$Lambda+0x000001b9cc353378
instanceKlass  @bci com/android/tools/r8/D8 a (Lcom/android/tools/r8/graph/w;Lcom/android/tools/r8/utils/A3;Ljava/util/concurrent/ExecutorService;)V 67 <appendix> member <vmtarget> ; # com/android/tools/r8/D8$$Lambda+0x000001b9cc353160
# instanceKlass java/lang/invoke/LambdaForm$MH+0x000001b9cc354c00
instanceKlass com/android/tools/r8/internal/ny
instanceKlass  @bci com/android/tools/r8/internal/Az a (Ljava/util/function/Consumer;Lcom/android/tools/r8/graph/w;)Z 6 <appendix> member <vmtarget> ; # com/android/tools/r8/internal/Az$$Lambda+0x000001b9cc352908
instanceKlass  @bci com/android/tools/r8/internal/zz a (Ljava/util/function/Consumer;Lcom/android/tools/r8/graph/w;)Z 43 <appendix> member <vmtarget> ; # com/android/tools/r8/internal/zz$$Lambda+0x000001b9cc3526e0
# instanceKlass java/lang/invoke/LambdaForm$MH+0x000001b9cc354800
instanceKlass  @bci com/android/tools/r8/internal/Fz a (Lcom/android/tools/r8/graph/w;Lcom/android/tools/r8/graph/z0;)Lcom/android/tools/r8/utils/w2; 884 <appendix> member <vmtarget> ; # com/android/tools/r8/internal/Fz$$Lambda+0x000001b9cc3524b8
# instanceKlass java/lang/invoke/LambdaForm$MH+0x000001b9cc354400
instanceKlass  @bci com/android/tools/r8/internal/Fz a (Lcom/android/tools/r8/graph/w;Lcom/android/tools/r8/graph/z0;)Lcom/android/tools/r8/utils/w2; 954 <appendix> member <vmtarget> ; # com/android/tools/r8/internal/Fz$$Lambda+0x000001b9cc352078
instanceKlass com/android/tools/r8/internal/Wz
instanceKlass  @bci com/android/tools/r8/internal/Fz a (Lcom/android/tools/r8/internal/hy;Lcom/android/tools/r8/graph/z0;)Ljava/util/List; 43 <appendix> member <vmtarget> ; # com/android/tools/r8/internal/Fz$$Lambda+0x000001b9cc351b68
# instanceKlass java/lang/invoke/LambdaForm$MH+0x000001b9cc354000
instanceKlass com/android/tools/r8/internal/j30
# instanceKlass com/android/tools/r8/internal/Uz$$Lambda+0x000001b9cc350638
instanceKlass  @bci com/android/tools/r8/internal/Uz a (Ljava/util/function/Consumer;Lcom/android/tools/r8/graph/w;)Z 117 <appendix> argL0 ; # com/android/tools/r8/internal/Uz$$Lambda+0x000001b9cc350210
# instanceKlass com/android/tools/r8/internal/Uz$$Lambda+0x000001b9cc350000
instanceKlass  @bci com/android/tools/r8/internal/Uz a (Ljava/util/function/Consumer;Lcom/android/tools/r8/graph/w;)Z 93 <appendix> argL0 ; # com/android/tools/r8/internal/Uz$$Lambda+0x000001b9cc348c20
# instanceKlass com/android/tools/r8/internal/Uz$$Lambda+0x000001b9cc348a10
instanceKlass  @bci com/android/tools/r8/internal/Uz a (Ljava/util/function/Consumer;Lcom/android/tools/r8/graph/w;)Z 69 <appendix> argL0 ; # com/android/tools/r8/internal/Uz$$Lambda+0x000001b9cc348800
# instanceKlass com/android/tools/r8/internal/Uz$$Lambda+0x000001b9cc349ca8
instanceKlass  @bci com/android/tools/r8/internal/Uz a (Ljava/util/function/Consumer;Lcom/android/tools/r8/graph/w;)Z 61 <appendix> member <vmtarget> ; # com/android/tools/r8/internal/Uz$$Lambda+0x000001b9cc349a80
# instanceKlass com/android/tools/r8/internal/Vz$$Lambda+0x000001b9cc349870
instanceKlass  @bci com/android/tools/r8/internal/Vz a (Ljava/util/function/Consumer;Lcom/android/tools/r8/graph/w;)Z 52 <appendix> argL0 ; # com/android/tools/r8/internal/Vz$$Lambda+0x000001b9cc349660
instanceKlass  @bci com/android/tools/r8/internal/Vz a (Ljava/util/function/Consumer;Lcom/android/tools/r8/graph/w;)Z 31 <appendix> member <vmtarget> ; # com/android/tools/r8/internal/Vz$$Lambda+0x000001b9cc349438
# instanceKlass com/android/tools/r8/internal/Vz$$Lambda+0x000001b9cc349210
instanceKlass  @bci com/android/tools/r8/internal/Rz a (Ljava/util/function/Consumer;Lcom/android/tools/r8/graph/w;)Z 34 <appendix> argL0 ; # com/android/tools/r8/internal/Rz$$Lambda+0x000001b9cc349000
instanceKlass com/android/tools/r8/internal/Uz
instanceKlass com/android/tools/r8/internal/Vz
instanceKlass com/android/tools/r8/internal/yy
instanceKlass  @bci com/android/tools/r8/internal/Zz a (Ljava/util/function/Consumer;Lcom/android/tools/r8/graph/w;)Z 37 <appendix> member <vmtarget> ; # com/android/tools/r8/internal/Zz$$Lambda+0x000001b9cc34b1c8
instanceKlass com/android/tools/r8/internal/By
instanceKlass  @bci com/android/tools/r8/internal/pA a (Lcom/android/tools/r8/graph/z0;Lcom/android/tools/r8/internal/Gz;Lcom/android/tools/r8/graph/m0;Lcom/android/tools/r8/internal/oA;)V 135 <appendix> member <vmtarget> ; # com/android/tools/r8/internal/pA$$Lambda+0x000001b9cc34fa60
instanceKlass  @bci com/android/tools/r8/internal/fA a (Lcom/android/tools/r8/graph/w;Lcom/android/tools/r8/graph/z0;Ljava/util/function/Consumer;)Z 32 <appendix> member <vmtarget> ; # com/android/tools/r8/internal/fA$$Lambda+0x000001b9cc34f838
instanceKlass  @bci com/android/tools/r8/internal/GA a (Ljava/util/function/Consumer;Lcom/android/tools/r8/graph/w;)Z 116 <appendix> member <vmtarget> ; # com/android/tools/r8/internal/GA$$Lambda+0x000001b9cc34efc8
instanceKlass  @bci com/android/tools/r8/internal/GA a (Ljava/util/function/Consumer;Lcom/android/tools/r8/graph/w;)Z 92 <appendix> argL0 ; # com/android/tools/r8/internal/GA$$Lambda+0x000001b9cc34edb8
instanceKlass  @bci com/android/tools/r8/internal/GA a (Ljava/util/function/Consumer;Lcom/android/tools/r8/graph/w;)Z 68 <appendix> argL0 ; # com/android/tools/r8/internal/GA$$Lambda+0x000001b9cc34eba8
instanceKlass  @bci com/android/tools/r8/internal/GA a (Ljava/util/function/Consumer;Lcom/android/tools/r8/graph/w;)Z 45 <appendix> member <vmtarget> ; # com/android/tools/r8/internal/GA$$Lambda+0x000001b9cc34e980
instanceKlass  @bci com/android/tools/r8/internal/GA a (Ljava/util/function/Consumer;Lcom/android/tools/r8/graph/w;)Z 31 <appendix> member <vmtarget> ; # com/android/tools/r8/internal/GA$$Lambda+0x000001b9cc34e758
instanceKlass com/android/tools/r8/internal/yA
instanceKlass  @bci com/android/tools/r8/internal/AA a (Ljava/util/function/Consumer;Lcom/android/tools/r8/graph/c1;Lcom/android/tools/r8/graph/f1;Lcom/android/tools/r8/graph/f1;Lcom/android/tools/r8/graph/w;)Z 282 <appendix> member <vmtarget> ; # com/android/tools/r8/internal/AA$$Lambda+0x000001b9cc34d978
instanceKlass  @bci com/android/tools/r8/internal/Fz a (Lcom/android/tools/r8/graph/w;Lcom/android/tools/r8/graph/z0;)Lcom/android/tools/r8/utils/w2; 1017 <appendix> member <vmtarget> ; # com/android/tools/r8/internal/Fz$$Lambda+0x000001b9cc34d538
instanceKlass  @bci com/android/tools/r8/internal/Fz a (Lcom/android/tools/r8/graph/w;Lcom/android/tools/r8/graph/z0;)Lcom/android/tools/r8/utils/w2; 108 <appendix> member <vmtarget> ; # com/android/tools/r8/internal/Fz$$Lambda+0x000001b9cc34d310
instanceKlass  @bci com/android/tools/r8/internal/aA a (Ljava/util/function/Consumer;Lcom/android/tools/r8/graph/f1;Lcom/android/tools/r8/graph/w;)Z 272 <appendix> member <vmtarget> ; # com/android/tools/r8/internal/aA$$Lambda+0x000001b9cc34d0e8
instanceKlass  @bci com/android/tools/r8/internal/xA a (Lcom/android/tools/r8/graph/w;Lcom/android/tools/r8/graph/z0;)Lcom/android/tools/r8/utils/w2; 49 <appendix> member <vmtarget> ; # com/android/tools/r8/internal/xA$$Lambda+0x000001b9cc34cec0
instanceKlass com/android/tools/r8/internal/xA
instanceKlass com/android/tools/r8/internal/Ms
instanceKlass com/android/tools/r8/internal/Og
instanceKlass com/android/tools/r8/internal/eZ
# instanceKlass com/android/tools/r8/internal/FA$$Lambda+0x000001b9cc347718
instanceKlass  @bci com/android/tools/r8/internal/fA a (Lcom/android/tools/r8/graph/w;Lcom/android/tools/r8/graph/z0;Ljava/util/function/Consumer;)Z 104 <appendix> member <vmtarget> ; # com/android/tools/r8/internal/fA$$Lambda+0x000001b9cc3470c0
instanceKlass com/android/tools/r8/internal/Pz
instanceKlass  @bci com/android/tools/r8/internal/FA a (Lcom/android/tools/r8/graph/w;Lcom/android/tools/r8/graph/z0;)Lcom/android/tools/r8/utils/w2; 117 <appendix> member <vmtarget> ; # com/android/tools/r8/internal/FA$$Lambda+0x000001b9cc346bb0
instanceKlass com/android/tools/r8/internal/fA
instanceKlass  @bci com/android/tools/r8/internal/KA a (Ljava/util/function/Consumer;Lcom/android/tools/r8/graph/w;Ljava/lang/String;)Z 22 <appendix> member <vmtarget> ; # com/android/tools/r8/internal/KA$$Lambda+0x000001b9cc346770
# instanceKlass java/lang/invoke/LambdaForm$MH+0x000001b9cc348400
instanceKlass  @bci com/android/tools/r8/internal/Fz a (Lcom/android/tools/r8/graph/w;Lcom/android/tools/r8/graph/z0;)Lcom/android/tools/r8/utils/w2; 769 <appendix> member <vmtarget> ; # com/android/tools/r8/internal/Fz$$Lambda+0x000001b9cc346548
instanceKlass com/android/tools/r8/internal/kz
# instanceKlass java/lang/invoke/LambdaForm$MH+0x000001b9cc348000
instanceKlass com/android/tools/r8/internal/A20
instanceKlass com/android/tools/r8/internal/z20
instanceKlass com/android/tools/r8/internal/FA
instanceKlass com/android/tools/r8/internal/Ly
instanceKlass com/android/tools/r8/jetbrains/kotlinx/metadata/jvm/h
instanceKlass com/android/tools/r8/jetbrains/kotlinx/metadata/jvm/i
instanceKlass com/android/tools/r8/internal/PV
instanceKlass com/android/tools/r8/internal/kk
instanceKlass com/android/tools/r8/internal/ej
instanceKlass com/android/tools/r8/internal/qB
instanceKlass com/android/tools/r8/internal/qv
instanceKlass com/android/tools/r8/internal/u10
instanceKlass com/android/tools/r8/internal/fj
instanceKlass com/android/tools/r8/internal/gj
instanceKlass com/android/tools/r8/internal/d30
instanceKlass com/android/tools/r8/internal/Ns
instanceKlass com/android/tools/r8/internal/LG
instanceKlass com/android/tools/r8/internal/c30
instanceKlass com/android/tools/r8/internal/nv
instanceKlass  @bci com/android/tools/r8/internal/zA a (Lcom/android/tools/r8/internal/My;Lcom/android/tools/r8/graph/z0;Lcom/android/tools/r8/graph/w;)Z 97 <appendix> member <vmtarget> ; # com/android/tools/r8/internal/zA$$Lambda+0x000001b9cc33d670
instanceKlass com/android/tools/r8/jetbrains/kotlinx/metadata/jvm/r
# instanceKlass com/android/tools/r8/internal/gA$$Lambda+0x000001b9cc33d268
# instanceKlass com/android/tools/r8/internal/gA$$Lambda+0x000001b9cc33d058
instanceKlass  @bci com/android/tools/r8/internal/gA a (Ljava/util/function/Consumer;Lcom/android/tools/r8/graph/w;)Z 6 <appendix> argL0 ; # com/android/tools/r8/internal/gA$$Lambda+0x000001b9cc33ce48
# instanceKlass com/android/tools/r8/internal/Fz$$Lambda+0x000001b9cc33c5c0
# instanceKlass com/android/tools/r8/internal/Fz$$Lambda+0x000001b9cc33cc20
instanceKlass  @bci com/android/tools/r8/internal/Fz a (Lcom/android/tools/r8/graph/w;Lcom/android/tools/r8/graph/z0;)Lcom/android/tools/r8/utils/w2; 1043 <appendix> member <vmtarget> ; # com/android/tools/r8/internal/Fz$$Lambda+0x000001b9cc33c9f8
# instanceKlass com/android/tools/r8/internal/AA$$Lambda+0x000001b9cc33c7e8
# instanceKlass com/android/tools/r8/internal/AA$$Lambda+0x000001b9cc33c3b0
instanceKlass  @bci com/android/tools/r8/internal/AA a (Ljava/util/function/Consumer;Lcom/android/tools/r8/graph/c1;Lcom/android/tools/r8/graph/f1;Lcom/android/tools/r8/graph/f1;Lcom/android/tools/r8/graph/w;)Z 353 <appendix> argL0 ; # com/android/tools/r8/internal/AA$$Lambda+0x000001b9cc33c1a0
# instanceKlass com/android/tools/r8/internal/AA$$Lambda+0x000001b9cc33bf90
instanceKlass  @bci com/android/tools/r8/internal/Fz a (Lcom/android/tools/r8/graph/w;Lcom/android/tools/r8/graph/z0;)Lcom/android/tools/r8/utils/w2; 975 <appendix> argL0 ; # com/android/tools/r8/internal/Fz$$Lambda+0x000001b9cc33bd80
instanceKlass  @bci com/android/tools/r8/internal/AA a (Ljava/util/function/Consumer;Lcom/android/tools/r8/graph/c1;Lcom/android/tools/r8/graph/f1;Lcom/android/tools/r8/graph/f1;Lcom/android/tools/r8/graph/w;)Z 346 <appendix> member <vmtarget> ; # com/android/tools/r8/internal/AA$$Lambda+0x000001b9cc33bb58
instanceKlass  @bci com/android/tools/r8/internal/AA a (Ljava/util/function/Consumer;Lcom/android/tools/r8/graph/c1;Lcom/android/tools/r8/graph/f1;Lcom/android/tools/r8/graph/f1;Lcom/android/tools/r8/graph/w;)Z 327 <appendix> argL0 ; # com/android/tools/r8/internal/AA$$Lambda+0x000001b9cc33b948
instanceKlass  @bci com/android/tools/r8/internal/Fz a (Lcom/android/tools/r8/graph/w;Lcom/android/tools/r8/graph/z0;)Lcom/android/tools/r8/utils/w2; 915 <appendix> member <vmtarget> ; # com/android/tools/r8/internal/Fz$$Lambda+0x000001b9cc33b720
instanceKlass  @bci com/android/tools/r8/internal/AA a (Ljava/util/function/Consumer;Lcom/android/tools/r8/graph/c1;Lcom/android/tools/r8/graph/f1;Lcom/android/tools/r8/graph/f1;Lcom/android/tools/r8/graph/w;)Z 320 <appendix> member <vmtarget> ; # com/android/tools/r8/internal/AA$$Lambda+0x000001b9cc33b4f8
# instanceKlass com/android/tools/r8/internal/AA$$Lambda+0x000001b9cc33b2d0
instanceKlass  @bci com/android/tools/r8/internal/Ez a (Lcom/android/tools/r8/utils/K;Ljava/util/Map;Lcom/android/tools/r8/graph/w;Ljava/lang/String;Lcom/android/tools/r8/internal/Dz;)V 5 <appendix> member <vmtarget> ; # com/android/tools/r8/internal/Ez$$Lambda+0x000001b9cc33b0a8
instanceKlass  @bci com/android/tools/r8/internal/bA a (Ljava/util/function/Consumer;Lcom/android/tools/r8/graph/c1;Lcom/android/tools/r8/graph/w;)Z 83 <appendix> member <vmtarget> ; # com/android/tools/r8/internal/bA$$Lambda+0x000001b9cc33ae80
instanceKlass  @bci com/android/tools/r8/internal/AA a (Ljava/util/function/Consumer;Lcom/android/tools/r8/graph/c1;Lcom/android/tools/r8/graph/f1;Lcom/android/tools/r8/graph/f1;Lcom/android/tools/r8/graph/w;)Z 228 <appendix> member <vmtarget> ; # com/android/tools/r8/internal/AA$$Lambda+0x000001b9cc33ac58
instanceKlass  @bci com/android/tools/r8/internal/AA a (Ljava/util/function/Consumer;Lcom/android/tools/r8/graph/c1;Lcom/android/tools/r8/graph/f1;Lcom/android/tools/r8/graph/f1;Lcom/android/tools/r8/graph/w;)Z 255 <appendix> member <vmtarget> ; # com/android/tools/r8/internal/AA$$Lambda+0x000001b9cc33aa30
instanceKlass  @bci com/android/tools/r8/internal/Fz a (Lcom/android/tools/r8/graph/w;Lcom/android/tools/r8/graph/z0;)Lcom/android/tools/r8/utils/w2; 699 <appendix> member <vmtarget> ; # com/android/tools/r8/internal/Fz$$Lambda+0x000001b9cc33a808
instanceKlass  @bci com/android/tools/r8/internal/Ez a (Lcom/android/tools/r8/utils/K;Lcom/android/tools/r8/graph/w;Ljava/util/function/Consumer;Ljava/lang/String;)V 33 <appendix> member <vmtarget> ; # com/android/tools/r8/internal/Ez$$Lambda+0x000001b9cc33a5e0
# instanceKlass com/android/tools/r8/internal/AA$$Lambda+0x000001b9cc33a3b8
instanceKlass  @bci com/android/tools/r8/internal/AA a (Ljava/util/function/Consumer;Lcom/android/tools/r8/graph/c1;Lcom/android/tools/r8/graph/f1;Lcom/android/tools/r8/graph/f1;Lcom/android/tools/r8/graph/w;)Z 203 <appendix> member <vmtarget> ; # com/android/tools/r8/internal/AA$$Lambda+0x000001b9cc33a190
instanceKlass  @bci com/android/tools/r8/internal/Fz a (Lcom/android/tools/r8/graph/w;Lcom/android/tools/r8/graph/z0;)Lcom/android/tools/r8/utils/w2; 622 <appendix> argL0 ; # com/android/tools/r8/internal/Fz$$Lambda+0x000001b9cc339f80
# instanceKlass com/android/tools/r8/internal/AA$$Lambda+0x000001b9cc339d70
instanceKlass  @bci com/android/tools/r8/internal/Ez a (Ljava/util/function/Consumer;Lcom/android/tools/r8/graph/w;)Z 19 <appendix> member <vmtarget> ; # com/android/tools/r8/internal/Ez$$Lambda+0x000001b9cc339b48
instanceKlass  @bci com/android/tools/r8/internal/AA a (Ljava/util/function/Consumer;Lcom/android/tools/r8/graph/c1;Lcom/android/tools/r8/graph/f1;Lcom/android/tools/r8/graph/f1;Lcom/android/tools/r8/graph/w;)Z 178 <appendix> argL0 ; # com/android/tools/r8/internal/AA$$Lambda+0x000001b9cc339938
# instanceKlass com/android/tools/r8/internal/AA$$Lambda+0x000001b9cc339728
instanceKlass  @bci com/android/tools/r8/internal/Tz a (Ljava/util/function/Consumer;Ljava/util/function/Consumer;Ljava/util/function/Consumer;Lcom/android/tools/r8/graph/z0;Lcom/android/tools/r8/graph/w;Lcom/android/tools/r8/internal/nA;)Z 466 <appendix> argL0 ; # com/android/tools/r8/internal/Tz$$Lambda+0x000001b9cc339518
instanceKlass  @bci com/android/tools/r8/internal/AA a (Ljava/util/function/Consumer;Lcom/android/tools/r8/graph/c1;Lcom/android/tools/r8/graph/f1;Lcom/android/tools/r8/graph/f1;Lcom/android/tools/r8/graph/w;)Z 150 <appendix> argL0 ; # com/android/tools/r8/internal/AA$$Lambda+0x000001b9cc339308
# instanceKlass com/android/tools/r8/internal/AA$$Lambda+0x000001b9cc3390f8
instanceKlass  @bci com/android/tools/r8/internal/HA a (Ljava/util/function/Consumer;Lcom/android/tools/r8/graph/w;)Z 157 <appendix> argL0 ; # com/android/tools/r8/internal/HA$$Lambda+0x000001b9cc338ee8
instanceKlass  @bci com/android/tools/r8/internal/Tz a (Ljava/util/function/Consumer;Ljava/util/function/Consumer;Ljava/util/function/Consumer;Lcom/android/tools/r8/graph/z0;Lcom/android/tools/r8/graph/w;Lcom/android/tools/r8/internal/nA;)Z 450 <appendix> argL0 ; # com/android/tools/r8/internal/Tz$$Lambda+0x000001b9cc338cd8
instanceKlass  @bci com/android/tools/r8/internal/AA a (Ljava/util/function/Consumer;Lcom/android/tools/r8/graph/c1;Lcom/android/tools/r8/graph/f1;Lcom/android/tools/r8/graph/f1;Lcom/android/tools/r8/graph/w;)Z 122 <appendix> argL0 ; # com/android/tools/r8/internal/AA$$Lambda+0x000001b9cc338ac8
instanceKlass  @bci com/android/tools/r8/internal/AA a (Ljava/util/function/Consumer;Lcom/android/tools/r8/graph/c1;Lcom/android/tools/r8/graph/f1;Lcom/android/tools/r8/graph/f1;Lcom/android/tools/r8/graph/w;)Z 113 <appendix> member <vmtarget> ; # com/android/tools/r8/internal/AA$$Lambda+0x000001b9cc3388a0
# instanceKlass com/android/tools/r8/internal/aA$$Lambda+0x000001b9cc338678
instanceKlass  @bci com/android/tools/r8/internal/aA a (Ljava/util/function/Consumer;Lcom/android/tools/r8/graph/f1;Lcom/android/tools/r8/graph/w;)Z 246 <appendix> member <vmtarget> ; # com/android/tools/r8/internal/aA$$Lambda+0x000001b9cc338450
instanceKlass  @bci com/android/tools/r8/internal/aA a (Ljava/util/function/Consumer;Lcom/android/tools/r8/graph/f1;Lcom/android/tools/r8/graph/w;)Z 292 <appendix> member <vmtarget> ; # com/android/tools/r8/internal/aA$$Lambda+0x000001b9cc338228
instanceKlass  @bci com/android/tools/r8/internal/aA a (Ljava/util/function/Consumer;Lcom/android/tools/r8/graph/f1;Lcom/android/tools/r8/graph/w;)Z 221 <appendix> member <vmtarget> ; # com/android/tools/r8/internal/aA$$Lambda+0x000001b9cc338000
# instanceKlass com/android/tools/r8/internal/aA$$Lambda+0x000001b9cc337c78
instanceKlass  @bci com/android/tools/r8/internal/AA a (Ljava/util/function/Consumer;Lcom/android/tools/r8/graph/c1;Lcom/android/tools/r8/graph/f1;Lcom/android/tools/r8/graph/f1;Lcom/android/tools/r8/graph/w;)Z 92 <appendix> argL0 ; # com/android/tools/r8/internal/AA$$Lambda+0x000001b9cc337a68
# instanceKlass com/android/tools/r8/internal/aA$$Lambda+0x000001b9cc337858
instanceKlass  @bci com/android/tools/r8/internal/aA a (Ljava/util/function/Consumer;Lcom/android/tools/r8/graph/f1;Lcom/android/tools/r8/graph/w;)Z 196 <appendix> argL0 ; # com/android/tools/r8/internal/aA$$Lambda+0x000001b9cc337648
# instanceKlass com/android/tools/r8/internal/aA$$Lambda+0x000001b9cc337438
instanceKlass  @bci com/android/tools/r8/internal/AA a (Ljava/util/function/Consumer;Lcom/android/tools/r8/graph/c1;Lcom/android/tools/r8/graph/f1;Lcom/android/tools/r8/graph/f1;Lcom/android/tools/r8/graph/w;)Z 83 <appendix> member <vmtarget> ; # com/android/tools/r8/internal/AA$$Lambda+0x000001b9cc337210
# instanceKlass com/android/tools/r8/internal/aA$$Lambda+0x000001b9cc336fe8
instanceKlass  @bci com/android/tools/r8/internal/IA a (Ljava/util/function/Consumer;Lcom/android/tools/r8/graph/w;)Z 87 <appendix> argL0 ; # com/android/tools/r8/internal/IA$$Lambda+0x000001b9cc336dd8
instanceKlass  @bci com/android/tools/r8/internal/aA a (Ljava/util/function/Consumer;Lcom/android/tools/r8/graph/f1;Lcom/android/tools/r8/graph/w;)Z 187 <appendix> member <vmtarget> ; # com/android/tools/r8/internal/aA$$Lambda+0x000001b9cc336bb0
# instanceKlass com/android/tools/r8/internal/aA$$Lambda+0x000001b9cc336568
instanceKlass  @bci com/android/tools/r8/internal/AA a (Ljava/util/function/Consumer;Lcom/android/tools/r8/graph/c1;Lcom/android/tools/r8/graph/f1;Lcom/android/tools/r8/graph/f1;Lcom/android/tools/r8/graph/w;)Z 63 <appendix> argL0 ; # com/android/tools/r8/internal/AA$$Lambda+0x000001b9cc3369a0
instanceKlass  @bci com/android/tools/r8/internal/AA a (Ljava/util/function/Consumer;Lcom/android/tools/r8/graph/c1;Lcom/android/tools/r8/graph/f1;Lcom/android/tools/r8/graph/f1;Lcom/android/tools/r8/graph/w;)Z 54 <appendix> member <vmtarget> ; # com/android/tools/r8/internal/AA$$Lambda+0x000001b9cc336778
instanceKlass  @bci com/android/tools/r8/internal/aA a (Ljava/util/function/Consumer;Lcom/android/tools/r8/graph/f1;Lcom/android/tools/r8/graph/w;)Z 167 <appendix> argL0 ; # com/android/tools/r8/internal/aA$$Lambda+0x000001b9cc336358
instanceKlass  @bci com/android/tools/r8/internal/IA a (Ljava/util/function/Consumer;Lcom/android/tools/r8/graph/w;)Z 55 <appendix> argL0 ; # com/android/tools/r8/internal/IA$$Lambda+0x000001b9cc336148
instanceKlass  @bci com/android/tools/r8/internal/Tz a (Ljava/util/function/Consumer;Ljava/util/function/Consumer;Ljava/util/function/Consumer;Lcom/android/tools/r8/graph/z0;Lcom/android/tools/r8/graph/w;Lcom/android/tools/r8/internal/nA;)Z 258 <appendix> argL0 ; # com/android/tools/r8/internal/Tz$$Lambda+0x000001b9cc335f18
# instanceKlass com/android/tools/r8/internal/aA$$Lambda+0x000001b9cc335d08
instanceKlass  @bci com/android/tools/r8/internal/aA a (Ljava/util/function/Consumer;Lcom/android/tools/r8/graph/f1;Lcom/android/tools/r8/graph/w;)Z 140 <appendix> argL0 ; # com/android/tools/r8/internal/aA$$Lambda+0x000001b9cc335af8
# instanceKlass com/android/tools/r8/internal/aA$$Lambda+0x000001b9cc3358e8
instanceKlass  @bci com/android/tools/r8/internal/Qz a (Lcom/android/tools/r8/internal/hy;Lcom/android/tools/r8/graph/f1;Lcom/android/tools/r8/graph/w;)Z 82 <appendix> member <vmtarget> ; # com/android/tools/r8/internal/Qz$$Lambda+0x000001b9cc3356c0
# instanceKlass com/android/tools/r8/internal/aA$$Lambda+0x000001b9cc335090
# instanceKlass com/android/tools/r8/internal/LA$$Lambda+0x000001b9cc3354b0
instanceKlass  @bci com/android/tools/r8/internal/LA a (Ljava/util/function/Consumer;Lcom/android/tools/r8/graph/w;)Z 54 <appendix> argL0 ; # com/android/tools/r8/internal/LA$$Lambda+0x000001b9cc3352a0
instanceKlass  @bci com/android/tools/r8/internal/aA a (Ljava/util/function/Consumer;Lcom/android/tools/r8/graph/f1;Lcom/android/tools/r8/graph/w;)Z 113 <appendix> argL0 ; # com/android/tools/r8/internal/aA$$Lambda+0x000001b9cc334e80
# instanceKlass com/android/tools/r8/internal/HA$$Lambda+0x000001b9cc334808
instanceKlass  @bci com/android/tools/r8/internal/LA a (Ljava/util/function/Consumer;Lcom/android/tools/r8/graph/w;)Z 47 <appendix> member <vmtarget> ; # com/android/tools/r8/internal/LA$$Lambda+0x000001b9cc334c58
# instanceKlass com/android/tools/r8/internal/HA$$Lambda+0x000001b9cc334a30
# instanceKlass com/android/tools/r8/internal/HA$$Lambda+0x000001b9cc3343b8
instanceKlass  @bci com/android/tools/r8/internal/HA a (Ljava/util/function/Consumer;Lcom/android/tools/r8/graph/w;)Z 113 <appendix> member <vmtarget> ; # com/android/tools/r8/internal/HA$$Lambda+0x000001b9cc3345e0
instanceKlass com/android/tools/r8/internal/Fy
instanceKlass  @bci com/android/tools/r8/internal/JA a (Ljava/util/function/Consumer;Lcom/android/tools/r8/graph/w;)Z 31 <appendix> member <vmtarget> ; # com/android/tools/r8/internal/JA$$Lambda+0x000001b9cc333f90
instanceKlass  @bci com/android/tools/r8/internal/Tz a (Ljava/util/function/Consumer;Ljava/util/function/Consumer;Ljava/util/function/Consumer;Lcom/android/tools/r8/graph/z0;Lcom/android/tools/r8/graph/w;Lcom/android/tools/r8/internal/nA;)Z 83 <appendix> argL0 ; # com/android/tools/r8/internal/Tz$$Lambda+0x000001b9cc333d60
instanceKlass com/android/tools/r8/internal/Sz
# instanceKlass com/android/tools/r8/internal/HA$$Lambda+0x000001b9cc333950
# instanceKlass com/android/tools/r8/internal/HA$$Lambda+0x000001b9cc333740
instanceKlass  @bci com/android/tools/r8/internal/HA a (Ljava/util/function/Consumer;Lcom/android/tools/r8/graph/w;)Z 96 <appendix> argL0 ; # com/android/tools/r8/internal/HA$$Lambda+0x000001b9cc333530
# instanceKlass com/android/tools/r8/internal/HA$$Lambda+0x000001b9cc333320
# instanceKlass com/android/tools/r8/internal/HA$$Lambda+0x000001b9cc333110
instanceKlass  @bci com/android/tools/r8/internal/HA a (Ljava/util/function/Consumer;Lcom/android/tools/r8/graph/w;)Z 71 <appendix> argL0 ; # com/android/tools/r8/internal/HA$$Lambda+0x000001b9cc332f00
# instanceKlass com/android/tools/r8/internal/HA$$Lambda+0x000001b9cc332cd8
# instanceKlass com/android/tools/r8/internal/HA$$Lambda+0x000001b9cc332ab0
instanceKlass  @bci com/android/tools/r8/internal/HA a (Ljava/util/function/Consumer;Lcom/android/tools/r8/graph/w;)Z 63 <appendix> member <vmtarget> ; # com/android/tools/r8/internal/HA$$Lambda+0x000001b9cc332888
instanceKlass  @bci com/android/tools/r8/internal/zA a (Lcom/android/tools/r8/internal/My;Lcom/android/tools/r8/graph/z0;Lcom/android/tools/r8/graph/w;)Z 58 <appendix> member <vmtarget> ; # com/android/tools/r8/internal/zA$$Lambda+0x000001b9cc332660
# instanceKlass com/android/tools/r8/internal/HA$$Lambda+0x000001b9cc332450
instanceKlass  @bci com/android/tools/r8/internal/zA a (Lcom/android/tools/r8/internal/My;Lcom/android/tools/r8/graph/z0;Lcom/android/tools/r8/graph/w;)Z 40 <appendix> member <vmtarget> ; # com/android/tools/r8/internal/zA$$Lambda+0x000001b9cc332228
# instanceKlass com/android/tools/r8/internal/HA$$Lambda+0x000001b9cc332018
instanceKlass  @bci com/android/tools/r8/internal/HA a (Ljava/util/function/Consumer;Lcom/android/tools/r8/graph/w;)Z 44 <appendix> argL0 ; # com/android/tools/r8/internal/HA$$Lambda+0x000001b9cc331e08
instanceKlass  @bci com/android/tools/r8/internal/aA a (Ljava/util/function/Consumer;Lcom/android/tools/r8/graph/f1;Lcom/android/tools/r8/graph/w;)Z 88 <appendix> member <vmtarget> ; # com/android/tools/r8/internal/aA$$Lambda+0x000001b9cc331be0
instanceKlass  @bci com/android/tools/r8/internal/zA a (Lcom/android/tools/r8/internal/My;Lcom/android/tools/r8/graph/z0;Lcom/android/tools/r8/graph/w;)Z 25 <appendix> member <vmtarget> ; # com/android/tools/r8/internal/zA$$Lambda+0x000001b9cc3319b8
# instanceKlass com/android/tools/r8/internal/HA$$Lambda+0x000001b9cc331790
instanceKlass  @bci com/android/tools/r8/internal/HA a (Ljava/util/function/Consumer;Lcom/android/tools/r8/graph/w;)Z 36 <appendix> member <vmtarget> ; # com/android/tools/r8/internal/HA$$Lambda+0x000001b9cc331568
instanceKlass  @bci com/android/tools/r8/internal/Tz a (Ljava/util/function/Consumer;Ljava/util/function/Consumer;Ljava/util/function/Consumer;Lcom/android/tools/r8/graph/z0;Lcom/android/tools/r8/graph/w;Lcom/android/tools/r8/internal/nA;)Z 9 <appendix> argL0 ; # com/android/tools/r8/internal/Tz$$Lambda+0x000001b9cc331358
# instanceKlass com/android/tools/r8/internal/Jz$$Lambda+0x000001b9cc331130
instanceKlass  @bci com/android/tools/r8/internal/Jz a (Lcom/android/tools/r8/internal/Uy;Lcom/android/tools/r8/graph/w;)Z 6 <appendix> member <vmtarget> ; # com/android/tools/r8/internal/Jz$$Lambda+0x000001b9cc330f08
# instanceKlass com/android/tools/r8/internal/LA$$Lambda+0x000001b9cc330ce0
instanceKlass com/android/tools/r8/internal/GA
instanceKlass  @bci com/android/tools/r8/internal/LA a (Ljava/util/function/Consumer;Lcom/android/tools/r8/graph/w;)Z 31 <appendix> member <vmtarget> ; # com/android/tools/r8/internal/LA$$Lambda+0x000001b9cc3308a0
instanceKlass  @bci com/android/tools/r8/internal/cA a (Ljava/util/function/Consumer;Lcom/android/tools/r8/graph/f1;Lcom/android/tools/r8/graph/w;)Z 204 <appendix> member <vmtarget> ; # com/android/tools/r8/internal/cA$$Lambda+0x000001b9cc330678
instanceKlass  @bci com/android/tools/r8/internal/uA a (Lcom/android/tools/r8/graph/w;Ljava/util/List;Ljava/util/List;Lcom/android/tools/r8/utils/I3;)Z 34 <appendix> member <vmtarget> ; # com/android/tools/r8/internal/uA$$Lambda+0x000001b9cc330450
instanceKlass  @bci com/android/tools/r8/internal/cA a (Ljava/util/function/Consumer;Lcom/android/tools/r8/graph/f1;Lcom/android/tools/r8/graph/w;)Z 173 <appendix> member <vmtarget> ; # com/android/tools/r8/internal/cA$$Lambda+0x000001b9cc330228
instanceKlass  @bci com/android/tools/r8/internal/Fz a (Lcom/android/tools/r8/graph/w;Lcom/android/tools/r8/graph/z0;)Lcom/android/tools/r8/utils/w2; 600 <appendix> member <vmtarget> ; # com/android/tools/r8/internal/Fz$$Lambda+0x000001b9cc330000
instanceKlass  @bci com/android/tools/r8/internal/Qz a (Lcom/android/tools/r8/internal/hy;Lcom/android/tools/r8/graph/f1;Lcom/android/tools/r8/graph/w;)Z 57 <appendix> argL0 ; # com/android/tools/r8/internal/Qz$$Lambda+0x000001b9cc329c50
instanceKlass  @bci com/android/tools/r8/internal/Qz a (Lcom/android/tools/r8/internal/hy;Lcom/android/tools/r8/graph/f1;Lcom/android/tools/r8/graph/w;)Z 30 <appendix> member <vmtarget> ; # com/android/tools/r8/internal/Qz$$Lambda+0x000001b9cc329a28
instanceKlass  @bci com/android/tools/r8/internal/Fz a (Lcom/android/tools/r8/graph/w;Lcom/android/tools/r8/graph/z0;)Lcom/android/tools/r8/utils/w2; 586 <appendix> member <vmtarget> ; # com/android/tools/r8/internal/Fz$$Lambda+0x000001b9cc329800
instanceKlass  @bci com/android/tools/r8/internal/Dz a (Ljava/util/Map;Lcom/android/tools/r8/graph/y1;)Ljava/util/Map; 25 <appendix> member <vmtarget> ; # com/android/tools/r8/internal/Dz$$Lambda+0x000001b9cc32bc00
instanceKlass  @bci com/android/tools/r8/internal/Fz a (Lcom/android/tools/r8/graph/w;Lcom/android/tools/r8/graph/z0;)Lcom/android/tools/r8/utils/w2; 572 <appendix> member <vmtarget> ; # com/android/tools/r8/internal/Fz$$Lambda+0x000001b9cc32b9d8
instanceKlass  @bci com/android/tools/r8/internal/Fz a (Lcom/android/tools/r8/jetbrains/kotlinx/metadata/jvm/KotlinClassMetadata$Class;Ljava/lang/String;[ILcom/android/tools/r8/graph/z0;Lcom/android/tools/r8/graph/w;Ljava/util/function/Consumer;)Lcom/android/tools/r8/internal/Fz; 1286 <appendix> member <vmtarget> ; # com/android/tools/r8/internal/Fz$$Lambda+0x000001b9cc32b108
instanceKlass com/android/tools/r8/internal/bA
instanceKlass com/android/tools/r8/internal/Dz
instanceKlass com/android/tools/r8/internal/sA
instanceKlass com/android/tools/r8/internal/gA
instanceKlass  @bci com/android/tools/r8/internal/AA a (Lcom/android/tools/r8/internal/Qy;Lcom/android/tools/r8/graph/y1;Lcom/android/tools/r8/utils/Q2;)Lcom/android/tools/r8/internal/AA; 291 <appendix> member <vmtarget> ; # com/android/tools/r8/internal/AA$$Lambda+0x000001b9cc32fc78
# instanceKlass com/android/tools/r8/internal/aA$$Lambda+0x000001b9cc32fa40
# instanceKlass com/android/tools/r8/internal/aA$$Lambda+0x000001b9cc32f808
instanceKlass  @bci com/android/tools/r8/internal/aA a (Lcom/android/tools/r8/internal/Gy;Lcom/android/tools/r8/graph/y1;Lcom/android/tools/r8/utils/Q2;Z)Lcom/android/tools/r8/internal/aA; 585 <appendix> member <vmtarget> ; # com/android/tools/r8/internal/aA$$Lambda+0x000001b9cc32f5d0
instanceKlass com/android/tools/r8/internal/vu
instanceKlass com/android/tools/r8/internal/Rz
instanceKlass com/android/tools/r8/internal/AA
instanceKlass com/android/tools/r8/internal/cA
instanceKlass com/android/tools/r8/internal/IA
instanceKlass com/android/tools/r8/internal/MA
instanceKlass com/android/tools/r8/internal/JA
instanceKlass com/android/tools/r8/internal/Zz
instanceKlass com/android/tools/r8/internal/KA
instanceKlass com/android/tools/r8/internal/Ez
instanceKlass com/android/tools/r8/internal/aA
instanceKlass com/android/tools/r8/internal/Oz
instanceKlass com/android/tools/r8/internal/HA
instanceKlass com/android/tools/r8/jetbrains/kotlinx/metadata/jvm/d
instanceKlass com/android/tools/r8/internal/LA
instanceKlass com/android/tools/r8/internal/Tz
instanceKlass com/android/tools/r8/internal/Qz
instanceKlass com/android/tools/r8/internal/nA
# instanceKlass com/android/tools/r8/internal/dA$$Lambda+0x000001b9cc327890
# instanceKlass com/android/tools/r8/internal/dA$$Lambda+0x000001b9cc327678
instanceKlass  @bci com/android/tools/r8/internal/dA a (Ljava/util/List;)V 2 <appendix> member <vmtarget> ; # com/android/tools/r8/internal/dA$$Lambda+0x000001b9cc327460
instanceKlass com/android/tools/r8/internal/zA
# instanceKlass java/lang/invoke/LambdaForm$DMH+0x000001b9cc329400
# instanceKlass java/lang/invoke/LambdaForm$DMH+0x000001b9cc329000
instanceKlass  @cpi com/android/tools/r8/internal/dA 72 form vmentry <vmtarget> ; # java/lang/invoke/LambdaForm$DMH+0x000001b9cc328c00
# instanceKlass com/android/tools/r8/internal/dA$$Lambda+0x000001b9cc327030
# instanceKlass com/android/tools/r8/internal/dA$$Lambda+0x000001b9cc326e18
# instanceKlass com/android/tools/r8/internal/dA$$Lambda+0x000001b9cc326c00
instanceKlass  @bci com/android/tools/r8/internal/dA b (Ljava/util/List;)V 2 <appendix> member <vmtarget> ; # com/android/tools/r8/internal/dA$$Lambda+0x000001b9cc3269e8
instanceKlass com/android/tools/r8/internal/dA
# instanceKlass java/lang/invoke/LambdaForm$MH+0x000001b9cc328800
# instanceKlass java/lang/invoke/LambdaForm$MH+0x000001b9cc328400
# instanceKlass java/lang/invoke/LambdaForm$MH+0x000001b9cc328000
instanceKlass com/android/tools/r8/internal/Nx
instanceKlass com/android/tools/r8/jetbrains/kotlinx/metadata/jvm/l
instanceKlass com/android/tools/r8/internal/BQ
instanceKlass  @bci com/android/tools/r8/utils/K2 a (Lcom/android/tools/r8/utils/J2;)Lcom/android/tools/r8/utils/J2; 20 <appendix> member <vmtarget> ; # com/android/tools/r8/utils/K2$$Lambda+0x000001b9cc325708
instanceKlass  @bci com/android/tools/r8/utils/K2 a (Lcom/android/tools/r8/utils/J2;)Lcom/android/tools/r8/utils/J2; 65 <appendix> member <vmtarget> ; # com/android/tools/r8/utils/K2$$Lambda+0x000001b9cc3250a8
instanceKlass com/android/tools/r8/utils/J2
instanceKlass com/android/tools/r8/utils/K2
instanceKlass com/android/tools/r8/utils/M2
instanceKlass com/android/tools/r8/utils/L2
instanceKlass com/android/tools/r8/internal/lj
instanceKlass com/android/tools/r8/internal/eA
instanceKlass com/android/tools/r8/jetbrains/kotlinx/metadata/jvm/g
instanceKlass com/android/tools/r8/internal/Mg
instanceKlass com/android/tools/r8/internal/WN
instanceKlass com/android/tools/r8/internal/zu
instanceKlass com/android/tools/r8/internal/Zb
instanceKlass com/android/tools/r8/internal/Ma
instanceKlass com/android/tools/r8/internal/LP
instanceKlass com/android/tools/r8/jetbrains/kotlinx/metadata/jvm/b
instanceKlass com/android/tools/r8/internal/ez
instanceKlass com/android/tools/r8/internal/qQ
instanceKlass com/android/tools/r8/jetbrains/kotlinx/metadata/jvm/f
instanceKlass com/android/tools/r8/jetbrains/kotlinx/metadata/jvm/m
instanceKlass com/android/tools/r8/internal/iz
instanceKlass com/android/tools/r8/internal/tu
instanceKlass com/android/tools/r8/internal/ty
instanceKlass com/android/tools/r8/internal/ci
instanceKlass com/android/tools/r8/internal/my
instanceKlass com/android/tools/r8/jetbrains/kotlinx/metadata/jvm/n
instanceKlass com/android/tools/r8/internal/kj
instanceKlass com/android/tools/r8/internal/DQ
instanceKlass com/android/tools/r8/internal/Px
instanceKlass com/android/tools/r8/internal/CQ
instanceKlass com/android/tools/r8/internal/B20
instanceKlass com/android/tools/r8/internal/V00
instanceKlass com/android/tools/r8/internal/AQ
instanceKlass com/android/tools/r8/internal/OV
instanceKlass com/android/tools/r8/internal/Su
instanceKlass com/android/tools/r8/internal/Qg
instanceKlass com/android/tools/r8/internal/Ob
instanceKlass com/android/tools/r8/internal/Fn
instanceKlass com/android/tools/r8/internal/Hn
instanceKlass com/android/tools/r8/internal/Gn
instanceKlass com/android/tools/r8/internal/Ru
instanceKlass com/android/tools/r8/internal/NG
instanceKlass com/android/tools/r8/internal/b40
instanceKlass com/android/tools/r8/internal/w5
instanceKlass com/android/tools/r8/internal/ai
instanceKlass com/android/tools/r8/internal/nk
instanceKlass com/android/tools/r8/internal/z6
instanceKlass com/android/tools/r8/internal/LV
instanceKlass com/android/tools/r8/internal/NV
instanceKlass com/android/tools/r8/internal/MV
instanceKlass com/android/tools/r8/internal/y0
instanceKlass com/android/tools/r8/internal/B6
instanceKlass com/android/tools/r8/internal/Mb
instanceKlass com/android/tools/r8/internal/mk
instanceKlass com/android/tools/r8/internal/Qi
instanceKlass com/android/tools/r8/internal/lv
instanceKlass com/android/tools/r8/internal/bi
instanceKlass com/android/tools/r8/internal/mv
instanceKlass com/android/tools/r8/internal/AY
instanceKlass com/android/tools/r8/internal/qE
instanceKlass com/android/tools/r8/internal/GL
instanceKlass com/android/tools/r8/internal/Wj
instanceKlass com/android/tools/r8/internal/Vj
instanceKlass com/android/tools/r8/internal/Uj
instanceKlass com/android/tools/r8/internal/Sj
instanceKlass com/android/tools/r8/internal/Rj
instanceKlass com/android/tools/r8/internal/Qj
instanceKlass com/android/tools/r8/internal/Pj
instanceKlass com/android/tools/r8/internal/Oj
instanceKlass com/android/tools/r8/internal/Nj
instanceKlass com/android/tools/r8/internal/Mj
instanceKlass com/android/tools/r8/internal/Lj
instanceKlass com/android/tools/r8/internal/Kj
instanceKlass com/android/tools/r8/internal/Ij
instanceKlass com/android/tools/r8/internal/ek
instanceKlass com/android/tools/r8/internal/dk
instanceKlass com/android/tools/r8/internal/ck
instanceKlass com/android/tools/r8/internal/bk
instanceKlass com/android/tools/r8/internal/ak
instanceKlass com/android/tools/r8/internal/Zj
instanceKlass com/android/tools/r8/internal/Yj
instanceKlass com/android/tools/r8/internal/Xj
instanceKlass com/android/tools/r8/internal/Jj
instanceKlass com/android/tools/r8/internal/gb
instanceKlass com/android/tools/r8/internal/ka
instanceKlass com/android/tools/r8/internal/MS
instanceKlass com/android/tools/r8/internal/LS
instanceKlass com/android/tools/r8/internal/rv
instanceKlass com/android/tools/r8/internal/Dy
instanceKlass com/android/tools/r8/internal/Yy
instanceKlass com/android/tools/r8/internal/iy
instanceKlass com/android/tools/r8/internal/jy
instanceKlass com/android/tools/r8/internal/Zy
instanceKlass com/android/tools/r8/internal/Ny
instanceKlass com/android/tools/r8/internal/bz
instanceKlass com/android/tools/r8/internal/cz
instanceKlass com/android/tools/r8/internal/Hy
instanceKlass com/android/tools/r8/internal/Iy
instanceKlass com/android/tools/r8/internal/py
instanceKlass com/android/tools/r8/internal/qy
instanceKlass com/android/tools/r8/internal/Ry
instanceKlass com/android/tools/r8/internal/Cy
instanceKlass com/android/tools/r8/internal/Sy
instanceKlass com/android/tools/r8/internal/Ju
instanceKlass java/io/Reader
instanceKlass com/android/tools/r8/internal/cc
instanceKlass com/android/tools/r8/internal/UY
instanceKlass com/android/tools/r8/internal/mj
instanceKlass com/android/tools/r8/internal/WE
instanceKlass com/android/tools/r8/internal/hj
instanceKlass com/android/tools/r8/internal/XE
instanceKlass com/android/tools/r8/internal/oz
instanceKlass com/android/tools/r8/internal/Ty
instanceKlass com/android/tools/r8/internal/Jy
instanceKlass com/android/tools/r8/internal/Oy
instanceKlass com/android/tools/r8/jetbrains/kotlinx/metadata/jvm/c
instanceKlass com/android/tools/r8/internal/Ey
instanceKlass com/android/tools/r8/internal/dz
instanceKlass com/android/tools/r8/internal/ry
instanceKlass com/android/tools/r8/internal/z0
instanceKlass com/android/tools/r8/internal/QE
instanceKlass com/android/tools/r8/internal/Xy
instanceKlass com/android/tools/r8/internal/Fz
instanceKlass com/android/tools/r8/internal/Yz
instanceKlass com/android/tools/r8/internal/j10
instanceKlass sun/reflect/misc/ReflectUtil
instanceKlass java/util/concurrent/atomic/AtomicReferenceFieldUpdater$AtomicReferenceFieldUpdaterImpl$1
instanceKlass java/util/concurrent/atomic/AtomicReferenceFieldUpdater
instanceKlass com/android/tools/r8/jetbrains/kotlin/SafePublicationLazyImpl
instanceKlass com/android/tools/r8/internal/Ss
instanceKlass com/android/tools/r8/internal/mB
instanceKlass com/android/tools/r8/jetbrains/kotlin/a
instanceKlass com/android/tools/r8/internal/fz
instanceKlass com/android/tools/r8/internal/Z0
instanceKlass com/android/tools/r8/internal/PL
instanceKlass com/android/tools/r8/internal/uy
instanceKlass com/android/tools/r8/internal/vy
instanceKlass com/android/tools/r8/internal/QA
instanceKlass com/android/tools/r8/internal/Hs
instanceKlass com/android/tools/r8/internal/Hj
instanceKlass com/android/tools/r8/internal/Ng
instanceKlass com/android/tools/r8/internal/x3
instanceKlass com/android/tools/r8/internal/Ts
instanceKlass com/android/tools/r8/internal/m
instanceKlass com/android/tools/r8/internal/sv
instanceKlass com/android/tools/r8/internal/e5
instanceKlass com/android/tools/r8/jetbrains/kotlinx/metadata/jvm/KotlinClassMetadata
instanceKlass com/android/tools/r8/internal/iA
instanceKlass com/android/tools/r8/internal/RE
instanceKlass  @bci com/android/tools/r8/internal/Iz b (Lcom/android/tools/r8/graph/K2;Ljava/lang/String;)[Ljava/lang/String; 36 <appendix> form vmentry <vmtarget> ; # java/lang/invoke/LambdaForm$MH+0x000001b9cc2fa400
# instanceKlass java/lang/invoke/LambdaForm$MH+0x000001b9cc2fa000
# instanceKlass java/lang/invoke/LambdaForm$MH+0x000001b9cc2f9c00
# instanceKlass java/lang/invoke/LambdaForm$MH+0x000001b9cc2f9800
# instanceKlass java/lang/invoke/LambdaForm$MH+0x000001b9cc2f9400
# instanceKlass java/lang/invoke/LambdaForm$MH+0x000001b9cc2f9000
# instanceKlass java/lang/invoke/LambdaForm$MH+0x000001b9cc2f8c00
# instanceKlass java/lang/invoke/LambdaForm$MH+0x000001b9cc2f8800
instanceKlass  @bci com/android/tools/r8/internal/Iz b (Lcom/android/tools/r8/graph/K2;Ljava/lang/String;)[Ljava/lang/String; 36 <appendix> argL3 form vmentry <vmtarget> ; # java/lang/invoke/LambdaForm$MH+0x000001b9cc2f8400
# instanceKlass java/lang/invoke/LambdaForm$MH+0x000001b9cc2f8000
# instanceKlass java/lang/invoke/LambdaForm$MH+0x000001b9cc2f7c00
# instanceKlass java/lang/invoke/LambdaForm$MH+0x000001b9cc2f7800
# instanceKlass java/lang/invoke/LambdaForm$MH+0x000001b9cc2f7400
# instanceKlass java/lang/invoke/LambdaForm$MH+0x000001b9cc2f7000
# instanceKlass java/lang/invoke/LambdaForm$MH+0x000001b9cc2f6c00
# instanceKlass java/lang/invoke/LambdaForm$MH+0x000001b9cc2f6800
# instanceKlass java/lang/invoke/LambdaForm$MH+0x000001b9cc2f6400
# instanceKlass java/lang/invoke/LambdaForm$MH+0x000001b9cc2f6000
# instanceKlass java/lang/invoke/LambdaForm$MH+0x000001b9cc2f5c00
# instanceKlass java/lang/invoke/LambdaForm$MH+0x000001b9cc2f5800
# instanceKlass java/lang/invoke/LambdaForm$MH+0x000001b9cc2f5400
# instanceKlass java/lang/invoke/LambdaForm$MH+0x000001b9cc2f5000
# instanceKlass java/lang/invoke/LambdaForm$MH+0x000001b9cc2f4c00
# instanceKlass java/lang/invoke/LambdaForm$MH+0x000001b9cc2f4800
# instanceKlass java/lang/invoke/LambdaForm$MH+0x000001b9cc2f4400
# instanceKlass java/lang/invoke/LambdaForm$MH+0x000001b9cc2f4000
# instanceKlass java/lang/invoke/LambdaForm$MH+0x000001b9cc2f3c00
# instanceKlass java/lang/invoke/LambdaForm$MH+0x000001b9cc2f3800
instanceKlass  @bci com/android/tools/r8/internal/Iz b (Lcom/android/tools/r8/graph/K2;Ljava/lang/String;)[Ljava/lang/String; 36 <appendix> argL1 form vmentry <vmtarget> ; # java/lang/invoke/LambdaForm$MH+0x000001b9cc2f3400
# instanceKlass java/lang/invoke/LambdaForm$MH+0x000001b9cc2f3000
# instanceKlass java/lang/invoke/LambdaForm$MH+0x000001b9cc2f2c00
# instanceKlass java/lang/invoke/LambdaForm$MH+0x000001b9cc2f2800
# instanceKlass java/lang/invoke/LambdaForm$MH+0x000001b9cc2f2400
# instanceKlass java/lang/invoke/LambdaForm$MH+0x000001b9cc2f2000
# instanceKlass java/lang/invoke/LambdaForm$MH+0x000001b9cc2f1c00
# instanceKlass java/lang/invoke/LambdaForm$MH+0x000001b9cc2f1800
# instanceKlass java/lang/invoke/LambdaForm$MH+0x000001b9cc2f1400
# instanceKlass java/lang/invoke/LambdaForm$MH+0x000001b9cc2f1000
# instanceKlass java/lang/invoke/LambdaForm$MH+0x000001b9cc2f0c00
# instanceKlass java/lang/invoke/LambdaForm$MH+0x000001b9cc2f0800
# instanceKlass java/lang/invoke/LambdaForm$MH+0x000001b9cc2f0400
# instanceKlass java/lang/invoke/LambdaForm$MH+0x000001b9cc2f0000
# instanceKlass java/lang/invoke/LambdaForm$MH+0x000001b9cc2e8c00
# instanceKlass java/lang/invoke/LambdaForm$MH+0x000001b9cc2e8800
instanceKlass com/android/tools/r8/internal/Iz
# instanceKlass com/android/tools/r8/internal/pA$$Lambda+0x000001b9cc2eb7a8
# instanceKlass com/android/tools/r8/internal/pA$$Lambda+0x000001b9cc2eb378
instanceKlass  @bci com/android/tools/r8/internal/pA a (Lcom/android/tools/r8/utils/K;Lcom/android/tools/r8/internal/oA;Lcom/android/tools/r8/graph/z2;)V 36 <appendix> member <vmtarget> ; # com/android/tools/r8/internal/pA$$Lambda+0x000001b9cc2eb590
# instanceKlass com/android/tools/r8/internal/pA$$Lambda+0x000001b9cc2eb160
instanceKlass  @bci com/android/tools/r8/internal/pA a (Ljava/util/concurrent/ExecutorService;)V 55 <appendix> member <vmtarget> ; # com/android/tools/r8/internal/pA$$Lambda+0x000001b9cc2eaf38
instanceKlass com/android/tools/r8/internal/oA
instanceKlass com/android/tools/r8/internal/pA
instanceKlass  @bci com/android/tools/r8/D8 a (Lcom/android/tools/r8/graph/w;Lcom/android/tools/r8/utils/A3;Ljava/util/concurrent/ExecutorService;)V 54 <appendix> member <vmtarget> ; # com/android/tools/r8/D8$$Lambda+0x000001b9cc2ea6d8
# instanceKlass com/android/tools/r8/graph/M3$$Lambda+0x000001b9cc2ea490
# instanceKlass com/android/tools/r8/graph/M3$$Lambda+0x000001b9cc2ea248
# instanceKlass com/android/tools/r8/graph/M3$$Lambda+0x000001b9cc2ea000
instanceKlass  @bci com/android/tools/r8/graph/M3 a (Ljava/util/List;Ljava/util/List;Lcom/android/tools/r8/graph/E2;)V 2 <appendix> member <vmtarget> ; # com/android/tools/r8/graph/M3$$Lambda+0x000001b9cc2efda8
# instanceKlass com/android/tools/r8/graph/M3$$Lambda+0x000001b9cc2efb80
instanceKlass  @bci com/android/tools/r8/graph/M3 e (Ljava/util/List;)Ljava/util/List; 50 <appendix> member <vmtarget> ; # com/android/tools/r8/graph/M3$$Lambda+0x000001b9cc2ef958
# instanceKlass com/android/tools/r8/graph/M3$$Lambda+0x000001b9cc2ef720
# instanceKlass com/android/tools/r8/graph/M3$$Lambda+0x000001b9cc2ef4e8
instanceKlass  @bci com/android/tools/r8/graph/M3 a (Lcom/android/tools/r8/graph/E2;Lcom/android/tools/r8/graph/E2;Ljava/util/List;)Ljava/util/List; 48 <appendix> member <vmtarget> ; # com/android/tools/r8/graph/M3$$Lambda+0x000001b9cc2ef2b0
# instanceKlass com/android/tools/r8/graph/M3$$Lambda+0x000001b9cc2ef078
instanceKlass  @bci com/android/tools/r8/graph/M3 e (Ljava/util/List;)Ljava/util/List; 13 <appendix> member <vmtarget> ; # com/android/tools/r8/graph/M3$$Lambda+0x000001b9cc2eee40
instanceKlass  @bci com/android/tools/r8/graph/M3 d (Ljava/util/List;)Ljava/util/List; 13 <appendix> member <vmtarget> ; # com/android/tools/r8/graph/M3$$Lambda+0x000001b9cc2eec08
instanceKlass com/android/tools/r8/graph/C3
instanceKlass  @bci com/android/tools/r8/graph/M3 a (Ljava/util/List;)Ljava/util/List; 13 <appendix> member <vmtarget> ; # com/android/tools/r8/graph/M3$$Lambda+0x000001b9cc2ee7d0
instanceKlass  @bci com/android/tools/r8/internal/Dk d (Lcom/android/tools/r8/internal/Dk;Lcom/android/tools/r8/graph/E2;)Lcom/android/tools/r8/graph/E2; 7 <appendix> argL0 ; # com/android/tools/r8/internal/Dk$$Lambda+0x000001b9cc2ee590
instanceKlass  @bci com/android/tools/r8/utils/U1 a (Ljava/util/List;Ljava/util/function/Function;Ljava/util/List;)Ljava/util/List; 2 <appendix> member <vmtarget> ; # com/android/tools/r8/utils/U1$$Lambda+0x000001b9cc2ee378
# instanceKlass com/android/tools/r8/internal/vk$$Lambda+0x000001b9cc2ee150
instanceKlass  @bci com/android/tools/r8/internal/vk a (Ljava/util/function/Predicate;Ljava/util/function/BiPredicate;Ljava/util/function/Predicate;Lcom/android/tools/r8/graph/z2;)V 144 <appendix> member <vmtarget> ; # com/android/tools/r8/internal/vk$$Lambda+0x000001b9cc2edf28
instanceKlass  @bci com/android/tools/r8/internal/Dk d (Lcom/android/tools/r8/internal/Dk;Lcom/android/tools/r8/graph/E2;)Lcom/android/tools/r8/graph/E2; 2 <appendix> argL0 ; # com/android/tools/r8/internal/Dk$$Lambda+0x000001b9cc2edd08
instanceKlass  @cpi com/android/tools/r8/utils/U1 131 form vmentry <vmtarget> ; # java/lang/invoke/LambdaForm$DMH+0x000001b9cc2e8400
instanceKlass com/android/tools/r8/utils/p1
# instanceKlass com/android/tools/r8/internal/vk$$Lambda+0x000001b9cc2ed690
instanceKlass  @bci com/android/tools/r8/internal/vk a (Ljava/util/function/Predicate;Ljava/util/function/BiPredicate;Ljava/util/function/Predicate;Lcom/android/tools/r8/graph/z2;)V 136 <appendix> member <vmtarget> ; # com/android/tools/r8/internal/vk$$Lambda+0x000001b9cc2edae0
# instanceKlass com/android/tools/r8/internal/vk$$Lambda+0x000001b9cc2ed8b8
instanceKlass  @bci com/android/tools/r8/graph/M3 c (Ljava/util/List;)Ljava/util/List; 13 <appendix> member <vmtarget> ; # com/android/tools/r8/graph/M3$$Lambda+0x000001b9cc2ed458
instanceKlass com/android/tools/r8/graph/K3
instanceKlass com/android/tools/r8/graph/M3
# instanceKlass com/android/tools/r8/graph/N3$$Lambda+0x000001b9cc2ecd38
# instanceKlass com/android/tools/r8/graph/N3$$Lambda+0x000001b9cc2ecb00
instanceKlass  @bci com/android/tools/r8/graph/N3 <init> (Lcom/android/tools/r8/graph/w;Lcom/android/tools/r8/graph/z2;Ljava/util/function/Predicate;)V 56 <appendix> member <vmtarget> ; # com/android/tools/r8/graph/N3$$Lambda+0x000001b9cc2ec8c8
instanceKlass com/android/tools/r8/graph/N3
instanceKlass  @bci com/android/tools/r8/internal/vk a (Ljava/util/Collection;Ljava/util/concurrent/ExecutorService;)V 121 <appendix> member <vmtarget> ; # com/android/tools/r8/internal/vk$$Lambda+0x000001b9cc2ec490
instanceKlass  @bci com/android/tools/r8/internal/vk a (Ljava/util/Collection;Ljava/util/concurrent/ExecutorService;)V 108 <appendix> member <vmtarget> ; # com/android/tools/r8/internal/vk$$Lambda+0x000001b9cc2ec248
instanceKlass  @bci com/android/tools/r8/internal/vk a (Ljava/util/Collection;Ljava/util/concurrent/ExecutorService;)V 101 <appendix> member <vmtarget> ; # com/android/tools/r8/internal/vk$$Lambda+0x000001b9cc2ec000
instanceKlass  @cpi com/android/tools/r8/internal/vk 178 form vmentry <vmtarget> ; # java/lang/invoke/LambdaForm$DMH+0x000001b9cc2e8000
instanceKlass  @bci com/android/tools/r8/internal/vk a (Ljava/util/Collection;Ljava/util/concurrent/ExecutorService;)V 95 <appendix> member <vmtarget> ; # com/android/tools/r8/internal/vk$$Lambda+0x000001b9cc2e4400
instanceKlass com/android/tools/r8/graph/R3
instanceKlass com/android/tools/r8/internal/vk
instanceKlass  @bci com/android/tools/r8/D8 a (Lcom/android/tools/r8/graph/w;Lcom/android/tools/r8/utils/A3;Ljava/util/concurrent/ExecutorService;)V 41 <appendix> member <vmtarget> ; # com/android/tools/r8/D8$$Lambda+0x000001b9cc2e4800
instanceKlass com/android/tools/r8/internal/Sl
instanceKlass com/android/tools/r8/internal/jl
instanceKlass  @bci com/android/tools/r8/D8 a (Lcom/android/tools/r8/graph/w;Lcom/android/tools/r8/utils/A3;Ljava/util/concurrent/ExecutorService;)V 28 <appendix> member <vmtarget> ; # com/android/tools/r8/D8$$Lambda+0x000001b9cc2e5238
instanceKlass  @bci com/android/tools/r8/graph/H5 a (Lcom/android/tools/r8/graph/B2;)Z 16 <appendix> member <vmtarget> ; # com/android/tools/r8/graph/H5$$Lambda+0x000001b9cc2e5000
instanceKlass  @bci com/android/tools/r8/graph/H5 a (Lcom/android/tools/r8/graph/B2;)Z 10 <appendix> member <vmtarget> ; # com/android/tools/r8/graph/H5$$Lambda+0x000001b9cc2e7d78
instanceKlass  @bci com/android/tools/r8/graph/H5 a (Lcom/android/tools/r8/graph/B2;)Z 4 <appendix> member <vmtarget> ; # com/android/tools/r8/graph/H5$$Lambda+0x000001b9cc2e7b40
instanceKlass  @bci com/android/tools/r8/shaking/l a (Lcom/android/tools/r8/graph/H5;Lcom/android/tools/r8/utils/A3;)Lcom/android/tools/r8/shaking/l; 20 <appendix> member <vmtarget> ; # com/android/tools/r8/shaking/l$$Lambda+0x000001b9cc2e7918
instanceKlass  @bci com/android/tools/r8/shaking/N1 a (Lcom/android/tools/r8/graph/H5;)Lcom/android/tools/r8/shaking/N1; 90 <appendix> member <vmtarget> ; # com/android/tools/r8/shaking/N1$$Lambda+0x000001b9cc2e76f0
instanceKlass  @bci com/android/tools/r8/shaking/N1 a (Lcom/android/tools/r8/graph/H5;)Lcom/android/tools/r8/shaking/N1; 74 <appendix> member <vmtarget> ; # com/android/tools/r8/shaking/N1$$Lambda+0x000001b9cc2e74c8
instanceKlass  @bci com/android/tools/r8/shaking/N1 a (Lcom/android/tools/r8/graph/H5;)Lcom/android/tools/r8/shaking/N1; 58 <appendix> member <vmtarget> ; # com/android/tools/r8/shaking/N1$$Lambda+0x000001b9cc2e72a0
instanceKlass  @bci com/android/tools/r8/shaking/N1 a (Lcom/android/tools/r8/graph/H5;)Lcom/android/tools/r8/shaking/N1; 25 <appendix> member <vmtarget> ; # com/android/tools/r8/shaking/N1$$Lambda+0x000001b9cc2e7078
instanceKlass  @bci com/android/tools/r8/shaking/N1 b (Lcom/android/tools/r8/synthesis/D;Lcom/android/tools/r8/internal/Dk;)Lcom/android/tools/r8/shaking/N1; 78 <appendix> member <vmtarget> ; # com/android/tools/r8/shaking/N1$$Lambda+0x000001b9cc2e6890
instanceKlass  @bci com/android/tools/r8/shaking/N1 b (Lcom/android/tools/r8/synthesis/D;Lcom/android/tools/r8/internal/Dk;)Lcom/android/tools/r8/shaking/N1; 61 <appendix> member <vmtarget> ; # com/android/tools/r8/shaking/N1$$Lambda+0x000001b9cc2e6668
instanceKlass  @bci com/android/tools/r8/shaking/N1 b (Lcom/android/tools/r8/synthesis/D;Lcom/android/tools/r8/internal/Dk;)Lcom/android/tools/r8/shaking/N1; 45 <appendix> member <vmtarget> ; # com/android/tools/r8/shaking/N1$$Lambda+0x000001b9cc2e6440
instanceKlass  @bci com/android/tools/r8/shaking/N1 b (Lcom/android/tools/r8/synthesis/D;Lcom/android/tools/r8/internal/Dk;)Lcom/android/tools/r8/shaking/N1; 10 <appendix> member <vmtarget> ; # com/android/tools/r8/shaking/N1$$Lambda+0x000001b9cc2e6218
instanceKlass  @bci com/android/tools/r8/shaking/N1 a (Lcom/android/tools/r8/synthesis/D;Lcom/android/tools/r8/internal/Dk;Lcom/android/tools/r8/utils/A3;)Lcom/android/tools/r8/shaking/N1; 4 <appendix> member <vmtarget> ; # com/android/tools/r8/shaking/N1$$Lambda+0x000001b9cc2e6000
instanceKlass com/android/tools/r8/synthesis/r
instanceKlass  @bci com/android/tools/r8/synthesis/t a (Lcom/android/tools/r8/graph/w;Lcom/android/tools/r8/utils/A3;)Lcom/android/tools/r8/synthesis/r; 366 <appendix> member <vmtarget> ; # com/android/tools/r8/synthesis/t$$Lambda+0x000001b9cc2e3b28
instanceKlass  @bci com/android/tools/r8/synthesis/t a (Lcom/android/tools/r8/synthesis/s;Ljava/util/function/Consumer;)V 6 <appendix> member <vmtarget> ; # com/android/tools/r8/synthesis/t$$Lambda+0x000001b9cc2e3900
instanceKlass  @bci com/android/tools/r8/utils/W2 b (Lcom/android/tools/r8/utils/d1;)Lcom/android/tools/r8/internal/jn; 6 <appendix> member <vmtarget> ; # com/android/tools/r8/utils/W2$$Lambda+0x000001b9cc2e36d8
instanceKlass  @bci com/android/tools/r8/synthesis/t a (Lcom/android/tools/r8/graph/w;Lcom/android/tools/r8/utils/A3;)Lcom/android/tools/r8/synthesis/r; 261 <appendix> member <vmtarget> ; # com/android/tools/r8/synthesis/t$$Lambda+0x000001b9cc2e34c0
instanceKlass  @bci com/android/tools/r8/synthesis/c a (Ljava/util/function/Consumer;)V 24 <appendix> member <vmtarget> ; # com/android/tools/r8/synthesis/c$$Lambda+0x000001b9cc2e3298
instanceKlass  @bci com/android/tools/r8/synthesis/c a (Ljava/util/function/Consumer;)V 9 <appendix> member <vmtarget> ; # com/android/tools/r8/synthesis/c$$Lambda+0x000001b9cc2e3070
instanceKlass  @bci com/android/tools/r8/synthesis/t a (Lcom/android/tools/r8/graph/w;Lcom/android/tools/r8/utils/A3;)Lcom/android/tools/r8/synthesis/r; 163 <appendix> member <vmtarget> ; # com/android/tools/r8/synthesis/t$$Lambda+0x000001b9cc2e2e48
instanceKlass  @bci com/android/tools/r8/graph/g3 a (Ljava/util/function/Predicate;)Ljava/lang/Iterable; 29 <appendix> member <vmtarget> ; # com/android/tools/r8/graph/g3$$Lambda+0x000001b9cc2e2bd0
instanceKlass  @bci com/android/tools/r8/graph/g3 a (Ljava/util/function/Predicate;)Ljava/lang/Iterable; 13 <appendix> member <vmtarget> ; # com/android/tools/r8/graph/g3$$Lambda+0x000001b9cc2e2958
instanceKlass  @bci com/android/tools/r8/graph/z2 e (Ljava/util/function/Consumer;Ljava/util/function/Predicate;)V 3 <appendix> member <vmtarget> ; # com/android/tools/r8/graph/z2$$Lambda+0x000001b9cc2e2730
instanceKlass  @bci com/android/tools/r8/synthesis/t a (Lcom/android/tools/r8/internal/GZ;Lcom/android/tools/r8/synthesis/p;Lcom/android/tools/r8/synthesis/q;)V 12 <appendix> member <vmtarget> ; # com/android/tools/r8/synthesis/t$$Lambda+0x000001b9cc2e2508
instanceKlass  @bci com/android/tools/r8/synthesis/t a (Lcom/android/tools/r8/utils/A3;Lcom/android/tools/r8/graph/w;Ljava/util/Map;Ljava/util/Map;Lcom/android/tools/r8/synthesis/p;Ljava/util/function/BiConsumer;Ljava/util/function/BiConsumer;Ljava/util/Set;)Lcom/android/tools/r8/graph/s0; 519 <appendix> member <vmtarget> ; # com/android/tools/r8/synthesis/t$$Lambda+0x000001b9cc2e22e0
instanceKlass  @bci com/android/tools/r8/synthesis/t a (Lcom/android/tools/r8/utils/A3;Lcom/android/tools/r8/graph/w;Ljava/util/Map;Ljava/util/Map;Lcom/android/tools/r8/synthesis/p;Ljava/util/function/BiConsumer;Ljava/util/function/BiConsumer;Ljava/util/Set;)Lcom/android/tools/r8/graph/s0; 482 <appendix> member <vmtarget> ; # com/android/tools/r8/synthesis/t$$Lambda+0x000001b9cc2e20b8
instanceKlass  @bci com/android/tools/r8/synthesis/t a (Lcom/android/tools/r8/utils/A3;Lcom/android/tools/r8/graph/w;Ljava/util/Map;Ljava/util/Map;Lcom/android/tools/r8/synthesis/p;Ljava/util/function/BiConsumer;Ljava/util/function/BiConsumer;Ljava/util/Set;)Lcom/android/tools/r8/graph/s0; 470 <appendix> member <vmtarget> ; # com/android/tools/r8/synthesis/t$$Lambda+0x000001b9cc2e1e90
instanceKlass  @bci com/android/tools/r8/graph/j3 c ()Ljava/util/List; 1 <appendix> argL0 ; # com/android/tools/r8/graph/j3$$Lambda+0x000001b9cc2e1c50
instanceKlass  @bci com/android/tools/r8/graph/K4 h (Ljava/util/function/Function;)Lcom/android/tools/r8/graph/K4; 68 <appendix> member <vmtarget> ; # com/android/tools/r8/graph/K4$$Lambda+0x000001b9cc2e1a28
instanceKlass  @bci com/android/tools/r8/internal/GZ a (Lcom/android/tools/r8/graph/z2;Lcom/android/tools/r8/graph/z0;)Lcom/android/tools/r8/graph/I4; 6 <appendix> member <vmtarget> ; # com/android/tools/r8/internal/GZ$$Lambda+0x000001b9cc2e17f0
instanceKlass  @bci com/android/tools/r8/internal/GZ a (Lcom/android/tools/r8/graph/z2;)Lcom/android/tools/r8/graph/z2; 417 <appendix> member <vmtarget> ; # com/android/tools/r8/internal/GZ$$Lambda+0x000001b9cc2e15d8
instanceKlass  @bci com/android/tools/r8/internal/GZ a (Ljava/util/Collection;)Ljava/util/ArrayList; 46 <appendix> member <vmtarget> ; # com/android/tools/r8/internal/GZ$$Lambda+0x000001b9cc2e13a0
instanceKlass  @bci com/android/tools/r8/graph/r0 a (Ljava/util/AbstractCollection;)Lcom/android/tools/r8/graph/r0; 73 <appendix> member <vmtarget> ; # com/android/tools/r8/graph/r0$$Lambda+0x000001b9cc2e1178
instanceKlass  @bci com/android/tools/r8/synthesis/t b (Lcom/android/tools/r8/graph/w;Lcom/android/tools/r8/shaking/N1;Ljava/util/Set;Ljava/util/Set;Ljava/util/List;Lcom/android/tools/r8/graph/E2;Lcom/android/tools/r8/synthesis/q;)V 57 <appendix> member <vmtarget> ; # com/android/tools/r8/synthesis/t$$Lambda+0x000001b9cc2e0f50
instanceKlass  @bci com/android/tools/r8/synthesis/t a (Lcom/android/tools/r8/utils/A3;Lcom/android/tools/r8/graph/w;Ljava/util/Map;Ljava/util/Map;Lcom/android/tools/r8/synthesis/p;Ljava/util/function/BiConsumer;Ljava/util/function/BiConsumer;Ljava/util/Set;)Lcom/android/tools/r8/graph/s0; 75 <appendix> member <vmtarget> ; # com/android/tools/r8/synthesis/t$$Lambda+0x000001b9cc2e0d28
instanceKlass  @bci com/android/tools/r8/synthesis/t a (Lcom/android/tools/r8/graph/w;Lcom/android/tools/r8/shaking/N1;Ljava/util/Set;Ljava/util/Set;Ljava/util/List;Lcom/android/tools/r8/graph/E2;Lcom/android/tools/r8/synthesis/q;)V 57 <appendix> member <vmtarget> ; # com/android/tools/r8/synthesis/t$$Lambda+0x000001b9cc2e0b00
instanceKlass  @bci com/android/tools/r8/synthesis/q a (Lcom/android/tools/r8/shaking/N1;)Z 29 <appendix> member <vmtarget> ; # com/android/tools/r8/synthesis/q$$Lambda+0x000001b9cc2e0888
instanceKlass  @bci com/android/tools/r8/synthesis/t a (Lcom/android/tools/r8/utils/A3;Lcom/android/tools/r8/graph/w;Ljava/util/Map;Ljava/util/Map;Lcom/android/tools/r8/synthesis/p;Ljava/util/function/BiConsumer;Ljava/util/function/BiConsumer;Ljava/util/Set;)Lcom/android/tools/r8/graph/s0; 57 <appendix> member <vmtarget> ; # com/android/tools/r8/synthesis/t$$Lambda+0x000001b9cc2e0660
instanceKlass  @cpi com/android/tools/r8/synthesis/t 171 form vmentry <vmtarget> ; # java/lang/invoke/LambdaForm$DMH+0x000001b9cc2e4000
instanceKlass  @bci com/android/tools/r8/synthesis/t a (Lcom/android/tools/r8/graph/w;Lcom/android/tools/r8/utils/A3;)Lcom/android/tools/r8/synthesis/r; 118 <appendix> member <vmtarget> ; # com/android/tools/r8/synthesis/t$$Lambda+0x000001b9cc2e0438
instanceKlass  @bci com/android/tools/r8/synthesis/t a (Lcom/android/tools/r8/graph/w;Lcom/android/tools/r8/utils/A3;)Lcom/android/tools/r8/synthesis/r; 111 <appendix> member <vmtarget> ; # com/android/tools/r8/synthesis/t$$Lambda+0x000001b9cc2e0210
instanceKlass  @bci com/android/tools/r8/dex/code/a1 b (Lcom/android/tools/r8/utils/structural/o;)V 0 <appendix> argL0 ; # com/android/tools/r8/dex/code/a1$$Lambda+0x000001b9cc2e0000
instanceKlass  @bci com/android/tools/r8/dex/code/S0 a (Lcom/android/tools/r8/utils/structural/z;)V 9 <appendix> argL0 ; # com/android/tools/r8/dex/code/S0$$Lambda+0x000001b9cc2dac20
instanceKlass  @bci com/android/tools/r8/dex/code/S0 a (Lcom/android/tools/r8/utils/structural/z;)V 1 <appendix> argL0 ; # com/android/tools/r8/dex/code/S0$$Lambda+0x000001b9cc2daa10
instanceKlass  @bci com/android/tools/r8/dex/code/S0 b (Lcom/android/tools/r8/utils/structural/o;)V 0 <appendix> argL0 ; # com/android/tools/r8/dex/code/S0$$Lambda+0x000001b9cc2da800
instanceKlass  @bci com/android/tools/r8/dex/code/K0 b (Lcom/android/tools/r8/utils/structural/o;)V 19 <appendix> member <vmtarget> ; # com/android/tools/r8/dex/code/K0$$Lambda+0x000001b9cc2dbce0
instanceKlass  @bci com/android/tools/r8/utils/structural/o a (Lcom/android/tools/r8/graph/B2;)V 16 <appendix> member <vmtarget> ; # com/android/tools/r8/utils/structural/o$$Lambda+0x000001b9cc2dbab8
instanceKlass  @bci com/android/tools/r8/utils/structural/o a (Lcom/android/tools/r8/graph/B2;)V 10 <appendix> member <vmtarget> ; # com/android/tools/r8/utils/structural/o$$Lambda+0x000001b9cc2db890
instanceKlass  @bci com/android/tools/r8/utils/structural/o a (Lcom/android/tools/r8/graph/B2;)V 4 <appendix> member <vmtarget> ; # com/android/tools/r8/utils/structural/o$$Lambda+0x000001b9cc2db668
instanceKlass  @bci com/android/tools/r8/dex/code/P0 b (Lcom/android/tools/r8/utils/structural/o;)V 0 <appendix> argL0 ; # com/android/tools/r8/dex/code/P0$$Lambda+0x000001b9cc2db458
instanceKlass  @bci com/android/tools/r8/graph/I4 a ()Ljava/util/ArrayList; 29 <appendix> argL0 ; # com/android/tools/r8/graph/I4$$Lambda+0x000001b9cc2db228
instanceKlass  @bci com/android/tools/r8/graph/I4 a ()Ljava/util/ArrayList; 18 <appendix> member <vmtarget> ; # com/android/tools/r8/graph/I4$$Lambda+0x000001b9cc2db000
instanceKlass  @bci com/android/tools/r8/graph/z2 a (Lcom/android/tools/r8/utils/structural/z;)V 97 <appendix> argL0 ; # com/android/tools/r8/graph/z2$$Lambda+0x000001b9cc2dfd10
instanceKlass  @bci com/android/tools/r8/graph/c1 a (Lcom/android/tools/r8/utils/structural/z;)V 33 <appendix> argL0 ; # com/android/tools/r8/graph/c1$$Lambda+0x000001b9cc2dfad0
instanceKlass  @bci com/android/tools/r8/graph/c1 a (Lcom/android/tools/r8/utils/structural/z;)V 25 <appendix> argL0 ; # com/android/tools/r8/graph/c1$$Lambda+0x000001b9cc2df890
instanceKlass  @bci com/android/tools/r8/graph/c1 a (Lcom/android/tools/r8/utils/structural/z;)V 17 <appendix> argL0 ; # com/android/tools/r8/graph/c1$$Lambda+0x000001b9cc2df660
instanceKlass  @bci com/android/tools/r8/graph/c1 a (Lcom/android/tools/r8/utils/structural/z;)V 9 <appendix> argL0 ; # com/android/tools/r8/graph/c1$$Lambda+0x000001b9cc2df430
instanceKlass  @bci com/android/tools/r8/graph/h1 a (Lcom/android/tools/r8/utils/structural/o;)V 37 <appendix> member <vmtarget> ; # com/android/tools/r8/graph/h1$$Lambda+0x000001b9cc2df208
instanceKlass  @bci com/android/tools/r8/graph/c1 a (Lcom/android/tools/r8/utils/structural/z;)V 1 <appendix> argL0 ; # com/android/tools/r8/graph/c1$$Lambda+0x000001b9cc2defd8
instanceKlass  @bci com/android/tools/r8/graph/c1 n ()Lcom/android/tools/r8/utils/structural/y; 0 <appendix> argL0 ; # com/android/tools/r8/graph/c1$$Lambda+0x000001b9cc2dedc8
instanceKlass  @bci com/android/tools/r8/graph/h3 a ()Ljava/util/ArrayList; 26 <appendix> argL0 ; # com/android/tools/r8/graph/h3$$Lambda+0x000001b9cc2deb98
instanceKlass  @bci com/android/tools/r8/graph/h3 a (Ljava/util/function/Consumer;)V 2 <appendix> member <vmtarget> ; # com/android/tools/r8/graph/h3$$Lambda+0x000001b9cc2de960
instanceKlass  @bci com/android/tools/r8/graph/h3 a ()Ljava/util/ArrayList; 18 <appendix> member <vmtarget> ; # com/android/tools/r8/graph/h3$$Lambda+0x000001b9cc2de738
instanceKlass  @bci com/android/tools/r8/graph/z2 a (Lcom/android/tools/r8/utils/structural/z;)V 89 <appendix> argL0 ; # com/android/tools/r8/graph/z2$$Lambda+0x000001b9cc2de508
instanceKlass  @bci com/android/tools/r8/graph/z2 a (Lcom/android/tools/r8/utils/structural/z;)V 81 <appendix> argL0 ; # com/android/tools/r8/graph/z2$$Lambda+0x000001b9cc2de2c8
instanceKlass  @bci com/android/tools/r8/graph/z2 a (Lcom/android/tools/r8/utils/structural/z;)V 73 <appendix> argL0 ; # com/android/tools/r8/graph/z2$$Lambda+0x000001b9cc2de098
instanceKlass  @bci com/android/tools/r8/utils/structural/z f (Ljava/util/function/Function;)Lcom/android/tools/r8/utils/structural/z; 2 <appendix> argL0 ; # com/android/tools/r8/utils/structural/z$$Lambda+0x000001b9cc2dde68
instanceKlass  @cpi com/android/tools/r8/dex/W 256 form vmentry <vmtarget> ; # java/lang/invoke/LambdaForm$DMH+0x000001b9cc2da400
instanceKlass  @bci com/android/tools/r8/graph/z2 a (Lcom/android/tools/r8/utils/structural/z;)V 65 <appendix> argL0 ; # com/android/tools/r8/graph/z2$$Lambda+0x000001b9cc2ddc38
instanceKlass  @bci com/android/tools/r8/graph/z2 a (Lcom/android/tools/r8/utils/structural/z;)V 57 <appendix> argL0 ; # com/android/tools/r8/graph/z2$$Lambda+0x000001b9cc2dda08
instanceKlass  @bci com/android/tools/r8/graph/z2 a (Lcom/android/tools/r8/utils/structural/z;)V 49 <appendix> argL0 ; # com/android/tools/r8/graph/z2$$Lambda+0x000001b9cc2dd7c8
instanceKlass  @bci com/android/tools/r8/graph/z2 a (Lcom/android/tools/r8/utils/structural/z;)V 41 <appendix> argL0 ; # com/android/tools/r8/graph/z2$$Lambda+0x000001b9cc2dd598
instanceKlass  @bci com/android/tools/r8/graph/z2 a (Lcom/android/tools/r8/utils/structural/z;)V 33 <appendix> argL0 ; # com/android/tools/r8/graph/z2$$Lambda+0x000001b9cc2dd368
instanceKlass  @bci com/android/tools/r8/graph/z2 a (Lcom/android/tools/r8/utils/structural/z;)V 25 <appendix> argL0 ; # com/android/tools/r8/graph/z2$$Lambda+0x000001b9cc2dd138
instanceKlass  @bci com/android/tools/r8/graph/z2 a (Lcom/android/tools/r8/utils/structural/z;)V 17 <appendix> argL0 ; # com/android/tools/r8/graph/z2$$Lambda+0x000001b9cc2dcf08
instanceKlass  @bci com/android/tools/r8/graph/z2 a (Lcom/android/tools/r8/utils/structural/z;)V 9 <appendix> argL0 ; # com/android/tools/r8/graph/z2$$Lambda+0x000001b9cc2dccd8
instanceKlass  @bci com/android/tools/r8/graph/z2 a (Lcom/android/tools/r8/utils/structural/z;)V 1 <appendix> argL0 ; # com/android/tools/r8/graph/z2$$Lambda+0x000001b9cc2dcaa8
instanceKlass  @bci com/android/tools/r8/graph/z2 n ()Lcom/android/tools/r8/utils/structural/y; 0 <appendix> argL0 ; # com/android/tools/r8/graph/z2$$Lambda+0x000001b9cc2dc898
instanceKlass  @bci com/android/tools/r8/synthesis/t a (Lcom/android/tools/r8/graph/w;Lcom/android/tools/r8/utils/A3;)Lcom/android/tools/r8/synthesis/r; 95 <appendix> member <vmtarget> ; # com/android/tools/r8/synthesis/t$$Lambda+0x000001b9cc2dc680
instanceKlass  @bci com/android/tools/r8/synthesis/t a (Lcom/android/tools/r8/synthesis/p;Lcom/android/tools/r8/graph/E2;Lcom/android/tools/r8/synthesis/q;)V 3 <appendix> member <vmtarget> ; # com/android/tools/r8/synthesis/t$$Lambda+0x000001b9cc2dc458
instanceKlass  @bci com/android/tools/r8/synthesis/t a (Ljava/util/Collection;Ljava/util/Map;Lcom/android/tools/r8/graph/w;ZLcom/android/tools/r8/internal/ib;Lcom/android/tools/r8/synthesis/p;Lcom/android/tools/r8/utils/A3;)Ljava/util/IdentityHashMap; 85 <appendix> member <vmtarget> ; # com/android/tools/r8/synthesis/t$$Lambda+0x000001b9cc2dc230
instanceKlass  @bci com/android/tools/r8/synthesis/t a (Lcom/android/tools/r8/synthesis/L$b;Ljava/lang/String;Ljava/util/Map;Lcom/android/tools/r8/graph/w;Ljava/util/function/Predicate;)Lcom/android/tools/r8/graph/E2; 74 <appendix> argL0 ; # com/android/tools/r8/synthesis/t$$Lambda+0x000001b9cc2dc000
instanceKlass  @bci com/android/tools/r8/synthesis/t a (Lcom/android/tools/r8/graph/w;ZLjava/util/Map;Ljava/util/Map;Ljava/lang/String;Ljava/util/List;)V 330 <appendix> member <vmtarget> ; # com/android/tools/r8/synthesis/t$$Lambda+0x000001b9cc2d7d98
instanceKlass  @bci com/android/tools/r8/synthesis/t a (Lcom/android/tools/r8/graph/w;ZLjava/util/Map;Ljava/util/Map;Ljava/lang/String;Ljava/util/List;)V 3 <appendix> member <vmtarget> ; # com/android/tools/r8/synthesis/t$$Lambda+0x000001b9cc2d7b08
instanceKlass  @bci com/android/tools/r8/synthesis/t a (Ljava/util/Collection;Ljava/util/Map;Lcom/android/tools/r8/graph/w;ZLcom/android/tools/r8/internal/ib;Lcom/android/tools/r8/synthesis/p;Lcom/android/tools/r8/utils/A3;)Ljava/util/IdentityHashMap; 74 <appendix> member <vmtarget> ; # com/android/tools/r8/synthesis/t$$Lambda+0x000001b9cc2d78e0
instanceKlass  @cpi com/android/tools/r8/synthesis/t 1427 form vmentry <vmtarget> ; # java/lang/invoke/LambdaForm$DMH+0x000001b9cc2da000
instanceKlass  @bci com/android/tools/r8/dex/code/R0 a (Lcom/android/tools/r8/dex/code/B1;Lcom/android/tools/r8/utils/structural/a;)I 6 <appendix> argL0 ; # com/android/tools/r8/dex/code/R0$$Lambda+0x000001b9cc2d76d0
instanceKlass  @bci com/android/tools/r8/dex/code/b1 a (Lcom/android/tools/r8/dex/code/B1;Lcom/android/tools/r8/utils/structural/a;)I 6 <appendix> argL0 ; # com/android/tools/r8/dex/code/b1$$Lambda+0x000001b9cc2d74c0
instanceKlass  @bci com/android/tools/r8/dex/code/N0 a (Lcom/android/tools/r8/dex/code/B1;Lcom/android/tools/r8/utils/structural/a;)I 6 <appendix> argL0 ; # com/android/tools/r8/dex/code/N0$$Lambda+0x000001b9cc2d72b0
instanceKlass  @bci com/android/tools/r8/synthesis/t a (Lcom/android/tools/r8/graph/w;ZLcom/android/tools/r8/internal/ib;Ljava/util/Map;Ljava/util/Map;Ljava/util/List;)V 212 <appendix> argL0 ; # com/android/tools/r8/synthesis/t$$Lambda+0x000001b9cc2d7080
instanceKlass com/android/tools/r8/synthesis/q
instanceKlass  @bci com/android/tools/r8/synthesis/t a (Lcom/android/tools/r8/graph/w;Ljava/util/List;ZLcom/android/tools/r8/internal/ib;)Ljava/util/List; 520 <appendix> member <vmtarget> ; # com/android/tools/r8/synthesis/t$$Lambda+0x000001b9cc2d6c58
instanceKlass  @bci com/android/tools/r8/utils/structural/x a (Lcom/android/tools/r8/utils/structural/x;Lcom/android/tools/r8/utils/structural/t;)I 8 <appendix> argL0 ; # com/android/tools/r8/utils/structural/x$$Lambda+0x000001b9cc2d6a48
instanceKlass  @bci com/android/tools/r8/synthesis/m a (Lcom/android/tools/r8/synthesis/m;ZLcom/android/tools/r8/internal/Dk;Lcom/android/tools/r8/internal/ib;)I 301 <appendix> member <vmtarget> ; # com/android/tools/r8/synthesis/m$$Lambda+0x000001b9cc2d6830
instanceKlass  @bci com/android/tools/r8/synthesis/t a (Lcom/android/tools/r8/graph/w;Ljava/util/List;ZLcom/android/tools/r8/internal/ib;)Ljava/util/List; 116 <adapter> ; # java/lang/invoke/LambdaForm$MH+0x000001b9cc2d9c00
# instanceKlass java/lang/invoke/LambdaForm$DMH+0x000001b9cc2d9800
instanceKlass  @bci com/android/tools/r8/synthesis/t a (Lcom/android/tools/r8/graph/w;Ljava/util/List;ZLcom/android/tools/r8/internal/ib;)Ljava/util/List; 116 <appendix> form vmentry <vmtarget> ; # java/lang/invoke/LambdaForm$DMH+0x000001b9cc2d9400
instanceKlass  @bci com/android/tools/r8/synthesis/t a (Lcom/android/tools/r8/graph/w;Ljava/util/List;ZLcom/android/tools/r8/internal/ib;)Ljava/util/List; 116 <appendix> member <vmtarget> ; # com/android/tools/r8/synthesis/t$$Lambda+0x000001b9cc2d65a0
instanceKlass  @cpi com/android/tools/r8/synthesis/t 395 form vmentry <vmtarget> ; # java/lang/invoke/LambdaForm$DMH+0x000001b9cc2d9000
instanceKlass  @bci com/android/tools/r8/synthesis/t a (Ljava/util/Collection;Ljava/util/Map;Lcom/android/tools/r8/graph/w;ZLcom/android/tools/r8/internal/ib;Lcom/android/tools/r8/synthesis/p;Lcom/android/tools/r8/utils/A3;)Ljava/util/IdentityHashMap; 50 <adapter> ; # java/lang/invoke/LambdaForm$MH+0x000001b9cc2d8c00
# instanceKlass java/lang/invoke/LambdaForm$DMH+0x000001b9cc2d8800
instanceKlass  @bci com/android/tools/r8/synthesis/t a (Ljava/util/Collection;Ljava/util/Map;Lcom/android/tools/r8/graph/w;ZLcom/android/tools/r8/internal/ib;Lcom/android/tools/r8/synthesis/p;Lcom/android/tools/r8/utils/A3;)Ljava/util/IdentityHashMap; 50 <appendix> form vmentry <vmtarget> ; # java/lang/invoke/LambdaForm$DMH+0x000001b9cc2d8400
instanceKlass  @bci com/android/tools/r8/synthesis/t a (Ljava/util/Collection;Ljava/util/Map;Lcom/android/tools/r8/graph/w;ZLcom/android/tools/r8/internal/ib;Lcom/android/tools/r8/synthesis/p;Lcom/android/tools/r8/utils/A3;)Ljava/util/IdentityHashMap; 50 <appendix> member <vmtarget> ; # com/android/tools/r8/synthesis/t$$Lambda+0x000001b9cc2d6378
instanceKlass  @cpi com/android/tools/r8/synthesis/t 1417 form vmentry <vmtarget> ; # java/lang/invoke/LambdaForm$DMH+0x000001b9cc2d8000
instanceKlass  @bci com/android/tools/r8/dex/code/T0 b (Lcom/android/tools/r8/utils/structural/o;)V 0 <appendix> argL0 ; # com/android/tools/r8/dex/code/T0$$Lambda+0x000001b9cc2d6168
instanceKlass  @bci com/android/tools/r8/dex/code/M0 b (Lcom/android/tools/r8/utils/structural/o;)V 0 <appendix> argL0 ; # com/android/tools/r8/dex/code/M0$$Lambda+0x000001b9cc2d5f58
instanceKlass  @bci com/android/tools/r8/dex/code/L0 b (Lcom/android/tools/r8/utils/structural/o;)V 0 <appendix> argL0 ; # com/android/tools/r8/dex/code/L0$$Lambda+0x000001b9cc2d5d48
instanceKlass  @bci com/android/tools/r8/dex/code/b1 a (Lcom/android/tools/r8/utils/structural/z;)V 9 <appendix> argL0 ; # com/android/tools/r8/dex/code/b1$$Lambda+0x000001b9cc2d5b38
instanceKlass java/util/function/ToLongFunction
instanceKlass  @bci com/android/tools/r8/dex/code/b1 a (Lcom/android/tools/r8/utils/structural/z;)V 1 <appendix> argL0 ; # com/android/tools/r8/dex/code/b1$$Lambda+0x000001b9cc2d5928
instanceKlass  @bci com/android/tools/r8/dex/code/b1 b (Lcom/android/tools/r8/utils/structural/o;)V 0 <appendix> argL0 ; # com/android/tools/r8/dex/code/b1$$Lambda+0x000001b9cc2d5718
instanceKlass  @bci com/android/tools/r8/dex/code/I0 b (Lcom/android/tools/r8/utils/structural/o;)V 0 <appendix> argL0 ; # com/android/tools/r8/dex/code/I0$$Lambda+0x000001b9cc2d5508
instanceKlass  @bci com/android/tools/r8/synthesis/t a (Ljava/util/IdentityHashMap;ZLcom/android/tools/r8/utils/A1;Lcom/android/tools/r8/internal/Dk;)Ljava/util/Collection; 300 <appendix> argL0 ; # com/android/tools/r8/synthesis/t$$Lambda+0x000001b9cc2d52d8
instanceKlass  @bci com/android/tools/r8/dex/code/R0 a (Lcom/android/tools/r8/utils/structural/z;)V 17 <appendix> argL0 ; # com/android/tools/r8/dex/code/R0$$Lambda+0x000001b9cc2d50c8
instanceKlass  @bci com/android/tools/r8/dex/code/R0 a (Lcom/android/tools/r8/utils/structural/z;)V 9 <appendix> argL0 ; # com/android/tools/r8/dex/code/R0$$Lambda+0x000001b9cc2d4eb8
instanceKlass  @bci com/android/tools/r8/dex/code/R0 a (Lcom/android/tools/r8/utils/structural/z;)V 1 <appendix> argL0 ; # com/android/tools/r8/dex/code/R0$$Lambda+0x000001b9cc2d4ca8
instanceKlass  @bci com/android/tools/r8/dex/code/R0 b (Lcom/android/tools/r8/utils/structural/o;)V 0 <appendix> argL0 ; # com/android/tools/r8/dex/code/R0$$Lambda+0x000001b9cc2d4a98
instanceKlass  @bci com/android/tools/r8/dex/code/G0 b (Lcom/android/tools/r8/utils/structural/o;)V 0 <appendix> argL0 ; # com/android/tools/r8/dex/code/G0$$Lambda+0x000001b9cc2d4888
instanceKlass  @bci com/android/tools/r8/dex/code/N0 a (Lcom/android/tools/r8/utils/structural/z;)V 9 <appendix> argL0 ; # com/android/tools/r8/dex/code/N0$$Lambda+0x000001b9cc2d4678
instanceKlass  @bci com/android/tools/r8/dex/code/N0 a (Lcom/android/tools/r8/utils/structural/z;)V 1 <appendix> argL0 ; # com/android/tools/r8/dex/code/N0$$Lambda+0x000001b9cc2d4468
instanceKlass  @bci com/android/tools/r8/dex/code/N0 b (Lcom/android/tools/r8/utils/structural/o;)V 0 <appendix> argL0 ; # com/android/tools/r8/dex/code/N0$$Lambda+0x000001b9cc2d4258
instanceKlass  @bci com/android/tools/r8/dex/code/Z0 b (Lcom/android/tools/r8/utils/structural/o;)V 0 <appendix> argL0 ; # com/android/tools/r8/dex/code/Z0$$Lambda+0x000001b9cc2d4048
instanceKlass  @bci com/android/tools/r8/graph/F0 a (Lcom/android/tools/r8/utils/structural/z;)V 49 <appendix> argL0 ; # com/android/tools/r8/graph/F0$$Lambda+0x000001b9cc2d3e18
instanceKlass  @bci com/android/tools/r8/graph/F0 a (Lcom/android/tools/r8/utils/structural/z;)V 41 <appendix> argL0 ; # com/android/tools/r8/graph/F0$$Lambda+0x000001b9cc2d3be8
instanceKlass  @bci com/android/tools/r8/graph/F0 a (Lcom/android/tools/r8/utils/structural/z;)V 33 <appendix> argL0 ; # com/android/tools/r8/graph/F0$$Lambda+0x000001b9cc2d39b8
instanceKlass  @bci com/android/tools/r8/graph/F0 a (Lcom/android/tools/r8/utils/structural/z;)V 25 <appendix> argL0 ; # com/android/tools/r8/graph/F0$$Lambda+0x000001b9cc2d3788
instanceKlass  @bci com/android/tools/r8/graph/F0 a (Lcom/android/tools/r8/utils/structural/z;)V 17 <appendix> argL0 ; # com/android/tools/r8/graph/F0$$Lambda+0x000001b9cc2d3578
instanceKlass  @bci com/android/tools/r8/graph/F0 a (Lcom/android/tools/r8/utils/structural/z;)V 9 <appendix> argL0 ; # com/android/tools/r8/graph/F0$$Lambda+0x000001b9cc2d3368
instanceKlass  @bci com/android/tools/r8/graph/F0 a (Lcom/android/tools/r8/utils/structural/z;)V 1 <appendix> argL0 ; # com/android/tools/r8/graph/F0$$Lambda+0x000001b9cc2d3158
instanceKlass  @bci com/android/tools/r8/graph/F0 n ()Lcom/android/tools/r8/utils/structural/y; 0 <appendix> argL0 ; # com/android/tools/r8/graph/F0$$Lambda+0x000001b9cc2d2f48
instanceKlass  @bci com/android/tools/r8/utils/structural/z a (Ljava/util/function/Function;Lcom/android/tools/r8/utils/structural/v;Lcom/android/tools/r8/utils/structural/w;)Lcom/android/tools/r8/utils/structural/z; 1 <appendix> argL0 ; # com/android/tools/r8/utils/structural/z$$Lambda+0x000001b9cc2d2d08
instanceKlass  @bci com/android/tools/r8/graph/f1 a (Lcom/android/tools/r8/utils/structural/z;)V 67 <appendix> argL0 ; # com/android/tools/r8/graph/f1$$Lambda+0x000001b9cc2d2af8
instanceKlass  @bci com/android/tools/r8/graph/f1 a (Lcom/android/tools/r8/utils/structural/z;)V 62 <appendix> argL0 ; # com/android/tools/r8/graph/f1$$Lambda+0x000001b9cc2d28e8
instanceKlass  @bci com/android/tools/r8/graph/f1 a (Lcom/android/tools/r8/utils/structural/z;)V 57 <appendix> argL0 ; # com/android/tools/r8/graph/f1$$Lambda+0x000001b9cc2d26b8
instanceKlass  @bci com/android/tools/r8/graph/f1 a (Lcom/android/tools/r8/utils/structural/z;)V 49 <appendix> argL0 ; # com/android/tools/r8/graph/f1$$Lambda+0x000001b9cc2d2478
instanceKlass  @bci com/android/tools/r8/graph/f1 a (Lcom/android/tools/r8/utils/structural/z;)V 41 <appendix> argL0 ; # com/android/tools/r8/graph/f1$$Lambda+0x000001b9cc2d2238
instanceKlass  @bci com/android/tools/r8/graph/f1 a (Lcom/android/tools/r8/utils/structural/z;)V 33 <appendix> argL0 ; # com/android/tools/r8/graph/f1$$Lambda+0x000001b9cc2d2008
instanceKlass  @bci com/android/tools/r8/graph/s5 a (Lcom/android/tools/r8/utils/structural/z;)V 9 <appendix> argL0 ; # com/android/tools/r8/graph/s5$$Lambda+0x000001b9cc2d1df8
instanceKlass  @bci com/android/tools/r8/graph/s5 a (Lcom/android/tools/r8/utils/structural/z;)V 1 <appendix> argL0 ; # com/android/tools/r8/graph/s5$$Lambda+0x000001b9cc2d1bc8
instanceKlass  @bci com/android/tools/r8/graph/s5 n ()Lcom/android/tools/r8/utils/structural/y; 0 <appendix> argL0 ; # com/android/tools/r8/graph/s5$$Lambda+0x000001b9cc2d19b8
instanceKlass  @bci com/android/tools/r8/graph/f1 a (Lcom/android/tools/r8/utils/structural/z;)V 25 <appendix> argL0 ; # com/android/tools/r8/graph/f1$$Lambda+0x000001b9cc2d1788
instanceKlass  @bci com/android/tools/r8/graph/p0 a (Lcom/android/tools/r8/utils/structural/z;)V 1 <appendix> argL0 ; # com/android/tools/r8/graph/p0$$Lambda+0x000001b9cc2d1558
instanceKlass  @bci com/android/tools/r8/graph/p0 n ()Lcom/android/tools/r8/utils/structural/y; 0 <appendix> argL0 ; # com/android/tools/r8/graph/p0$$Lambda+0x000001b9cc2d1348
instanceKlass  @bci com/android/tools/r8/graph/f1 a (Lcom/android/tools/r8/utils/structural/z;)V 17 <appendix> argL0 ; # com/android/tools/r8/graph/f1$$Lambda+0x000001b9cc2d1118
instanceKlass  @bci com/android/tools/r8/graph/g a (Lcom/android/tools/r8/utils/structural/z;)V 9 <appendix> argL0 ; # com/android/tools/r8/graph/g$$Lambda+0x000001b9cc2d0f08
instanceKlass  @bci com/android/tools/r8/graph/g a (Lcom/android/tools/r8/utils/structural/z;)V 1 <appendix> argL0 ; # com/android/tools/r8/graph/g$$Lambda+0x000001b9cc2d0cf8
instanceKlass  @bci com/android/tools/r8/graph/g n ()Lcom/android/tools/r8/utils/structural/y; 0 <appendix> argL0 ; # com/android/tools/r8/graph/g$$Lambda+0x000001b9cc2d0ae8
instanceKlass  @bci com/android/tools/r8/graph/f1 a (Lcom/android/tools/r8/utils/structural/z;)V 9 <appendix> argL0 ; # com/android/tools/r8/graph/f1$$Lambda+0x000001b9cc2d08b8
instanceKlass  @bci com/android/tools/r8/graph/f1 a (Lcom/android/tools/r8/utils/structural/z;)V 1 <appendix> argL0 ; # com/android/tools/r8/graph/f1$$Lambda+0x000001b9cc2d0688
instanceKlass  @bci com/android/tools/r8/graph/f1 n ()Lcom/android/tools/r8/utils/structural/y; 0 <appendix> argL0 ; # com/android/tools/r8/graph/f1$$Lambda+0x000001b9cc2d0478
instanceKlass  @bci com/android/tools/r8/utils/structural/x a (Lcom/android/tools/r8/utils/structural/m;Lcom/android/tools/r8/utils/structural/t;)V 6 <appendix> argL0 ; # com/android/tools/r8/utils/structural/x$$Lambda+0x000001b9cc2d0268
instanceKlass  @bci com/android/tools/r8/synthesis/t a (Ljava/util/IdentityHashMap;ZLcom/android/tools/r8/utils/A1;Lcom/android/tools/r8/internal/Dk;)Ljava/util/Collection; 110 <appendix> member <vmtarget> ; # com/android/tools/r8/synthesis/t$$Lambda+0x000001b9cc2cfa18
instanceKlass  @bci com/android/tools/r8/synthesis/t a (Lcom/android/tools/r8/graph/w;Lcom/android/tools/r8/internal/Im;)Ljava/util/IdentityHashMap; 52 <appendix> member <vmtarget> ; # com/android/tools/r8/synthesis/t$$Lambda+0x000001b9cc2cf7e0
instanceKlass com/android/tools/r8/internal/zt
instanceKlass  @bci com/android/tools/r8/utils/I1 a (Ljava/lang/Iterable;Ljava/util/function/Function;)Lcom/android/tools/r8/internal/qj; 6 <appendix> member <vmtarget> ; # com/android/tools/r8/utils/I1$$Lambda+0x000001b9cc2cf0f8
instanceKlass  @bci com/android/tools/r8/synthesis/t a (Lcom/android/tools/r8/graph/w;Lcom/android/tools/r8/utils/A3;)Lcom/android/tools/r8/synthesis/r; 74 <appendix> member <vmtarget> ; # com/android/tools/r8/synthesis/t$$Lambda+0x000001b9cc2ceee0
instanceKlass com/android/tools/r8/synthesis/p
instanceKlass com/android/tools/r8/internal/GZ
instanceKlass com/android/tools/r8/synthesis/t
instanceKlass  @bci com/android/tools/r8/D8 a (Lcom/android/tools/r8/graph/w;Lcom/android/tools/r8/utils/A3;Ljava/util/concurrent/ExecutorService;)V 14 <appendix> member <vmtarget> ; # com/android/tools/r8/D8$$Lambda+0x000001b9cc2ce148
instanceKlass  @bci com/android/tools/r8/D8 d (Lcom/android/tools/r8/utils/p;Lcom/android/tools/r8/utils/A1;Ljava/util/concurrent/ExecutorService;)V 406 <appendix> member <vmtarget> ; # com/android/tools/r8/D8$$Lambda+0x000001b9cc2cdcf0
instanceKlass  @bci com/android/tools/r8/D8 d (Lcom/android/tools/r8/utils/p;Lcom/android/tools/r8/utils/A1;Ljava/util/concurrent/ExecutorService;)V 387 <appendix> member <vmtarget> ; # com/android/tools/r8/D8$$Lambda+0x000001b9cc2cdad8
instanceKlass  @bci com/android/tools/r8/D8 d (Lcom/android/tools/r8/utils/p;Lcom/android/tools/r8/utils/A1;Ljava/util/concurrent/ExecutorService;)V 368 <appendix> member <vmtarget> ; # com/android/tools/r8/D8$$Lambda+0x000001b9cc2cd8c0
instanceKlass com/android/tools/r8/internal/aC
instanceKlass com/android/tools/r8/internal/UB
instanceKlass com/android/tools/r8/internal/JJ
instanceKlass  @bci com/android/tools/r8/graph/J4 b (Ljava/util/function/Consumer;)V 2 <appendix> member <vmtarget> ; # com/android/tools/r8/graph/J4$$Lambda+0x000001b9cc2cbb80
instanceKlass  @bci com/android/tools/r8/graph/I4 c (Ljava/util/function/Consumer;Ljava/util/function/Predicate;)V 6 <appendix> member <vmtarget> ; # com/android/tools/r8/graph/I4$$Lambda+0x000001b9cc2cb958
instanceKlass  @bci com/android/tools/r8/graph/z2 h (Ljava/util/function/Consumer;Ljava/util/function/Predicate;)V 6 <appendix> member <vmtarget> ; # com/android/tools/r8/graph/z2$$Lambda+0x000001b9cc2cb730
instanceKlass  @bci com/android/tools/r8/internal/Od a (Lcom/android/tools/r8/graph/z2;Ljava/util/LinkedList;Ljava/util/LinkedList;Lcom/android/tools/r8/internal/Qd;)V 7 <appendix> member <vmtarget> ; # com/android/tools/r8/internal/Od$$Lambda+0x000001b9cc2cb508
instanceKlass com/android/tools/r8/internal/Pd
instanceKlass  @bci com/android/tools/r8/internal/be a (Ljava/lang/Iterable;)V 2 <appendix> member <vmtarget> ; # com/android/tools/r8/internal/be$$Lambda+0x000001b9cc2cb0d0
instanceKlass  @bci com/android/tools/r8/internal/Dk b (Lcom/android/tools/r8/internal/Dk;Lcom/android/tools/r8/graph/s2;)Lcom/android/tools/r8/graph/s2; 2 <appendix> argL0 ; # com/android/tools/r8/internal/Dk$$Lambda+0x000001b9cc2caeb0
instanceKlass  @bci com/android/tools/r8/internal/aH <init> (Lcom/android/tools/r8/graph/w;Lcom/android/tools/r8/internal/Z4;Ljava/util/Map;Lcom/android/tools/r8/internal/Z4;Lcom/android/tools/r8/internal/V4;)V 8 <appendix> member <vmtarget> ; # com/android/tools/r8/internal/aH$$Lambda+0x000001b9cc2cac78
instanceKlass  @bci com/android/tools/r8/graph/z2 M1 ()Lcom/android/tools/r8/internal/Bt; 5 <appendix> member <vmtarget> ; # com/android/tools/r8/graph/z2$$Lambda+0x000001b9cc2caa20
instanceKlass  @bci com/android/tools/r8/internal/Ds a (Lcom/android/tools/r8/internal/As;Lcom/android/tools/r8/graph/z2;Lcom/android/tools/r8/internal/Cs;)V 77 <appendix> member <vmtarget> ; # com/android/tools/r8/internal/Ds$$Lambda+0x000001b9cc2ca7f8
instanceKlass  @bci com/android/tools/r8/internal/W4 put (Ljava/lang/Object;Ljava/lang/Object;)Ljava/lang/Object; 22 <appendix> argL0 ; # com/android/tools/r8/internal/W4$$Lambda+0x000001b9cc2ca5c8
instanceKlass  @bci com/android/tools/r8/internal/Ds a (Lcom/android/tools/r8/internal/As;Lcom/android/tools/r8/graph/z2;Lcom/android/tools/r8/internal/Cs;)V 103 <appendix> member <vmtarget> ; # com/android/tools/r8/internal/Ds$$Lambda+0x000001b9cc2ca3a0
instanceKlass  @bci com/android/tools/r8/internal/Ds a ()Lcom/android/tools/r8/internal/Bs; 19 <appendix> member <vmtarget> ; # com/android/tools/r8/internal/Ds$$Lambda+0x000001b9cc2ca178
instanceKlass com/android/tools/r8/internal/c5
instanceKlass  @bci com/android/tools/r8/internal/eb a (Lcom/android/tools/r8/internal/zs;Ljava/util/concurrent/ExecutorService;)V 20 <appendix> member <vmtarget> ; # com/android/tools/r8/internal/eb$$Lambda+0x000001b9cc2c9a60
# instanceKlass com/android/tools/r8/internal/eb$$Lambda+0x000001b9cc2c9830
# instanceKlass com/android/tools/r8/internal/eb$$Lambda+0x000001b9cc2c9600
# instanceKlass com/android/tools/r8/internal/eb$$Lambda+0x000001b9cc2c93d0
instanceKlass  @bci com/android/tools/r8/internal/eb a (Lcom/android/tools/r8/internal/zs;Lcom/android/tools/r8/graph/z2;Ljava/util/Map;)V 68 <appendix> argL0 ; # com/android/tools/r8/internal/eb$$Lambda+0x000001b9cc2c91a0
instanceKlass  @bci com/android/tools/r8/internal/eb a (Lcom/android/tools/r8/internal/zs;Ljava/util/concurrent/ExecutorService;)V 6 <appendix> member <vmtarget> ; # com/android/tools/r8/internal/eb$$Lambda+0x000001b9cc2c8f88
instanceKlass com/android/tools/r8/utils/O2
instanceKlass com/android/tools/r8/errors/InterfaceDesugarMissingTypeDiagnostic
instanceKlass com/android/tools/r8/errors/DesugarDiagnostic
instanceKlass  @bci com/android/tools/r8/internal/LD a (Lcom/android/tools/r8/graph/E2;)Z 10 <appendix> member <vmtarget> ; # com/android/tools/r8/internal/LD$$Lambda+0x000001b9cc2c88b8
instanceKlass com/android/tools/r8/internal/Td
instanceKlass  @bci com/android/tools/r8/internal/LD b (Lcom/android/tools/r8/graph/E2;)Z 10 <appendix> member <vmtarget> ; # com/android/tools/r8/internal/LD$$Lambda+0x000001b9cc2c8428
instanceKlass com/android/tools/r8/internal/Vg
instanceKlass com/android/tools/r8/internal/cb
# instanceKlass com/android/tools/r8/internal/eb$$Lambda+0x000001b9cc2c77b0
instanceKlass  @bci com/android/tools/r8/internal/eb a (Lcom/android/tools/r8/graph/C0;Lcom/android/tools/r8/graph/A5;)V 8 <appendix> argL0 ; # com/android/tools/r8/internal/eb$$Lambda+0x000001b9cc2c79e0
instanceKlass com/android/tools/r8/internal/vs
# instanceKlass com/android/tools/r8/internal/Ua$$Lambda+0x000001b9cc2c7320
instanceKlass  @bci com/android/tools/r8/internal/Ua a (Lcom/android/tools/r8/graph/C0;)Z 11 <appendix> member <vmtarget> ; # com/android/tools/r8/internal/Ua$$Lambda+0x000001b9cc2c70d8
# instanceKlass com/android/tools/r8/internal/Ua$$Lambda+0x000001b9cc2c6ea8
instanceKlass  @bci com/android/tools/r8/internal/Ua a (Lcom/android/tools/r8/graph/C0;)Z 5 <appendix> argL0 ; # com/android/tools/r8/internal/Ua$$Lambda+0x000001b9cc2c6a40
instanceKlass  @bci com/android/tools/r8/graph/j c (Lcom/android/tools/r8/graph/z0;Lcom/android/tools/r8/graph/s2;)Lcom/android/tools/r8/graph/U4; 2 <appendix> member <vmtarget> ; # com/android/tools/r8/graph/j$$Lambda+0x000001b9cc2c6c70
# instanceKlass com/android/tools/r8/graph/j$$Lambda+0x000001b9cc2c6808
instanceKlass  @bci com/android/tools/r8/graph/j b (Lcom/android/tools/r8/graph/z0;Lcom/android/tools/r8/graph/A2;Lcom/android/tools/r8/graph/D2;)Lcom/android/tools/r8/graph/U4; 12 <appendix> member <vmtarget> ; # com/android/tools/r8/graph/j$$Lambda+0x000001b9cc2c65d0
instanceKlass  @bci com/android/tools/r8/graph/K4 l ()Ljava/util/Iterator; 16 <appendix> member <vmtarget> ; # com/android/tools/r8/graph/K4$$Lambda+0x000001b9cc2c6388
instanceKlass  @bci com/android/tools/r8/graph/K4 j ()Ljava/lang/Iterable; 1 <appendix> member <vmtarget> ; # com/android/tools/r8/graph/K4$$Lambda+0x000001b9cc2c6150
instanceKlass  @bci com/android/tools/r8/graph/K4 g ()I 2 <appendix> member <vmtarget> ; # com/android/tools/r8/graph/K4$$Lambda+0x000001b9cc2c5f08
# instanceKlass com/android/tools/r8/graph/z0$$Lambda+0x000001b9cc2c55b0
# instanceKlass com/android/tools/r8/graph/z0$$Lambda+0x000001b9cc2c5338
# instanceKlass com/android/tools/r8/graph/z0$$Lambda+0x000001b9cc2c50c0
instanceKlass  @bci com/android/tools/r8/graph/z0 j (Ljava/util/function/Predicate;)Ljava/lang/Iterable; 10 <appendix> member <vmtarget> ; # com/android/tools/r8/graph/z0$$Lambda+0x000001b9cc2c4e48
# instanceKlass com/android/tools/r8/internal/eb$$Lambda+0x000001b9cc2c4c08
# instanceKlass com/android/tools/r8/internal/eb$$Lambda+0x000001b9cc2c49c8
# instanceKlass com/android/tools/r8/internal/eb$$Lambda+0x000001b9cc2c4788
instanceKlass  @bci com/android/tools/r8/internal/eb a (Lcom/android/tools/r8/graph/z0;Ljava/util/function/Predicate;)Lcom/android/tools/r8/internal/Ya; 40 <appendix> argL0 ; # com/android/tools/r8/internal/eb$$Lambda+0x000001b9cc2c4548
# instanceKlass com/android/tools/r8/internal/eb$$Lambda+0x000001b9cc2c4308
# instanceKlass com/android/tools/r8/internal/eb$$Lambda+0x000001b9cc2c40c8
instanceKlass  @bci com/android/tools/r8/internal/eb b (Lcom/android/tools/r8/graph/z0;Lcom/android/tools/r8/internal/ab;)Lcom/android/tools/r8/internal/ab; 124 <appendix> argL0 ; # com/android/tools/r8/internal/eb$$Lambda+0x000001b9cc2c3e88
# instanceKlass com/android/tools/r8/internal/eb$$Lambda+0x000001b9cc2c3c50
instanceKlass  @bci com/android/tools/r8/internal/eb b (Lcom/android/tools/r8/internal/Za;Lcom/android/tools/r8/graph/z0;)Lcom/android/tools/r8/internal/ab; 27 <appendix> member <vmtarget> ; # com/android/tools/r8/internal/eb$$Lambda+0x000001b9cc2c3a18
instanceKlass com/android/tools/r8/internal/ab
instanceKlass com/android/tools/r8/internal/Wa
instanceKlass com/android/tools/r8/internal/Ya
instanceKlass com/android/tools/r8/internal/Va
# instanceKlass com/android/tools/r8/internal/eb$$Lambda+0x000001b9cc2c2fe0
# instanceKlass com/android/tools/r8/internal/eb$$Lambda+0x000001b9cc2c2da8
# instanceKlass com/android/tools/r8/internal/eb$$Lambda+0x000001b9cc2c2b70
instanceKlass  @bci com/android/tools/r8/internal/eb b (Lcom/android/tools/r8/internal/Za;Lcom/android/tools/r8/internal/zs;Lcom/android/tools/r8/graph/z0;)Lcom/android/tools/r8/internal/Ua; 43 <appendix> member <vmtarget> ; # com/android/tools/r8/internal/eb$$Lambda+0x000001b9cc2c2938
instanceKlass com/android/tools/r8/internal/Ua
# instanceKlass com/android/tools/r8/internal/eb$$Lambda+0x000001b9cc2c2510
# instanceKlass com/android/tools/r8/internal/eb$$Lambda+0x000001b9cc2c22e8
# instanceKlass com/android/tools/r8/internal/eb$$Lambda+0x000001b9cc2c20c0
instanceKlass  @bci com/android/tools/r8/internal/eb a (Lcom/android/tools/r8/internal/zs;Lcom/android/tools/r8/graph/z2;)V 15 <appendix> member <vmtarget> ; # com/android/tools/r8/internal/eb$$Lambda+0x000001b9cc2c1e98
instanceKlass  @bci com/android/tools/r8/internal/xs a (Ljava/util/Collection;Lcom/android/tools/r8/internal/zs;Ljava/util/concurrent/ExecutorService;)V 14 <appendix> member <vmtarget> ; # com/android/tools/r8/internal/xs$$Lambda+0x000001b9cc2c1c70
instanceKlass  @bci com/android/tools/r8/internal/xs a (Ljava/util/Collection;Lcom/android/tools/r8/internal/zs;Ljava/util/concurrent/ExecutorService;)V 4 <appendix> member <vmtarget> ; # com/android/tools/r8/internal/xs$$Lambda+0x000001b9cc2c1a28
instanceKlass com/android/tools/r8/internal/N8
instanceKlass  @bci com/android/tools/r8/internal/gN b (Lcom/android/tools/r8/internal/be;Lcom/android/tools/r8/internal/Ds;Ljava/util/concurrent/ExecutorService;)V 104 <appendix> argL0 ; # com/android/tools/r8/internal/gN$$Lambda+0x000001b9cc2c11e0
instanceKlass com/android/tools/r8/internal/Za
instanceKlass com/android/tools/r8/internal/eb
instanceKlass  @bci com/android/tools/r8/internal/ys a (Lcom/android/tools/r8/internal/Ds;)Lcom/android/tools/r8/internal/xs; 10 <appendix> argL0 ; # com/android/tools/r8/internal/ys$$Lambda+0x000001b9cc2c0970
instanceKlass com/android/tools/r8/internal/xs
instanceKlass java/util/AbstractMap$SimpleEntry
instanceKlass  @bci com/android/tools/r8/synthesis/c a (Ljava/util/IdentityHashMap;Lcom/android/tools/r8/internal/Im;)Lcom/android/tools/r8/internal/Im; 9 <appendix> member <vmtarget> ; # com/android/tools/r8/synthesis/c$$Lambda+0x000001b9cc2c0230
instanceKlass  @bci com/android/tools/r8/synthesis/b a (Lcom/android/tools/r8/synthesis/J;)Lcom/android/tools/r8/synthesis/b; 32 <appendix> argL0 ; # com/android/tools/r8/synthesis/b$$Lambda+0x000001b9cc2c0000
instanceKlass  @bci com/android/tools/r8/synthesis/b a (Lcom/android/tools/r8/synthesis/S;)Lcom/android/tools/r8/synthesis/b; 29 <appendix> argL0 ; # com/android/tools/r8/synthesis/b$$Lambda+0x000001b9cc2bec00
instanceKlass  @bci com/android/tools/r8/synthesis/b a (Lcom/android/tools/r8/synthesis/m;)V 19 <appendix> member <vmtarget> ; # com/android/tools/r8/synthesis/b$$Lambda+0x000001b9cc2bfcb0
instanceKlass  @bci com/android/tools/r8/synthesis/b a (Lcom/android/tools/r8/synthesis/m;)V 13 <appendix> member <vmtarget> ; # com/android/tools/r8/synthesis/b$$Lambda+0x000001b9cc2bfa88
instanceKlass com/android/tools/r8/graph/H5
instanceKlass com/android/tools/r8/graph/F5
instanceKlass  @bci com/android/tools/r8/internal/Vl a (Ljava/util/ArrayList;Ljava/util/concurrent/ExecutorService;)V 2 <appendix> member <vmtarget> ; # com/android/tools/r8/internal/Vl$$Lambda+0x000001b9cc2bf660
instanceKlass  @bci com/android/tools/r8/internal/ee a ()V 6 <appendix> argL0 ; # com/android/tools/r8/internal/ee$$Lambda+0x000001b9cc2bf440
instanceKlass  @bci com/android/tools/r8/internal/ee a ()V 1 <appendix> argL0 ; # com/android/tools/r8/internal/ee$$Lambda+0x000001b9cc2bf220
instanceKlass  @bci com/android/tools/r8/internal/gN a ()V 4 <appendix> argL0 ; # com/android/tools/r8/internal/gN$$Lambda+0x000001b9cc2bf000
instanceKlass  @bci com/android/tools/r8/internal/ee c ()V 9 <appendix> member <vmtarget> ; # com/android/tools/r8/internal/ee$$Lambda+0x000001b9cc2bbbc8
instanceKlass  @bci com/android/tools/r8/internal/ee c ()V 3 <appendix> member <vmtarget> ; # com/android/tools/r8/internal/ee$$Lambda+0x000001b9cc2bb9a0
instanceKlass  @bci com/android/tools/r8/internal/gN b ()V 4 <appendix> argL0 ; # com/android/tools/r8/internal/gN$$Lambda+0x000001b9cc2bb780
instanceKlass  @bci com/android/tools/r8/internal/gN a (Lcom/android/tools/r8/internal/be;Lcom/android/tools/r8/internal/Ds;Ljava/util/concurrent/ExecutorService;)V 234 <appendix> argL0 ; # com/android/tools/r8/internal/gN$$Lambda+0x000001b9cc2bb560
instanceKlass com/android/tools/r8/internal/af
instanceKlass  @bci com/android/tools/r8/internal/ee a (Lcom/android/tools/r8/internal/be;Ljava/util/concurrent/ExecutorService;)V 38 <appendix> member <vmtarget> ; # com/android/tools/r8/internal/ee$$Lambda+0x000001b9cc2bb0f0
instanceKlass com/android/tools/r8/internal/HN
instanceKlass com/android/tools/r8/internal/ce
instanceKlass  @bci com/android/tools/r8/internal/ee a (Lcom/android/tools/r8/internal/be;Ljava/util/concurrent/ExecutorService;)V 13 <appendix> member <vmtarget> ; # com/android/tools/r8/internal/ee$$Lambda+0x000001b9cc2baa68
instanceKlass com/android/tools/r8/internal/VG
instanceKlass  @bci com/android/tools/r8/internal/gN a (Lcom/android/tools/r8/internal/be;Ljava/util/concurrent/ExecutorService;)V 7 <appendix> member <vmtarget> ; # com/android/tools/r8/internal/gN$$Lambda+0x000001b9cc2ba640
instanceKlass  @bci com/android/tools/r8/internal/na a (Lcom/android/tools/r8/internal/oa;Ljava/util/concurrent/ExecutorService;)V 534 <appendix> member <vmtarget> ; # com/android/tools/r8/internal/na$$Lambda+0x000001b9cc2ba418
instanceKlass  @bci com/android/tools/r8/internal/g8 a ()Ljava/util/List; 37 <appendix> member <vmtarget> ; # com/android/tools/r8/internal/g8$$Lambda+0x000001b9cc2ba1f0
instanceKlass com/android/tools/r8/internal/wj
instanceKlass  @bci com/android/tools/r8/graph/H4 b (Lcom/android/tools/r8/graph/s2;Ljava/util/function/Function;)Lcom/android/tools/r8/graph/f1; 73 <appendix> member <vmtarget> ; # com/android/tools/r8/graph/H4$$Lambda+0x000001b9cc2b9b90
instanceKlass  @bci com/android/tools/r8/internal/TA a (Lcom/android/tools/r8/internal/uj;Ljava/util/function/Consumer;)Lcom/android/tools/r8/graph/A5; 31 <appendix> member <vmtarget> ; # com/android/tools/r8/internal/TA$$Lambda+0x000001b9cc2b9958
instanceKlass  @bci java/util/Comparator comparing (Ljava/util/function/Function;)Ljava/util/Comparator; 6 <appendix> member <vmtarget> ; # java/util/Comparator$$Lambda+0x000001b9cc0ccc40
instanceKlass  @bci com/android/tools/r8/internal/g8 a (Lcom/android/tools/r8/internal/oa;Ljava/util/function/Consumer;)V 5 <appendix> argL0 ; # com/android/tools/r8/internal/g8$$Lambda+0x000001b9cc2b9728
instanceKlass  @bci com/android/tools/r8/internal/g8 a ()Ljava/util/List; 27 <appendix> member <vmtarget> ; # com/android/tools/r8/internal/g8$$Lambda+0x000001b9cc2b9500
instanceKlass  @bci com/android/tools/r8/internal/g8 a (Ljava/util/function/Consumer;)V 28 <appendix> member <vmtarget> ; # com/android/tools/r8/internal/g8$$Lambda+0x000001b9cc2b92d8
instanceKlass  @bci com/android/tools/r8/internal/g8 a (Ljava/util/function/Consumer;)V 10 <appendix> member <vmtarget> ; # com/android/tools/r8/internal/g8$$Lambda+0x000001b9cc2b90b0
instanceKlass com/android/tools/r8/internal/ot
instanceKlass  @bci com/android/tools/r8/internal/g8 a ()Ljava/util/List; 15 <appendix> member <vmtarget> ; # com/android/tools/r8/internal/g8$$Lambda+0x000001b9cc2b8c70
instanceKlass com/android/tools/r8/internal/Pe
instanceKlass  @bci com/android/tools/r8/internal/Kl a (Lcom/android/tools/r8/graph/A5;Lcom/android/tools/r8/internal/cF$a;)Lcom/android/tools/r8/internal/Nl; 1916 <appendix> argL0 ; # com/android/tools/r8/internal/Kl$$Lambda+0x000001b9cc2b8420
instanceKlass  @bci com/android/tools/r8/internal/Kl a (ILcom/android/tools/r8/internal/H4;Lcom/android/tools/r8/internal/J4;Lcom/android/tools/r8/internal/cM$a;Lcom/android/tools/r8/internal/s20;)Lcom/android/tools/r8/internal/f20; 437 <appendix> form vmentry <vmtarget> ; # java/lang/invoke/LambdaForm$MH+0x000001b9cc2be800
# instanceKlass java/lang/invoke/LambdaForm$MH+0x000001b9cc2be400
instanceKlass  @bci com/android/tools/r8/internal/Kl a (ILcom/android/tools/r8/internal/H4;Lcom/android/tools/r8/internal/J4;Lcom/android/tools/r8/internal/cM$a;Lcom/android/tools/r8/internal/s20;)Lcom/android/tools/r8/internal/f20; 437 <appendix> argL3 form vmentry <vmtarget> ; # java/lang/invoke/LambdaForm$MH+0x000001b9cc2be000
# instanceKlass java/lang/invoke/LambdaForm$MH+0x000001b9cc2bdc00
# instanceKlass java/lang/invoke/LambdaForm$MH+0x000001b9cc2bd800
# instanceKlass java/lang/invoke/LambdaForm$MH+0x000001b9cc2bd400
# instanceKlass java/lang/invoke/LambdaForm$MH+0x000001b9cc2bd000
instanceKlass  @bci com/android/tools/r8/internal/Kl a (ILcom/android/tools/r8/internal/H4;Lcom/android/tools/r8/internal/J4;Lcom/android/tools/r8/internal/cM$a;Lcom/android/tools/r8/internal/s20;)Lcom/android/tools/r8/internal/f20; 437 <appendix> argL1 form vmentry <vmtarget> ; # java/lang/invoke/LambdaForm$MH+0x000001b9cc2bcc00
# instanceKlass java/lang/invoke/LambdaForm$MH+0x000001b9cc2bc800
# instanceKlass java/lang/invoke/LambdaForm$MH+0x000001b9cc2bc400
# instanceKlass java/lang/invoke/LambdaForm$MH+0x000001b9cc2bc000
instanceKlass  @bci com/android/tools/r8/dex/code/T0 a (Lcom/android/tools/r8/utils/structural/z;)V 17 <appendix> argL0 ; # com/android/tools/r8/dex/code/T0$$Lambda+0x000001b9cc2b8210
instanceKlass  @bci com/android/tools/r8/dex/code/T0 a (Lcom/android/tools/r8/utils/structural/z;)V 9 <appendix> argL0 ; # com/android/tools/r8/dex/code/T0$$Lambda+0x000001b9cc2b8000
instanceKlass  @bci com/android/tools/r8/dex/code/T0 a (Lcom/android/tools/r8/utils/structural/z;)V 1 <appendix> argL0 ; # com/android/tools/r8/dex/code/T0$$Lambda+0x000001b9cc2b0400
instanceKlass  @bci com/android/tools/r8/dex/code/T0 a (Lcom/android/tools/r8/dex/code/B1;Lcom/android/tools/r8/utils/structural/a;)I 6 <appendix> argL0 ; # com/android/tools/r8/dex/code/T0$$Lambda+0x000001b9cc2b0c68
instanceKlass  @bci com/android/tools/r8/internal/XV a (Ljava/util/List;Lcom/android/tools/r8/ir/optimize/a;Lcom/android/tools/r8/utils/K;Ljava/util/Map$Entry;)V 94 <appendix> argL0 ; # com/android/tools/r8/internal/XV$$Lambda+0x000001b9cc2b0a28
instanceKlass  @bci com/android/tools/r8/internal/g9 c (Lcom/android/tools/r8/internal/W6;Lcom/android/tools/r8/internal/M7;Lcom/android/tools/r8/internal/KM;)Lcom/android/tools/r8/internal/M7; 11 <appendix> member <vmtarget> ; # com/android/tools/r8/internal/g9$$Lambda+0x000001b9cc2b0800
instanceKlass  @bci com/android/tools/r8/internal/g9 c (Lcom/android/tools/r8/internal/W6;Lcom/android/tools/r8/internal/M7;Lcom/android/tools/r8/internal/KM;)Lcom/android/tools/r8/internal/M7; 5 <appendix> member <vmtarget> ; # com/android/tools/r8/internal/g9$$Lambda+0x000001b9cc2b1c88
instanceKlass  @bci com/android/tools/r8/internal/g9 a (Lcom/android/tools/r8/internal/M7;Lcom/android/tools/r8/graph/w;Lcom/android/tools/r8/internal/W6;)Lcom/android/tools/r8/internal/M7; 90 <appendix> member <vmtarget> ; # com/android/tools/r8/internal/g9$$Lambda+0x000001b9cc2b1a60
instanceKlass  @bci com/android/tools/r8/internal/g9 a (Lcom/android/tools/r8/internal/M7;Lcom/android/tools/r8/graph/w;Lcom/android/tools/r8/internal/W6;)Lcom/android/tools/r8/internal/M7; 84 <appendix> member <vmtarget> ; # com/android/tools/r8/internal/g9$$Lambda+0x000001b9cc2b1848
instanceKlass com/android/tools/r8/internal/Tg
instanceKlass com/android/tools/r8/internal/ZV
instanceKlass  @bci com/android/tools/r8/dex/code/a1 a (Lcom/android/tools/r8/utils/structural/z;)V 17 <appendix> argL0 ; # com/android/tools/r8/dex/code/a1$$Lambda+0x000001b9cc2b1210
instanceKlass  @bci com/android/tools/r8/dex/code/a1 a (Lcom/android/tools/r8/utils/structural/z;)V 9 <appendix> argL0 ; # com/android/tools/r8/dex/code/a1$$Lambda+0x000001b9cc2b1000
instanceKlass  @bci com/android/tools/r8/dex/code/a1 a (Lcom/android/tools/r8/utils/structural/z;)V 1 <appendix> argL0 ; # com/android/tools/r8/dex/code/a1$$Lambda+0x000001b9cc228c30
instanceKlass  @bci com/android/tools/r8/dex/code/a1 a (Lcom/android/tools/r8/dex/code/B1;Lcom/android/tools/r8/utils/structural/a;)I 6 <appendix> argL0 ; # com/android/tools/r8/dex/code/a1$$Lambda+0x000001b9cc228a20
instanceKlass  @bci com/android/tools/r8/internal/pz b (Lcom/android/tools/r8/internal/Nl;)Lcom/android/tools/r8/internal/Lb; 315 <appendix> argL0 ; # com/android/tools/r8/internal/pz$$Lambda+0x000001b9cc228800
instanceKlass  @bci com/android/tools/r8/dex/code/a0 a (Lcom/android/tools/r8/utils/structural/z;)V 1 <appendix> argL0 ; # com/android/tools/r8/dex/code/a0$$Lambda+0x000001b9cc238c58
instanceKlass  @bci com/android/tools/r8/internal/I00 d ()V 24 <appendix> member <vmtarget> ; # com/android/tools/r8/internal/I00$$Lambda+0x000001b9cc238a30
instanceKlass  @bci com/android/tools/r8/utils/A1 a (Lcom/android/tools/r8/graph/A5;Lcom/android/tools/r8/origin/Origin;Lcom/android/tools/r8/internal/Vs;)V 22 <appendix> argL0 ; # com/android/tools/r8/utils/A1$$Lambda+0x000001b9cc238800
instanceKlass com/android/tools/r8/e
instanceKlass com/android/tools/r8/internal/a9
instanceKlass  @bci com/android/tools/r8/internal/g9 a (Lcom/android/tools/r8/internal/M7;Lcom/android/tools/r8/graph/w;Lcom/android/tools/r8/internal/W6;)Lcom/android/tools/r8/internal/M7; 180 <appendix> argL0 ; # com/android/tools/r8/internal/g9$$Lambda+0x000001b9cc2b3910
instanceKlass  @bci com/android/tools/r8/internal/g9 a (Lcom/android/tools/r8/internal/M7;Lcom/android/tools/r8/graph/w;Lcom/android/tools/r8/internal/W6;)Lcom/android/tools/r8/internal/M7; 175 <appendix> argL0 ; # com/android/tools/r8/internal/g9$$Lambda+0x000001b9cc2b3700
instanceKlass  @bci com/android/tools/r8/internal/ys b (Lcom/android/tools/r8/graph/z0;Lcom/android/tools/r8/internal/k8;Lcom/android/tools/r8/graph/A5;)Lcom/android/tools/r8/internal/Xe; 115 <appendix> member <vmtarget> ; # com/android/tools/r8/internal/ys$$Lambda+0x000001b9cc2b34e8
instanceKlass  @bci com/android/tools/r8/internal/Ue b ()V 7 <appendix> argL0 ; # com/android/tools/r8/internal/Ue$$Lambda+0x000001b9cc2b32c8
instanceKlass  @cpi com/android/tools/r8/internal/Ue 29 form vmentry <vmtarget> ; # java/lang/invoke/LambdaForm$DMH+0x000001b9cc1f8400
instanceKlass com/android/tools/r8/internal/We
instanceKlass  @bci com/android/tools/r8/internal/g9 b (Lcom/android/tools/r8/internal/W6;Lcom/android/tools/r8/internal/M7;Lcom/android/tools/r8/internal/KM;)Lcom/android/tools/r8/internal/M7; 3 <appendix> member <vmtarget> ; # com/android/tools/r8/internal/g9$$Lambda+0x000001b9cc2b2eb0
instanceKlass  @bci com/android/tools/r8/internal/g9 a (Lcom/android/tools/r8/internal/M7;Lcom/android/tools/r8/graph/w;Lcom/android/tools/r8/internal/W6;)Lcom/android/tools/r8/internal/M7; 110 <appendix> member <vmtarget> ; # com/android/tools/r8/internal/g9$$Lambda+0x000001b9cc2b2c88
instanceKlass  @bci com/android/tools/r8/internal/g9 a (Lcom/android/tools/r8/internal/M7;Lcom/android/tools/r8/graph/w;Lcom/android/tools/r8/internal/W6;)Lcom/android/tools/r8/internal/M7; 104 <appendix> member <vmtarget> ; # com/android/tools/r8/internal/g9$$Lambda+0x000001b9cc2b2a70
instanceKlass  @bci com/android/tools/r8/internal/ys a (Lcom/android/tools/r8/graph/z0;Lcom/android/tools/r8/internal/k8;Lcom/android/tools/r8/graph/A5;)Lcom/android/tools/r8/internal/Xe; 118 <appendix> member <vmtarget> ; # com/android/tools/r8/internal/ys$$Lambda+0x000001b9cc2b2858
instanceKlass  @bci com/android/tools/r8/internal/ss a (Lcom/android/tools/r8/graph/f1;Lcom/android/tools/r8/synthesis/H;)V 100 <appendix> argL0 ; # com/android/tools/r8/internal/ss$$Lambda+0x000001b9cc2b2450
instanceKlass  @bci com/android/tools/r8/internal/ss c (Lcom/android/tools/r8/graph/A5;Lcom/android/tools/r8/internal/us;)Lcom/android/tools/r8/graph/A5; 60 <appendix> member <vmtarget> ; # com/android/tools/r8/internal/ss$$Lambda+0x000001b9cc2b2228
instanceKlass  @bci com/android/tools/r8/internal/ss c (Lcom/android/tools/r8/graph/A5;Lcom/android/tools/r8/internal/us;)Lcom/android/tools/r8/graph/A5; 54 <appendix> member <vmtarget> ; # com/android/tools/r8/internal/ss$$Lambda+0x000001b9cc2b2000
instanceKlass com/android/tools/r8/internal/St
instanceKlass  @bci com/android/tools/r8/dex/code/M0 a (Lcom/android/tools/r8/utils/structural/z;)V 9 <appendix> argL0 ; # com/android/tools/r8/dex/code/M0$$Lambda+0x000001b9cc2b7b28
instanceKlass  @bci com/android/tools/r8/dex/code/M0 a (Lcom/android/tools/r8/utils/structural/z;)V 1 <appendix> argL0 ; # com/android/tools/r8/dex/code/M0$$Lambda+0x000001b9cc2b7918
instanceKlass  @bci com/android/tools/r8/dex/code/M0 a (Lcom/android/tools/r8/dex/code/B1;Lcom/android/tools/r8/utils/structural/a;)I 6 <appendix> argL0 ; # com/android/tools/r8/dex/code/M0$$Lambda+0x000001b9cc2b7708
instanceKlass  @bci com/android/tools/r8/dex/code/L0 a (Lcom/android/tools/r8/utils/structural/z;)V 9 <appendix> argL0 ; # com/android/tools/r8/dex/code/L0$$Lambda+0x000001b9cc2b74f8
instanceKlass  @bci com/android/tools/r8/dex/code/L0 a (Lcom/android/tools/r8/utils/structural/z;)V 1 <appendix> argL0 ; # com/android/tools/r8/dex/code/L0$$Lambda+0x000001b9cc2b72e8
instanceKlass  @bci com/android/tools/r8/dex/code/L0 a (Lcom/android/tools/r8/dex/code/B1;Lcom/android/tools/r8/utils/structural/a;)I 6 <appendix> argL0 ; # com/android/tools/r8/dex/code/L0$$Lambda+0x000001b9cc2b70d8
instanceKlass  @bci com/android/tools/r8/internal/ss a (Lcom/android/tools/r8/graph/A5;Lcom/android/tools/r8/graph/f1;Lcom/android/tools/r8/synthesis/H;)V 574 <appendix> argL0 ; # com/android/tools/r8/internal/ss$$Lambda+0x000001b9cc2b6ec8
instanceKlass  @bci com/android/tools/r8/internal/ss a (Lcom/android/tools/r8/graph/A5;Lcom/android/tools/r8/internal/us;)Lcom/android/tools/r8/graph/A5; 62 <appendix> member <vmtarget> ; # com/android/tools/r8/internal/ss$$Lambda+0x000001b9cc2b6ca0
instanceKlass  @bci com/android/tools/r8/internal/ss a (Lcom/android/tools/r8/graph/A5;Lcom/android/tools/r8/internal/us;)Lcom/android/tools/r8/graph/A5; 56 <appendix> member <vmtarget> ; # com/android/tools/r8/internal/ss$$Lambda+0x000001b9cc2b6a78
instanceKlass  @bci com/android/tools/r8/internal/Nl w ()V 295 <appendix> member <vmtarget> ; # com/android/tools/r8/internal/Nl$$Lambda+0x000001b9cc2b6850
instanceKlass  @bci com/android/tools/r8/internal/Nl w ()V 278 <appendix> member <vmtarget> ; # com/android/tools/r8/internal/Nl$$Lambda+0x000001b9cc2b6628
instanceKlass  @bci com/android/tools/r8/dex/code/O0 a (Lcom/android/tools/r8/utils/structural/z;)V 17 <appendix> argL0 ; # com/android/tools/r8/dex/code/O0$$Lambda+0x000001b9cc2b5e60
instanceKlass  @bci com/android/tools/r8/dex/code/O0 a (Lcom/android/tools/r8/utils/structural/z;)V 9 <appendix> argL0 ; # com/android/tools/r8/dex/code/O0$$Lambda+0x000001b9cc2b5c50
instanceKlass  @bci com/android/tools/r8/dex/code/O0 a (Lcom/android/tools/r8/utils/structural/z;)V 1 <appendix> argL0 ; # com/android/tools/r8/dex/code/O0$$Lambda+0x000001b9cc2b5a40
instanceKlass  @bci com/android/tools/r8/dex/code/O0 a (Lcom/android/tools/r8/dex/code/B1;Lcom/android/tools/r8/utils/structural/a;)I 6 <appendix> argL0 ; # com/android/tools/r8/dex/code/O0$$Lambda+0x000001b9cc2b5830
instanceKlass  @bci com/android/tools/r8/dex/code/P a (Lcom/android/tools/r8/utils/structural/z;)V 1 <appendix> argL0 ; # com/android/tools/r8/dex/code/P$$Lambda+0x000001b9cc2b5600
instanceKlass  @bci com/android/tools/r8/dex/code/I0 a (Lcom/android/tools/r8/utils/structural/z;)V 9 <appendix> argL0 ; # com/android/tools/r8/dex/code/I0$$Lambda+0x000001b9cc2b53f0
instanceKlass  @bci com/android/tools/r8/dex/code/I0 a (Lcom/android/tools/r8/utils/structural/z;)V 1 <appendix> argL0 ; # com/android/tools/r8/dex/code/I0$$Lambda+0x000001b9cc2b51e0
instanceKlass  @bci com/android/tools/r8/dex/code/I0 a (Lcom/android/tools/r8/dex/code/B1;Lcom/android/tools/r8/utils/structural/a;)I 6 <appendix> argL0 ; # com/android/tools/r8/dex/code/I0$$Lambda+0x000001b9cc2b4fd0
instanceKlass  @bci com/android/tools/r8/internal/XV a (Ljava/util/List;Lcom/android/tools/r8/ir/optimize/a;Lcom/android/tools/r8/utils/K;Ljava/util/Map$Entry;)V 177 <appendix> member <vmtarget> ; # com/android/tools/r8/internal/XV$$Lambda+0x000001b9cc2b4218
instanceKlass  @bci com/android/tools/r8/internal/Vl c (Lcom/android/tools/r8/graph/A5;Lcom/android/tools/r8/ir/optimize/info/m;Lcom/android/tools/r8/internal/uF;Lcom/android/tools/r8/internal/qc;Lcom/android/tools/r8/internal/cF$a;)Lcom/android/tools/r8/utils/A3; 33 <appendix> member <vmtarget> ; # com/android/tools/r8/internal/Vl$$Lambda+0x000001b9cc2b4000
instanceKlass  @bci com/android/tools/r8/internal/be c (Lcom/android/tools/r8/graph/A5;)V 71 <appendix> member <vmtarget> ; # com/android/tools/r8/internal/be$$Lambda+0x000001b9cc1b4400
instanceKlass  @bci com/android/tools/r8/utils/I1 a (Ljava/lang/Iterable;Ljava/util/function/Predicate;)Ljava/lang/Iterable; 2 <appendix> member <vmtarget> ; # com/android/tools/r8/utils/I1$$Lambda+0x000001b9cc1b4c00
instanceKlass  @bci com/android/tools/r8/graph/j3 b (Ljava/util/function/Predicate;)Ljava/util/List; 24 <appendix> member <vmtarget> ; # com/android/tools/r8/graph/j3$$Lambda+0x000001b9cc1b5000
instanceKlass  @bci com/android/tools/r8/graph/j3 g ()Ljava/util/List; 1 <appendix> argL0 ; # com/android/tools/r8/graph/j3$$Lambda+0x000001b9cc1b8400
instanceKlass  @bci com/android/tools/r8/internal/ss b (Lcom/android/tools/r8/graph/z2;)Lcom/android/tools/r8/graph/c1; 1 <appendix> argL0 ; # com/android/tools/r8/internal/ss$$Lambda+0x000001b9cc1b8c40
instanceKlass  @bci com/android/tools/r8/internal/ss a (Lcom/android/tools/r8/graph/z2;Lcom/android/tools/r8/synthesis/H;)V 110 <appendix> member <vmtarget> ; # com/android/tools/r8/internal/ss$$Lambda+0x000001b9cc1b8a28
instanceKlass  @bci com/android/tools/r8/internal/ss a (Lcom/android/tools/r8/graph/z2;Lcom/android/tools/r8/internal/us;)V 76 <appendix> member <vmtarget> ; # com/android/tools/r8/internal/ss$$Lambda+0x000001b9cc1b8800
instanceKlass  @bci com/android/tools/r8/internal/ss a (Lcom/android/tools/r8/graph/z2;Lcom/android/tools/r8/internal/us;)V 70 <appendix> member <vmtarget> ; # com/android/tools/r8/internal/ss$$Lambda+0x000001b9cc2afc18
instanceKlass  @bci com/android/tools/r8/internal/d9 h ()Ljava/lang/Iterable; 22 <appendix> argL0 ; # com/android/tools/r8/internal/d9$$Lambda+0x000001b9cc2af9e8
instanceKlass  @bci com/android/tools/r8/internal/d9 h ()Ljava/lang/Iterable; 12 <appendix> argL0 ; # com/android/tools/r8/internal/d9$$Lambda+0x000001b9cc2af7a8
instanceKlass  @bci com/android/tools/r8/internal/d9 b (I)Lcom/android/tools/r8/internal/vM; 22 <appendix> member <vmtarget> ; # com/android/tools/r8/internal/d9$$Lambda+0x000001b9cc2af590
instanceKlass  @bci com/android/tools/r8/ir/regalloc/b a (Lcom/android/tools/r8/ir/regalloc/c;IZ)V 145 <appendix> member <vmtarget> ; # com/android/tools/r8/ir/regalloc/b$$Lambda+0x000001b9cc2af368
instanceKlass  @cpi com/android/tools/r8/ir/regalloc/b 920 form vmentry <vmtarget> ; # java/lang/invoke/LambdaForm$DMH+0x000001b9cc2b0000
instanceKlass  @bci com/android/tools/r8/internal/g9 a (Lcom/android/tools/r8/internal/M7;Lcom/android/tools/r8/graph/w;Lcom/android/tools/r8/internal/W6;)Lcom/android/tools/r8/internal/M7; 130 <appendix> member <vmtarget> ; # com/android/tools/r8/internal/g9$$Lambda+0x000001b9cc2af140
instanceKlass  @bci com/android/tools/r8/internal/g9 a (Lcom/android/tools/r8/internal/M7;Lcom/android/tools/r8/graph/w;Lcom/android/tools/r8/internal/W6;)Lcom/android/tools/r8/internal/M7; 124 <appendix> member <vmtarget> ; # com/android/tools/r8/internal/g9$$Lambda+0x000001b9cc2aef28
instanceKlass  @bci com/android/tools/r8/ir/regalloc/b a (IZ)I 22 <appendix> member <vmtarget> ; # com/android/tools/r8/ir/regalloc/b$$Lambda+0x000001b9cc2aec98
instanceKlass com/android/tools/r8/internal/Ff
instanceKlass  @bci com/android/tools/r8/internal/kc b (Lcom/android/tools/r8/internal/Nl;)Lcom/android/tools/r8/internal/Lb; 568 <appendix> argL0 ; # com/android/tools/r8/internal/kc$$Lambda+0x000001b9cc2ae878
instanceKlass com/android/tools/r8/utils/v0
instanceKlass  @bci com/android/tools/r8/graph/z2 b (Lcom/android/tools/r8/graph/w;Lcom/android/tools/r8/graph/z0;Ljava/util/function/Predicate;Ljava/util/Set;)Z 150 <appendix> argL0 ; # com/android/tools/r8/graph/z2$$Lambda+0x000001b9cc2ae440
instanceKlass  @bci com/android/tools/r8/ir/regalloc/b a (Lcom/android/tools/r8/internal/Ys;Lcom/android/tools/r8/internal/No;)V 100 <appendix> argL0 ; # com/android/tools/r8/ir/regalloc/b$$Lambda+0x000001b9cc2ae1b8
instanceKlass  @bci com/android/tools/r8/ir/optimize/v0 a (Lcom/android/tools/r8/internal/Nl;Lcom/android/tools/r8/utils/A1;)V 124 <appendix> argL0 ; # com/android/tools/r8/ir/optimize/v0$$Lambda+0x000001b9cc2adf78
instanceKlass com/android/tools/r8/internal/pK
instanceKlass  @bci com/android/tools/r8/dex/code/z3 a (Lcom/android/tools/r8/utils/structural/z;)V 1 <appendix> argL0 ; # com/android/tools/r8/dex/code/z3$$Lambda+0x000001b9cc2aa7a8
instanceKlass com/android/tools/r8/internal/kp
instanceKlass com/android/tools/r8/internal/ep
instanceKlass com/android/tools/r8/internal/mp
instanceKlass  @bci com/android/tools/r8/graph/y1 a (Lcom/android/tools/r8/internal/vM;)Lcom/android/tools/r8/graph/O0; 19 <appendix> argL0 ; # com/android/tools/r8/graph/y1$$Lambda+0x000001b9cc2a97c0
instanceKlass com/android/tools/r8/utils/E0
instanceKlass com/android/tools/r8/graph/W0
instanceKlass com/android/tools/r8/utils/F0
instanceKlass  @bci com/android/tools/r8/graph/x2 a (Lcom/android/tools/r8/utils/structural/z;)V 9 <appendix> argL0 ; # com/android/tools/r8/graph/x2$$Lambda+0x000001b9cc2a8870
instanceKlass  @bci com/android/tools/r8/graph/x2 a (Lcom/android/tools/r8/utils/structural/z;)V 1 <appendix> argL0 ; # com/android/tools/r8/graph/x2$$Lambda+0x000001b9cc2a8640
instanceKlass  @bci com/android/tools/r8/graph/x2 n ()Lcom/android/tools/r8/utils/structural/y; 0 <appendix> argL0 ; # com/android/tools/r8/graph/x2$$Lambda+0x000001b9cc2a8430
instanceKlass  @bci com/android/tools/r8/internal/Ds a (Lcom/android/tools/r8/graph/z2;)Lcom/android/tools/r8/internal/Cs; 5 <appendix> argL0 ; # com/android/tools/r8/internal/Ds$$Lambda+0x000001b9cc2a8200
instanceKlass com/android/tools/r8/internal/Cs
instanceKlass  @bci com/android/tools/r8/internal/fB a (Lcom/android/tools/r8/internal/l8;Lcom/android/tools/r8/internal/Gj;Lcom/android/tools/r8/internal/cD;Lcom/android/tools/r8/internal/dB;Lcom/android/tools/r8/graph/A5;Lcom/android/tools/r8/internal/qc;Lcom/android/tools/r8/internal/eB;)Ljava/util/AbstractCollection; 189 <appendix> member <vmtarget> ; # com/android/tools/r8/internal/fB$$Lambda+0x000001b9cc2a5c38
instanceKlass  @bci com/android/tools/r8/synthesis/f b (Ljava/util/AbstractCollection;)V 18 <appendix> member <vmtarget> ; # com/android/tools/r8/synthesis/f$$Lambda+0x000001b9cc2a5a10
instanceKlass  @bci com/android/tools/r8/internal/ss b (Lcom/android/tools/r8/graph/f1;Lcom/android/tools/r8/synthesis/H;)V 62 <appendix> argL0 ; # com/android/tools/r8/internal/ss$$Lambda+0x000001b9cc2a5800
instanceKlass com/android/tools/r8/internal/MJ
instanceKlass com/android/tools/r8/internal/YJ
instanceKlass  @bci com/android/tools/r8/synthesis/D b (Lcom/android/tools/r8/synthesis/L$b;Ljava/util/function/Consumer;Ljava/util/function/Consumer;Lcom/android/tools/r8/synthesis/e;Lcom/android/tools/r8/graph/w;)Lcom/android/tools/r8/graph/z2; 187 <appendix> member <vmtarget> ; # com/android/tools/r8/synthesis/D$$Lambda+0x000001b9cc2a6670
instanceKlass  @bci com/android/tools/r8/synthesis/D b (Lcom/android/tools/r8/synthesis/L$b;Ljava/util/function/Consumer;Ljava/util/function/Consumer;Lcom/android/tools/r8/synthesis/e;Lcom/android/tools/r8/graph/w;)Lcom/android/tools/r8/graph/z2; 5 <appendix> member <vmtarget> ; # com/android/tools/r8/synthesis/D$$Lambda+0x000001b9cc2a6438
instanceKlass  @bci com/android/tools/r8/internal/Ds a (Lcom/android/tools/r8/graph/z2;Lcom/android/tools/r8/graph/D2;Lcom/android/tools/r8/graph/A2;Lcom/android/tools/r8/graph/w;Ljava/util/function/Consumer;Ljava/util/function/Consumer;)Lcom/android/tools/r8/graph/A5; 15 <appendix> member <vmtarget> ; # com/android/tools/r8/internal/Ds$$Lambda+0x000001b9cc2a6210
instanceKlass  @bci com/android/tools/r8/internal/Ds a (Lcom/android/tools/r8/graph/z2;Lcom/android/tools/r8/graph/D2;Lcom/android/tools/r8/graph/A2;Lcom/android/tools/r8/graph/w;Ljava/util/function/Consumer;Ljava/util/function/Consumer;)Lcom/android/tools/r8/graph/A5; 9 <appendix> argL0 ; # com/android/tools/r8/internal/Ds$$Lambda+0x000001b9cc2a6000
instanceKlass  @bci com/android/tools/r8/internal/ss d (Lcom/android/tools/r8/graph/A5;Lcom/android/tools/r8/internal/us;)Lcom/android/tools/r8/graph/A5; 119 <appendix> member <vmtarget> ; # com/android/tools/r8/internal/ss$$Lambda+0x000001b9cc2a3bd0
instanceKlass  @bci com/android/tools/r8/internal/ss d (Lcom/android/tools/r8/graph/A5;Lcom/android/tools/r8/internal/us;)Lcom/android/tools/r8/graph/A5; 113 <appendix> member <vmtarget> ; # com/android/tools/r8/internal/ss$$Lambda+0x000001b9cc2a39a8
instanceKlass  @bci com/android/tools/r8/internal/ys b (Lcom/android/tools/r8/graph/z0;Lcom/android/tools/r8/internal/k8;Lcom/android/tools/r8/graph/A5;)Lcom/android/tools/r8/internal/Xe; 302 <appendix> member <vmtarget> ; # com/android/tools/r8/internal/ys$$Lambda+0x000001b9cc2a3790
instanceKlass  @bci com/android/tools/r8/graph/j c (Lcom/android/tools/r8/graph/z0;Lcom/android/tools/r8/graph/A2;Lcom/android/tools/r8/graph/D2;)Lcom/android/tools/r8/graph/U4; 12 <appendix> member <vmtarget> ; # com/android/tools/r8/graph/j$$Lambda+0x000001b9cc2a3558
instanceKlass  @bci com/android/tools/r8/internal/hB a (Lcom/android/tools/r8/internal/ZA;Lcom/android/tools/r8/graph/s2;Lcom/android/tools/r8/internal/eB;)Lcom/android/tools/r8/graph/E; 1067 <appendix> member <vmtarget> ; # com/android/tools/r8/internal/hB$$Lambda+0x000001b9cc2a3340
instanceKlass  @bci com/android/tools/r8/internal/hB a (Lcom/android/tools/r8/internal/ZA;Lcom/android/tools/r8/graph/s2;Lcom/android/tools/r8/internal/eB;)Lcom/android/tools/r8/graph/E; 1060 <appendix> member <vmtarget> ; # com/android/tools/r8/internal/hB$$Lambda+0x000001b9cc2a3128
instanceKlass com/android/tools/r8/internal/RC
instanceKlass com/android/tools/r8/internal/hB
instanceKlass  @bci com/android/tools/r8/synthesis/f a (Ljava/util/AbstractCollection;)Lcom/android/tools/r8/synthesis/f; 18 <appendix> member <vmtarget> ; # com/android/tools/r8/synthesis/f$$Lambda+0x000001b9cc2a2108
instanceKlass com/android/tools/r8/internal/aB
instanceKlass  @bci com/android/tools/r8/internal/ZA a (I)Lcom/android/tools/r8/graph/h1; 32 <appendix> form vmentry <vmtarget> ; # java/lang/invoke/LambdaForm$MH+0x000001b9cc2a5400
instanceKlass  @bci com/android/tools/r8/internal/ZA a (I)Lcom/android/tools/r8/graph/h1; 32 <appendix> argL3 form vmentry <vmtarget> ; # java/lang/invoke/LambdaForm$MH+0x000001b9cc2a5000
# instanceKlass java/lang/invoke/LambdaForm$MH+0x000001b9cc2a4c00
# instanceKlass java/lang/invoke/LambdaForm$MH+0x000001b9cc2a4800
instanceKlass  @bci com/android/tools/r8/internal/Iz b (Lcom/android/tools/r8/graph/K2;Ljava/lang/String;)[Ljava/lang/String; 36 <appendix> argL1 argL1 form vmentry <vmtarget> ; # java/lang/invoke/LambdaForm$MH+0x000001b9cc2a4400
# instanceKlass java/lang/invoke/LambdaForm$MH+0x000001b9cc2a4000
instanceKlass com/android/tools/r8/internal/YA
instanceKlass com/android/tools/r8/internal/ZA
instanceKlass  @bci com/android/tools/r8/synthesis/D a (Lcom/android/tools/r8/synthesis/C;Lcom/android/tools/r8/internal/tc;Lcom/android/tools/r8/graph/w;Ljava/util/function/Consumer;)Lcom/android/tools/r8/graph/z2; 25 <appendix> member <vmtarget> ; # com/android/tools/r8/synthesis/D$$Lambda+0x000001b9cc2a0a58
instanceKlass  @bci com/android/tools/r8/internal/fB a (Lcom/android/tools/r8/internal/l8;Lcom/android/tools/r8/graph/A5;Lcom/android/tools/r8/internal/qc;Lcom/android/tools/r8/internal/eB;)Lcom/android/tools/r8/internal/ZA; 77 <appendix> member <vmtarget> ; # com/android/tools/r8/internal/fB$$Lambda+0x000001b9cc2a0830
instanceKlass  @bci com/android/tools/r8/internal/fB a (Lcom/android/tools/r8/internal/l8;Lcom/android/tools/r8/graph/A5;Lcom/android/tools/r8/internal/qc;Lcom/android/tools/r8/internal/eB;)Lcom/android/tools/r8/internal/ZA; 58 <appendix> argL0 ; # com/android/tools/r8/internal/fB$$Lambda+0x000001b9cc2a0620
instanceKlass  @bci com/android/tools/r8/internal/fB a (Lcom/android/tools/r8/internal/d8;Lcom/android/tools/r8/internal/Gj;Lcom/android/tools/r8/internal/cD;Lcom/android/tools/r8/internal/i8;Lcom/android/tools/r8/graph/A5;Lcom/android/tools/r8/internal/qc;Lcom/android/tools/r8/internal/f8;Lcom/android/tools/r8/graph/y1;)Ljava/util/Collection; 14 <appendix> member <vmtarget> ; # com/android/tools/r8/internal/fB$$Lambda+0x000001b9cc2a0408
instanceKlass com/android/tools/r8/internal/eB
instanceKlass  @bci com/android/tools/r8/internal/fB a (Lcom/android/tools/r8/internal/d8;)Lcom/android/tools/r8/internal/Ue; 2 <appendix> member <vmtarget> ; # com/android/tools/r8/internal/fB$$Lambda+0x000001b9cc2a0000
instanceKlass  @bci com/android/tools/r8/internal/ys a (Lcom/android/tools/r8/internal/l8;Lcom/android/tools/r8/graph/A5;)Z 6 <appendix> member <vmtarget> ; # com/android/tools/r8/internal/ys$$Lambda+0x000001b9cc292c00
instanceKlass com/android/tools/r8/internal/kI
instanceKlass  @bci com/android/tools/r8/ir/regalloc/n b (ILcom/android/tools/r8/ir/regalloc/c;Lcom/android/tools/r8/ir/regalloc/c;)V 32 <appendix> argL0 ; # com/android/tools/r8/ir/regalloc/n$$Lambda+0x000001b9cc29e6b8
instanceKlass  @bci com/android/tools/r8/internal/M7 a (Lcom/android/tools/r8/utils/I3;Lcom/android/tools/r8/internal/M7;Lcom/android/tools/r8/internal/KM;)Lcom/android/tools/r8/internal/M7; 3 <appendix> member <vmtarget> ; # com/android/tools/r8/internal/M7$$Lambda+0x000001b9cc29e490
instanceKlass  @bci com/android/tools/r8/internal/M7 a (Ljava/util/function/BiFunction;Ljava/util/function/BiFunction;)Lcom/android/tools/r8/internal/M7; 3 <appendix> member <vmtarget> ; # com/android/tools/r8/internal/M7$$Lambda+0x000001b9cc29e268
instanceKlass  @bci com/android/tools/r8/internal/M7 a (Lcom/android/tools/r8/utils/I3;Ljava/util/function/BiFunction;)Lcom/android/tools/r8/internal/M7; 2 <appendix> member <vmtarget> ; # com/android/tools/r8/internal/M7$$Lambda+0x000001b9cc29e040
instanceKlass  @bci com/android/tools/r8/internal/g9 d (Lcom/android/tools/r8/internal/W6;Lcom/android/tools/r8/internal/M7;Lcom/android/tools/r8/internal/KM;)Lcom/android/tools/r8/internal/M7; 11 <appendix> member <vmtarget> ; # com/android/tools/r8/internal/g9$$Lambda+0x000001b9cc29de18
instanceKlass  @bci com/android/tools/r8/internal/g9 d (Lcom/android/tools/r8/internal/W6;Lcom/android/tools/r8/internal/M7;Lcom/android/tools/r8/internal/KM;)Lcom/android/tools/r8/internal/M7; 5 <appendix> member <vmtarget> ; # com/android/tools/r8/internal/g9$$Lambda+0x000001b9cc29dc00
instanceKlass  @bci com/android/tools/r8/internal/g9 a (Lcom/android/tools/r8/internal/M7;Lcom/android/tools/r8/graph/w;Lcom/android/tools/r8/internal/W6;)Lcom/android/tools/r8/internal/M7; 143 <appendix> member <vmtarget> ; # com/android/tools/r8/internal/g9$$Lambda+0x000001b9cc29d9d8
instanceKlass  @bci com/android/tools/r8/internal/Nl a (Lcom/android/tools/r8/internal/Kl;Ljava/util/Set;)Z 154 <appendix> argL0 ; # com/android/tools/r8/internal/Nl$$Lambda+0x000001b9cc2999c8
instanceKlass  @bci com/android/tools/r8/ir/regalloc/n a (ILcom/android/tools/r8/ir/regalloc/c;Lcom/android/tools/r8/ir/regalloc/c;)V 32 <appendix> argL0 ; # com/android/tools/r8/ir/regalloc/n$$Lambda+0x000001b9cc299798
instanceKlass java/util/AbstractMap$SimpleImmutableEntry
instanceKlass  @bci com/android/tools/r8/dex/code/Z0 a (Lcom/android/tools/r8/utils/structural/z;)V 49 <appendix> argL0 ; # com/android/tools/r8/dex/code/Z0$$Lambda+0x000001b9cc293840
instanceKlass  @bci com/android/tools/r8/dex/code/Z0 a (Lcom/android/tools/r8/utils/structural/z;)V 41 <appendix> argL0 ; # com/android/tools/r8/dex/code/Z0$$Lambda+0x000001b9cc293630
instanceKlass  @bci com/android/tools/r8/dex/code/Z0 a (Lcom/android/tools/r8/utils/structural/z;)V 33 <appendix> argL0 ; # com/android/tools/r8/dex/code/Z0$$Lambda+0x000001b9cc293420
instanceKlass  @bci com/android/tools/r8/dex/code/Z0 a (Lcom/android/tools/r8/utils/structural/z;)V 25 <appendix> argL0 ; # com/android/tools/r8/dex/code/Z0$$Lambda+0x000001b9cc293210
instanceKlass  @bci com/android/tools/r8/dex/code/Z0 a (Lcom/android/tools/r8/utils/structural/z;)V 17 <appendix> argL0 ; # com/android/tools/r8/dex/code/Z0$$Lambda+0x000001b9cc293000
instanceKlass  @bci com/android/tools/r8/dex/code/Z0 a (Lcom/android/tools/r8/utils/structural/z;)V 9 <appendix> argL0 ; # com/android/tools/r8/dex/code/Z0$$Lambda+0x000001b9cc297c78
instanceKlass  @bci com/android/tools/r8/dex/code/Z0 a (Lcom/android/tools/r8/utils/structural/z;)V 1 <appendix> argL0 ; # com/android/tools/r8/dex/code/Z0$$Lambda+0x000001b9cc297a68
instanceKlass  @bci com/android/tools/r8/dex/code/Z0 a (Lcom/android/tools/r8/dex/code/B1;Lcom/android/tools/r8/utils/structural/a;)I 6 <appendix> argL0 ; # com/android/tools/r8/dex/code/Z0$$Lambda+0x000001b9cc297858
instanceKlass  @bci com/android/tools/r8/dex/code/P2 a (Lcom/android/tools/r8/utils/structural/z;)V 1 <appendix> argL0 ; # com/android/tools/r8/dex/code/P2$$Lambda+0x000001b9cc297628
instanceKlass  @bci com/android/tools/r8/dex/code/K0 b (Lcom/android/tools/r8/utils/structural/z;)V 11 <appendix> member <vmtarget> ; # com/android/tools/r8/dex/code/K0$$Lambda+0x000001b9cc297410
instanceKlass  @bci com/android/tools/r8/dex/code/K0 b (Lcom/android/tools/r8/utils/structural/z;)V 1 <appendix> argL0 ; # com/android/tools/r8/dex/code/K0$$Lambda+0x000001b9cc297200
instanceKlass  @bci com/android/tools/r8/dex/code/K0 a (Lcom/android/tools/r8/dex/code/B1;Lcom/android/tools/r8/utils/structural/a;)I 8 <appendix> member <vmtarget> ; # com/android/tools/r8/dex/code/K0$$Lambda+0x000001b9cc296fe8
instanceKlass  @bci com/android/tools/r8/utils/A2 a (Ljava/util/function/Predicate;)Ljava/util/function/Predicate; 1 <appendix> member <vmtarget> ; # com/android/tools/r8/utils/A2$$Lambda+0x000001b9cc296da0
instanceKlass com/android/tools/r8/utils/A2
instanceKlass  @bci com/android/tools/r8/ir/optimize/l0 a (Ljava/util/LinkedHashSet;Ljava/util/LinkedHashSet;)V 7 <appendix> member <vmtarget> ; # com/android/tools/r8/ir/optimize/l0$$Lambda+0x000001b9cc296960
instanceKlass com/android/tools/r8/internal/k3
instanceKlass com/android/tools/r8/internal/RB
instanceKlass com/android/tools/r8/internal/j3
instanceKlass  @bci com/android/tools/r8/ir/optimize/g0 a (Lcom/android/tools/r8/internal/J4;Lcom/android/tools/r8/ir/regalloc/f;Ljava/util/Set;Lcom/android/tools/r8/ir/optimize/Y;)V 282 <adapter> ; # java/lang/invoke/LambdaForm$MH+0x000001b9cc292800
# instanceKlass java/lang/invoke/LambdaForm$DMH+0x000001b9cc292400
instanceKlass  @bci com/android/tools/r8/ir/optimize/g0 a (Lcom/android/tools/r8/internal/J4;Lcom/android/tools/r8/ir/regalloc/f;Ljava/util/Set;Lcom/android/tools/r8/ir/optimize/Y;)V 282 <appendix> form vmentry <vmtarget> ; # java/lang/invoke/LambdaForm$DMH+0x000001b9cc292000
instanceKlass  @bci com/android/tools/r8/internal/g9 a (Lcom/android/tools/r8/internal/M7;Lcom/android/tools/r8/graph/w;Lcom/android/tools/r8/internal/W6;)Lcom/android/tools/r8/internal/M7; 154 <appendix> member <vmtarget> ; # com/android/tools/r8/internal/g9$$Lambda+0x000001b9cc294f38
instanceKlass  @bci com/android/tools/r8/ir/optimize/g0 a (Lcom/android/tools/r8/internal/J4;Lcom/android/tools/r8/ir/regalloc/f;Ljava/util/Set;Lcom/android/tools/r8/ir/optimize/Y;)V 282 <appendix> member <vmtarget> ; # com/android/tools/r8/ir/optimize/g0$$Lambda+0x000001b9cc294cf0
instanceKlass  @bci com/android/tools/r8/internal/Ac h ()Lcom/android/tools/r8/internal/M7; 1 <appendix> argL0 ; # com/android/tools/r8/internal/Ac$$Lambda+0x000001b9cc294ad0
instanceKlass  @cpi com/android/tools/r8/ir/optimize/g0 241 form vmentry <vmtarget> ; # java/lang/invoke/LambdaForm$DMH+0x000001b9cc291c00
instanceKlass  @bci com/android/tools/r8/graph/h1 a (Lcom/android/tools/r8/utils/structural/z;)V 17 <appendix> argL0 ; # com/android/tools/r8/graph/h1$$Lambda+0x000001b9cc2948a0
instanceKlass  @bci com/android/tools/r8/graph/h1 a (Lcom/android/tools/r8/utils/structural/z;)V 9 <appendix> argL0 ; # com/android/tools/r8/graph/h1$$Lambda+0x000001b9cc294670
instanceKlass  @bci com/android/tools/r8/graph/h1 a (Lcom/android/tools/r8/utils/structural/z;)V 1 <appendix> argL0 ; # com/android/tools/r8/graph/h1$$Lambda+0x000001b9cc294440
instanceKlass  @bci com/android/tools/r8/graph/h1 n ()Lcom/android/tools/r8/utils/structural/y; 0 <appendix> argL0 ; # com/android/tools/r8/graph/h1$$Lambda+0x000001b9cc294230
instanceKlass  @bci com/android/tools/r8/dex/code/P0 b (Lcom/android/tools/r8/utils/structural/z;)V 17 <appendix> argL0 ; # com/android/tools/r8/dex/code/P0$$Lambda+0x000001b9cc294000
instanceKlass  @bci com/android/tools/r8/dex/code/P0 b (Lcom/android/tools/r8/utils/structural/z;)V 9 <appendix> argL0 ; # com/android/tools/r8/dex/code/P0$$Lambda+0x000001b9cc28fd18
instanceKlass  @bci com/android/tools/r8/dex/code/P0 b (Lcom/android/tools/r8/utils/structural/z;)V 1 <appendix> argL0 ; # com/android/tools/r8/dex/code/P0$$Lambda+0x000001b9cc28fb08
instanceKlass  @bci com/android/tools/r8/dex/code/P0 a (Lcom/android/tools/r8/dex/code/B1;Lcom/android/tools/r8/utils/structural/a;)I 6 <appendix> argL0 ; # com/android/tools/r8/dex/code/P0$$Lambda+0x000001b9cc28f8f8
instanceKlass  @bci com/android/tools/r8/ir/optimize/l0 a (Lcom/android/tools/r8/internal/JE;)V 14 <appendix> member <vmtarget> ; # com/android/tools/r8/ir/optimize/l0$$Lambda+0x000001b9cc28f6b0
instanceKlass  @bci com/android/tools/r8/dex/code/G0 a (Lcom/android/tools/r8/utils/structural/z;)V 9 <appendix> argL0 ; # com/android/tools/r8/dex/code/G0$$Lambda+0x000001b9cc28f4a0
instanceKlass  @bci com/android/tools/r8/dex/code/G0 a (Lcom/android/tools/r8/utils/structural/z;)V 1 <appendix> argL0 ; # com/android/tools/r8/dex/code/G0$$Lambda+0x000001b9cc28f290
instanceKlass  @bci com/android/tools/r8/dex/code/G0 a (Lcom/android/tools/r8/dex/code/B1;Lcom/android/tools/r8/utils/structural/a;)I 6 <appendix> argL0 ; # com/android/tools/r8/dex/code/G0$$Lambda+0x000001b9cc28f080
instanceKlass  @bci com/android/tools/r8/internal/be c (Lcom/android/tools/r8/graph/A5;Lcom/android/tools/r8/internal/i8;)V 58 <appendix> member <vmtarget> ; # com/android/tools/r8/internal/be$$Lambda+0x000001b9cc28ee68
instanceKlass  @bci com/android/tools/r8/synthesis/f a ()Lcom/android/tools/r8/graph/z0; 347 <appendix> form vmentry <vmtarget> ; # java/lang/invoke/LambdaForm$DMH+0x000001b9cc291800
instanceKlass  @bci com/android/tools/r8/synthesis/f a ()Lcom/android/tools/r8/graph/z0; 347 <appendix> member <vmtarget> ; # com/android/tools/r8/synthesis/f$$Lambda+0x000001b9cc28ec58
instanceKlass  @bci com/android/tools/r8/synthesis/H a ()Lcom/android/tools/r8/graph/f1; 188 <appendix> argL0 ; # com/android/tools/r8/synthesis/H$$Lambda+0x000001b9cc28ea38
instanceKlass  @bci com/android/tools/r8/internal/n4 a (Lcom/android/tools/r8/graph/w;Lcom/android/tools/r8/synthesis/H;)V 31 <appendix> member <vmtarget> ; # com/android/tools/r8/internal/n4$$Lambda+0x000001b9cc28e638
instanceKlass com/android/tools/r8/synthesis/G
instanceKlass  @bci java/util/function/Consumer andThen (Ljava/util/function/Consumer;)Ljava/util/function/Consumer; 7 <appendix> member <vmtarget> ; # java/util/function/Consumer$$Lambda+0x000001b9cc0cc740
instanceKlass  @cpi java/util/function/Consumer 43 form vmentry <vmtarget> ; # java/lang/invoke/LambdaForm$DMH+0x000001b9cc291400
instanceKlass  @bci com/android/tools/r8/synthesis/D a (Lcom/android/tools/r8/synthesis/C;Lcom/android/tools/r8/graph/z2;Lcom/android/tools/r8/graph/w;Ljava/util/function/Consumer;Ljava/util/function/Supplier;)Lcom/android/tools/r8/graph/A5; 149 <appendix> argL0 ; # com/android/tools/r8/synthesis/D$$Lambda+0x000001b9cc28e228
instanceKlass  @bci com/android/tools/r8/synthesis/L a (Ljava/lang/String;Lcom/android/tools/r8/synthesis/L$b;Ljava/lang/String;Ljava/lang/String;)Ljava/lang/String; 7 <appendix> form vmentry <vmtarget> ; # java/lang/invoke/LambdaForm$MH+0x000001b9cc291000
# instanceKlass java/lang/invoke/LambdaForm$MH+0x000001b9cc290c00
instanceKlass  @bci com/android/tools/r8/synthesis/L a (Ljava/lang/String;Lcom/android/tools/r8/synthesis/L$b;Ljava/lang/String;Ljava/lang/String;)Ljava/lang/String; 7 <appendix> argL3 form vmentry <vmtarget> ; # java/lang/invoke/LambdaForm$MH+0x000001b9cc290800
# instanceKlass java/lang/invoke/LambdaForm$MH+0x000001b9cc290400
# instanceKlass java/lang/invoke/LambdaForm$MH+0x000001b9cc290000
# instanceKlass java/lang/invoke/LambdaForm$MH+0x000001b9cc28dc00
# instanceKlass java/lang/invoke/LambdaForm$MH+0x000001b9cc28d800
instanceKlass  @bci com/android/tools/r8/synthesis/L a (Ljava/lang/String;Lcom/android/tools/r8/synthesis/L$b;Ljava/lang/String;Ljava/lang/String;)Ljava/lang/String; 7 <appendix> argL1 form vmentry <vmtarget> ; # java/lang/invoke/LambdaForm$MH+0x000001b9cc28d400
# instanceKlass java/lang/invoke/LambdaForm$MH+0x000001b9cc28d000
# instanceKlass java/lang/invoke/LambdaForm$MH+0x000001b9cc28cc00
# instanceKlass java/lang/invoke/LambdaForm$MH+0x000001b9cc28c800
instanceKlass  @bci com/android/tools/r8/ir/optimize/K a (Lcom/android/tools/r8/internal/Nl;)V 578 <appendix> member <vmtarget> ; # com/android/tools/r8/ir/optimize/K$$Lambda+0x000001b9cc28e000
instanceKlass  @bci com/android/tools/r8/ir/optimize/K a (Lcom/android/tools/r8/internal/Nl;)V 558 <appendix> argL0 ; # com/android/tools/r8/ir/optimize/K$$Lambda+0x000001b9cc28bcb0
instanceKlass  @bci com/android/tools/r8/ir/optimize/K a (Lcom/android/tools/r8/internal/Nl;)V 548 <appendix> argL0 ; # com/android/tools/r8/ir/optimize/K$$Lambda+0x000001b9cc28ba70
instanceKlass  @bci com/android/tools/r8/internal/v3 c (Lcom/android/tools/r8/internal/wI;)Lcom/android/tools/r8/internal/v3; 20 <appendix> member <vmtarget> ; # com/android/tools/r8/internal/v3$$Lambda+0x000001b9cc28b620
instanceKlass  @bci com/android/tools/r8/graph/s2 a (Lcom/android/tools/r8/utils/structural/o;)V 34 <appendix> member <vmtarget> ; # com/android/tools/r8/graph/s2$$Lambda+0x000001b9cc28b848
instanceKlass  @bci com/android/tools/r8/ir/optimize/K a (Lcom/android/tools/r8/internal/Nl;)V 445 <appendix> argL0 ; # com/android/tools/r8/ir/optimize/K$$Lambda+0x000001b9cc28b3f0
instanceKlass  @bci com/android/tools/r8/utils/structural/i a (Lcom/android/tools/r8/utils/structural/x;Lcom/android/tools/r8/utils/structural/n;Lcom/android/tools/r8/utils/structural/w;)V 1 <appendix> argL0 ; # com/android/tools/r8/utils/structural/i$$Lambda+0x000001b9cc28b1e0
instanceKlass com/android/tools/r8/utils/structural/i
instanceKlass  @bci com/android/tools/r8/utils/structural/x a (Lcom/android/tools/r8/utils/structural/n;)V 7 <appendix> argL0 ; # com/android/tools/r8/utils/structural/x$$Lambda+0x000001b9cc28add8
instanceKlass com/android/tools/r8/internal/q
instanceKlass com/android/tools/r8/internal/p
instanceKlass com/android/tools/r8/internal/fl
instanceKlass com/android/tools/r8/internal/gl
instanceKlass com/android/tools/r8/utils/structural/m
instanceKlass com/android/tools/r8/synthesis/e
instanceKlass  @bci com/android/tools/r8/synthesis/D b (Lcom/android/tools/r8/synthesis/C;Lcom/android/tools/r8/internal/tc;Lcom/android/tools/r8/graph/w;Ljava/util/function/Consumer;)Lcom/android/tools/r8/graph/A5; 8 <appendix> member <vmtarget> ; # com/android/tools/r8/synthesis/D$$Lambda+0x000001b9cc289840
instanceKlass  @bci com/android/tools/r8/internal/n4 a (Lcom/android/tools/r8/graph/w;Lcom/android/tools/r8/internal/qc;)Lcom/android/tools/r8/graph/A5; 21 <appendix> member <vmtarget> ; # com/android/tools/r8/internal/n4$$Lambda+0x000001b9cc289618
instanceKlass com/android/tools/r8/synthesis/H
instanceKlass  @bci com/android/tools/r8/internal/n4 a (Lcom/android/tools/r8/graph/w;Lcom/android/tools/r8/internal/qc;)Lcom/android/tools/r8/graph/A5; 11 <appendix> member <vmtarget> ; # com/android/tools/r8/internal/n4$$Lambda+0x000001b9cc288890
instanceKlass  @bci com/android/tools/r8/internal/UH a (Lcom/android/tools/r8/utils/m1;Lcom/android/tools/r8/utils/m1;Lcom/android/tools/r8/internal/i8;Lcom/android/tools/r8/graph/A5;Lcom/android/tools/r8/internal/qc;Lcom/android/tools/r8/utils/m1;Lcom/android/tools/r8/graph/E;Lcom/android/tools/r8/utils/m1;Lcom/android/tools/r8/internal/d8;)Ljava/util/Collection; 19 <appendix> member <vmtarget> ; # com/android/tools/r8/internal/UH$$Lambda+0x000001b9cc288678
instanceKlass  @bci com/android/tools/r8/internal/UH a (Lcom/android/tools/r8/utils/m1;Lcom/android/tools/r8/utils/m1;Lcom/android/tools/r8/internal/i8;Lcom/android/tools/r8/graph/A5;Lcom/android/tools/r8/internal/qc;Lcom/android/tools/r8/utils/m1;Lcom/android/tools/r8/graph/E;Lcom/android/tools/r8/utils/m1;Lcom/android/tools/r8/internal/d8;)Ljava/util/Collection; 9 <appendix> member <vmtarget> ; # com/android/tools/r8/internal/UH$$Lambda+0x000001b9cc288460
instanceKlass  @cpi com/android/tools/r8/internal/hB 336 form vmentry <vmtarget> ; # java/lang/invoke/LambdaForm$DMH+0x000001b9cc28c400
instanceKlass  @bci com/android/tools/r8/internal/UH a (Lcom/android/tools/r8/internal/qc;Lcom/android/tools/r8/graph/A5;Lcom/android/tools/r8/internal/i8;)V 94 <appendix> form vmentry <vmtarget> ; # java/lang/invoke/LambdaForm$DMH+0x000001b9cc28c000
instanceKlass  @bci com/android/tools/r8/internal/UH a (Lcom/android/tools/r8/internal/qc;Lcom/android/tools/r8/graph/A5;Lcom/android/tools/r8/internal/i8;)V 94 <appendix> member <vmtarget> ; # com/android/tools/r8/internal/UH$$Lambda+0x000001b9cc288228
instanceKlass  @bci com/android/tools/r8/internal/M7 b (Lcom/android/tools/r8/utils/I3;Lcom/android/tools/r8/internal/M7;Lcom/android/tools/r8/internal/KM;)Lcom/android/tools/r8/internal/M7; 3 <appendix> member <vmtarget> ; # com/android/tools/r8/internal/M7$$Lambda+0x000001b9cc288000
instanceKlass  @bci com/android/tools/r8/internal/M7 a (Lcom/android/tools/r8/utils/I3;)Lcom/android/tools/r8/internal/M7; 2 <appendix> member <vmtarget> ; # com/android/tools/r8/internal/M7$$Lambda+0x000001b9cc287da0
instanceKlass  @bci com/android/tools/r8/internal/g9 a (Lcom/android/tools/r8/internal/M7;Lcom/android/tools/r8/graph/w;Lcom/android/tools/r8/internal/W6;)Lcom/android/tools/r8/internal/M7; 72 <appendix> member <vmtarget> ; # com/android/tools/r8/internal/g9$$Lambda+0x000001b9cc287b88
instanceKlass com/android/tools/r8/internal/Re
instanceKlass  @bci com/android/tools/r8/ir/optimize/E a (Ljava/util/Queue;Lcom/android/tools/r8/internal/Nl;Lcom/android/tools/r8/internal/J4;Lcom/android/tools/r8/ir/optimize/a;Lcom/android/tools/r8/internal/m20;)V 329 <appendix> argL0 ; # com/android/tools/r8/ir/optimize/E$$Lambda+0x000001b9cc287378
instanceKlass com/android/tools/r8/internal/k4
instanceKlass  @bci com/android/tools/r8/internal/w4 a (Lcom/android/tools/r8/internal/k8;Lcom/android/tools/r8/internal/p4;)Lcom/android/tools/r8/internal/Ue; 3 <appendix> member <vmtarget> ; # com/android/tools/r8/internal/w4$$Lambda+0x000001b9cc287160
instanceKlass com/android/tools/r8/internal/cD
instanceKlass com/android/tools/r8/internal/Gj
instanceKlass com/android/tools/r8/internal/Se
instanceKlass  @bci com/android/tools/r8/internal/w4 a (Lcom/android/tools/r8/graph/A5;Lcom/android/tools/r8/internal/d8;)Lcom/android/tools/r8/internal/Xe; 313 <appendix> argL0 ; # com/android/tools/r8/internal/w4$$Lambda+0x000001b9cc27fcb0
instanceKlass  @bci com/android/tools/r8/graph/y1 e (I)Lcom/android/tools/r8/graph/M0; 15 <appendix> argL0 ; # com/android/tools/r8/graph/y1$$Lambda+0x000001b9cc278cb8
instanceKlass com/android/tools/r8/internal/TG
instanceKlass  @bci com/android/tools/r8/internal/d7 a (Lcom/android/tools/r8/internal/M7;Lcom/android/tools/r8/graph/w;Lcom/android/tools/r8/internal/W6;)Lcom/android/tools/r8/internal/M7; 27 <appendix> member <vmtarget> ; # com/android/tools/r8/internal/d7$$Lambda+0x000001b9cc27f5d0
# instanceKlass com/android/tools/r8/internal/m20$$Lambda+0x000001b9cc27f3a8
instanceKlass  @bci com/android/tools/r8/internal/m20 a (Lcom/android/tools/r8/utils/Q3;Lcom/android/tools/r8/utils/K;)Lcom/android/tools/r8/internal/f20; 230 <appendix> member <vmtarget> ; # com/android/tools/r8/internal/m20$$Lambda+0x000001b9cc27f180
instanceKlass  @bci com/android/tools/r8/utils/I1 b (Ljava/lang/Object;)Ljava/lang/Iterable; 1 <appendix> member <vmtarget> ; # com/android/tools/r8/utils/I1$$Lambda+0x000001b9cc27ef48
# instanceKlass com/android/tools/r8/utils/I1$$Lambda+0x000001b9cc27ed10
instanceKlass com/android/tools/r8/internal/EZ
instanceKlass com/android/tools/r8/utils/I1
instanceKlass  @bci com/android/tools/r8/internal/s3 a (Lcom/android/tools/r8/graph/w;Lcom/android/tools/r8/internal/Nl;)Lcom/android/tools/r8/ir/optimize/D; 21 <appendix> argL0 ; # com/android/tools/r8/internal/s3$$Lambda+0x000001b9cc27e270
instanceKlass  @bci com/android/tools/r8/internal/s3 b (Lcom/android/tools/r8/graph/w;Lcom/android/tools/r8/graph/A5;)Z 9 <appendix> argL0 ; # com/android/tools/r8/internal/s3$$Lambda+0x000001b9cc27e030
instanceKlass  @bci com/android/tools/r8/ir/optimize/l0 a (Lcom/android/tools/r8/internal/JE;I)V 15 <appendix> member <vmtarget> ; # com/android/tools/r8/ir/optimize/l0$$Lambda+0x000001b9cc27dde8
instanceKlass  @cpi com/android/tools/r8/ir/optimize/l0 202 form vmentry <vmtarget> ; # java/lang/invoke/LambdaForm$DMH+0x000001b9cc278400
instanceKlass  @bci com/android/tools/r8/ir/optimize/i0 a (Lcom/android/tools/r8/internal/f20;Lcom/android/tools/r8/internal/f20;Lcom/android/tools/r8/internal/JE;)Lcom/android/tools/r8/ir/optimize/i0; 1 <appendix> argL0 ; # com/android/tools/r8/ir/optimize/i0$$Lambda+0x000001b9cc27dba8
instanceKlass com/android/tools/r8/ir/optimize/i0
instanceKlass  @bci com/android/tools/r8/internal/j2 b (Lcom/android/tools/r8/graph/D2;)I 181 <appendix> member <vmtarget> ; # com/android/tools/r8/internal/j2$$Lambda+0x000001b9cc276bb8
instanceKlass  @cpi com/android/tools/r8/internal/j2 163 form vmentry <vmtarget> ; # java/lang/invoke/LambdaForm$DMH+0x000001b9cc278000
instanceKlass  @bci com/android/tools/r8/graph/P4 b (Lcom/android/tools/r8/graph/z0;Lcom/android/tools/r8/graph/A2;Lcom/android/tools/r8/graph/D2;)Lcom/android/tools/r8/graph/U4; 94 <appendix> member <vmtarget> ; # com/android/tools/r8/graph/P4$$Lambda+0x000001b9cc276020
instanceKlass com/android/tools/r8/internal/DG
instanceKlass com/android/tools/r8/internal/s0
instanceKlass com/android/tools/r8/internal/CG
instanceKlass com/android/tools/r8/internal/Nd
instanceKlass  @bci com/android/tools/r8/internal/aW a (Ljava/util/ArrayList;)Ljava/util/LinkedHashMap; 278 <appendix> member <vmtarget> ; # com/android/tools/r8/internal/aW$$Lambda+0x000001b9cc26cc00
instanceKlass  @cpi com/android/tools/r8/internal/aW 245 form vmentry <vmtarget> ; # java/lang/invoke/LambdaForm$DMH+0x000001b9cc26c800
instanceKlass com/android/tools/r8/references/ArrayReference
instanceKlass  @bci com/android/tools/r8/graph/j b (Lcom/android/tools/r8/graph/E2;Lcom/android/tools/r8/graph/E2;)Z 151 <appendix> member <vmtarget> ; # com/android/tools/r8/graph/j$$Lambda+0x000001b9cc26d000
instanceKlass  @bci com/android/tools/r8/graph/F0$b a (Lcom/android/tools/r8/utils/structural/z;)V 9 <appendix> argL0 ; # com/android/tools/r8/graph/F0$b$$Lambda+0x000001b9cc26fad0
instanceKlass  @bci com/android/tools/r8/graph/F0$b a (Lcom/android/tools/r8/utils/structural/z;)V 1 <appendix> argL0 ; # com/android/tools/r8/graph/F0$b$$Lambda+0x000001b9cc26f8c0
instanceKlass  @bci com/android/tools/r8/graph/F0$b n ()Lcom/android/tools/r8/utils/structural/y; 0 <appendix> argL0 ; # com/android/tools/r8/graph/F0$b$$Lambda+0x000001b9cc26f6b0
instanceKlass  @bci com/android/tools/r8/internal/k20 a (Lcom/android/tools/r8/internal/f20;Lcom/android/tools/r8/internal/f20;)V 33 <appendix> argL0 ; # com/android/tools/r8/internal/k20$$Lambda+0x000001b9cc26f4a0
instanceKlass  @bci com/android/tools/r8/internal/k20 a (Lcom/android/tools/r8/internal/f20;Lcom/android/tools/r8/internal/f20;)V 6 <appendix> argL0 ; # com/android/tools/r8/internal/k20$$Lambda+0x000001b9cc26ed28
instanceKlass com/android/tools/r8/internal/PC
instanceKlass  @bci com/android/tools/r8/internal/Of a (Lcom/android/tools/r8/internal/Zk;)Ljava/util/ArrayList; 305 <appendix> argL0 ; # com/android/tools/r8/internal/Of$$Lambda+0x000001b9cc26e218
instanceKlass com/android/tools/r8/internal/Nf
instanceKlass  @bci com/android/tools/r8/internal/Y7 a (Lcom/android/tools/r8/internal/M7;Lcom/android/tools/r8/graph/w;Lcom/android/tools/r8/internal/W6;)Lcom/android/tools/r8/internal/M7; 10 <appendix> argL0 ; # com/android/tools/r8/internal/Y7$$Lambda+0x000001b9cc26bcd0
instanceKlass  @bci com/android/tools/r8/internal/J4 o ()Ljava/util/List; 18 <appendix> member <vmtarget> ; # com/android/tools/r8/internal/J4$$Lambda+0x000001b9cc26baa8
instanceKlass  @bci com/android/tools/r8/internal/J4 k ()Lcom/android/tools/r8/internal/V6; 27 <appendix> member <vmtarget> ; # com/android/tools/r8/internal/J4$$Lambda+0x000001b9cc26b870
instanceKlass  @cpi com/android/tools/r8/internal/J4 905 form vmentry <vmtarget> ; # java/lang/invoke/LambdaForm$DMH+0x000001b9cc26c400
instanceKlass  @bci com/android/tools/r8/internal/Kl a (Lcom/android/tools/r8/internal/vM;Lcom/android/tools/r8/internal/Ko;)V 295 <appendix> member <vmtarget> ; # com/android/tools/r8/internal/Kl$$Lambda+0x000001b9cc26b190
instanceKlass  @bci com/android/tools/r8/internal/Q7 a (Lcom/android/tools/r8/internal/o8;)V 70 <appendix> member <vmtarget> ; # com/android/tools/r8/internal/Q7$$Lambda+0x000001b9cc26a9e8
instanceKlass  @bci com/android/tools/r8/graph/P4 a (Lcom/android/tools/r8/graph/z0;Lcom/android/tools/r8/graph/A2;Lcom/android/tools/r8/graph/D2;Lcom/android/tools/r8/graph/z0;)Lcom/android/tools/r8/graph/U4; 266 <appendix> member <vmtarget> ; # com/android/tools/r8/graph/P4$$Lambda+0x000001b9cc26a7c0
# instanceKlass com/android/tools/r8/ir/optimize/u0$$Lambda+0x000001b9cc26a598
instanceKlass  @bci com/android/tools/r8/ir/optimize/u0 a (Lcom/android/tools/r8/graph/j;Lcom/android/tools/r8/graph/A5;Lcom/android/tools/r8/internal/Nl;)Ljava/util/Set; 146 <appendix> member <vmtarget> ; # com/android/tools/r8/ir/optimize/u0$$Lambda+0x000001b9cc26a370
instanceKlass  @cpi com/android/tools/r8/graph/P4 402 form vmentry <vmtarget> ; # java/lang/invoke/LambdaForm$DMH+0x000001b9cc26c000
instanceKlass com/android/tools/r8/internal/D6
instanceKlass com/android/tools/r8/internal/i2
instanceKlass  @bci com/android/tools/r8/graph/M4 a (Lcom/android/tools/r8/graph/E2;)V 19 <appendix> member <vmtarget> ; # com/android/tools/r8/graph/M4$$Lambda+0x000001b9cc269d58
instanceKlass  @bci com/android/tools/r8/internal/o2 a (Lcom/android/tools/r8/graph/D2;)Ljava/lang/Integer; 6 <appendix> member <vmtarget> ; # com/android/tools/r8/internal/o2$$Lambda+0x000001b9cc269b20
instanceKlass  @bci com/android/tools/r8/internal/o2 a (Lcom/android/tools/r8/graph/B2;)Lcom/android/tools/r8/utils/f; 78 <appendix> member <vmtarget> ; # com/android/tools/r8/internal/o2$$Lambda+0x000001b9cc269908
instanceKlass  @bci com/android/tools/r8/internal/v3 a (Lcom/android/tools/r8/internal/O00;Lcom/android/tools/r8/internal/wI;)Lcom/android/tools/r8/internal/v3; 3 <appendix> member <vmtarget> ; # com/android/tools/r8/internal/v3$$Lambda+0x000001b9cc268fe0
instanceKlass  @bci com/android/tools/r8/ir/optimize/z a ()V 1314 <appendix> argL0 ; # com/android/tools/r8/ir/optimize/z$$Lambda+0x000001b9cc268da0
instanceKlass  @bci com/android/tools/r8/internal/M4 <init> (Lcom/android/tools/r8/internal/Xl;Lcom/android/tools/r8/internal/J4;Lcom/android/tools/r8/internal/Ko;)V 8 <appendix> member <vmtarget> ; # com/android/tools/r8/internal/M4$$Lambda+0x000001b9cc268b58
instanceKlass  @bci com/android/tools/r8/ir/optimize/l0 a (Ljava/util/LinkedHashMap;Ljava/util/LinkedHashMap;)V 7 <appendix> member <vmtarget> ; # com/android/tools/r8/ir/optimize/l0$$Lambda+0x000001b9cc268910
instanceKlass com/android/tools/r8/internal/e6
instanceKlass  @bci com/android/tools/r8/ir/optimize/l0 b (Lcom/android/tools/r8/graph/h1;)V 14 <appendix> member <vmtarget> ; # com/android/tools/r8/ir/optimize/l0$$Lambda+0x000001b9cc268000
instanceKlass com/android/tools/r8/internal/Fb
instanceKlass com/android/tools/r8/internal/g3
instanceKlass com/android/tools/r8/internal/a7
instanceKlass com/android/tools/r8/internal/gD
instanceKlass com/android/tools/r8/internal/CI
instanceKlass com/android/tools/r8/internal/Mf
instanceKlass  @bci com/android/tools/r8/ir/optimize/g0 a (Lcom/android/tools/r8/internal/Nl;Lcom/android/tools/r8/ir/regalloc/f;I)V 305 <appendix> argL0 ; # com/android/tools/r8/ir/optimize/g0$$Lambda+0x000001b9cc25dde8
instanceKlass  @bci com/android/tools/r8/internal/M7 i ()Lcom/android/tools/r8/internal/M7; 1 <appendix> argL0 ; # com/android/tools/r8/internal/M7$$Lambda+0x000001b9cc25bac0
instanceKlass  @bci com/android/tools/r8/internal/x9 a (Ljava/util/function/BiFunction;Lcom/android/tools/r8/internal/d8;Lcom/android/tools/r8/internal/M7;)Lcom/android/tools/r8/utils/F3; 11 <appendix> member <vmtarget> ; # com/android/tools/r8/internal/x9$$Lambda+0x000001b9cc25a5a8
instanceKlass com/android/tools/r8/utils/G3
instanceKlass  @bci com/android/tools/r8/graph/y1 d (I)Lcom/android/tools/r8/graph/L0; 15 <appendix> argL0 ; # com/android/tools/r8/graph/y1$$Lambda+0x000001b9cc259970
instanceKlass  @bci com/android/tools/r8/graph/y1 b (I)Lcom/android/tools/r8/graph/K0$a; 15 <appendix> argL0 ; # com/android/tools/r8/graph/y1$$Lambda+0x000001b9cc259380
instanceKlass  @bci com/android/tools/r8/internal/L4 <init> (Lcom/android/tools/r8/internal/J4;Lcom/android/tools/r8/internal/Ko;)V 7 <appendix> member <vmtarget> ; # com/android/tools/r8/internal/L4$$Lambda+0x000001b9cc258d78
instanceKlass  @bci com/android/tools/r8/internal/J4 a (Lcom/android/tools/r8/internal/Ko;)Ljava/lang/Iterable; 2 <appendix> member <vmtarget> ; # com/android/tools/r8/internal/J4$$Lambda+0x000001b9cc258b40
instanceKlass  @bci com/android/tools/r8/ir/optimize/z a (Lcom/android/tools/r8/internal/Ko;)Z 244 <appendix> argL0 ; # com/android/tools/r8/ir/optimize/z$$Lambda+0x000001b9cc258900
instanceKlass com/android/tools/r8/ir/regalloc/g
instanceKlass com/android/tools/r8/ir/regalloc/h
instanceKlass  @bci com/android/tools/r8/ir/regalloc/n c (ILcom/android/tools/r8/ir/regalloc/c;Lcom/android/tools/r8/ir/regalloc/c;)V 151 <appendix> argL0 ; # com/android/tools/r8/ir/regalloc/n$$Lambda+0x000001b9cc257bc8
instanceKlass com/android/tools/r8/ir/regalloc/m
instanceKlass  @bci com/android/tools/r8/internal/Tf a (Lcom/android/tools/r8/internal/Nl;Lcom/android/tools/r8/internal/J4;Lcom/android/tools/r8/utils/O1;Ljava/util/IdentityHashMap;Ljava/util/function/Predicate;)V 1254 <appendix> argL0 ; # com/android/tools/r8/internal/Tf$$Lambda+0x000001b9cc2550f8
instanceKlass  @bci com/android/tools/r8/internal/u9 a (Lcom/android/tools/r8/internal/M7;Lcom/android/tools/r8/graph/w;Lcom/android/tools/r8/internal/W6;)Lcom/android/tools/r8/internal/M7; 62 <appendix> member <vmtarget> ; # com/android/tools/r8/internal/u9$$Lambda+0x000001b9cc254ed0
instanceKlass com/android/tools/r8/internal/Il
instanceKlass com/android/tools/r8/internal/j2
instanceKlass  @bci com/android/tools/r8/internal/o2 b (Lcom/android/tools/r8/graph/B2;)Lcom/android/tools/r8/utils/f; 6 <appendix> member <vmtarget> ; # com/android/tools/r8/internal/o2$$Lambda+0x000001b9cc253608
instanceKlass  @bci com/android/tools/r8/androidapi/c a (Lcom/android/tools/r8/graph/B2;Lcom/android/tools/r8/androidapi/f;Z)Lcom/android/tools/r8/androidapi/f; 284 <appendix> member <vmtarget> ; # com/android/tools/r8/androidapi/c$$Lambda+0x000001b9cc2533d0
instanceKlass  @bci com/android/tools/r8/androidapi/c a (Lcom/android/tools/r8/graph/B2;Lcom/android/tools/r8/androidapi/f;Z)Lcom/android/tools/r8/androidapi/f; 270 <appendix> member <vmtarget> ; # com/android/tools/r8/androidapi/c$$Lambda+0x000001b9cc252ce0
instanceKlass  @bci com/android/tools/r8/androidapi/c a (Lcom/android/tools/r8/graph/B2;Lcom/android/tools/r8/androidapi/f;Z)Lcom/android/tools/r8/androidapi/f; 256 <appendix> member <vmtarget> ; # com/android/tools/r8/androidapi/c$$Lambda+0x000001b9cc252aa8
instanceKlass com/android/tools/r8/androidapi/h
instanceKlass com/android/tools/r8/internal/Df
instanceKlass  @bci com/android/tools/r8/internal/f20 a ()Lcom/android/tools/r8/ir/optimize/a; 13 <appendix> member <vmtarget> ; # com/android/tools/r8/internal/f20$$Lambda+0x000001b9cc250c30
instanceKlass com/android/tools/r8/internal/im
instanceKlass com/android/tools/r8/internal/nN
instanceKlass com/android/tools/r8/internal/pE
instanceKlass com/android/tools/r8/internal/uq
instanceKlass com/android/tools/r8/utils/V1
instanceKlass  @bci com/android/tools/r8/internal/Ko Y0 ()Z 1 <appendix> argL0 ; # com/android/tools/r8/internal/Ko$$Lambda+0x000001b9cc24f980
instanceKlass  @bci com/android/tools/r8/internal/M7 b (Ljava/util/function/BiFunction;)Lcom/android/tools/r8/internal/M7; 2 <appendix> member <vmtarget> ; # com/android/tools/r8/internal/M7$$Lambda+0x000001b9cc24f758
instanceKlass  @bci com/android/tools/r8/internal/u9 a (Lcom/android/tools/r8/internal/M7;Lcom/android/tools/r8/graph/w;Lcom/android/tools/r8/internal/W6;)Lcom/android/tools/r8/internal/M7; 13 <appendix> member <vmtarget> ; # com/android/tools/r8/internal/u9$$Lambda+0x000001b9cc24f060
instanceKlass com/android/tools/r8/internal/LI
instanceKlass com/android/tools/r8/graph/e1
instanceKlass com/android/tools/r8/ir/optimize/U
instanceKlass com/android/tools/r8/ir/optimize/M
instanceKlass com/android/tools/r8/graph/R0
instanceKlass com/android/tools/r8/internal/cr
instanceKlass com/android/tools/r8/graph/V0
instanceKlass com/android/tools/r8/graph/T2
instanceKlass com/android/tools/r8/internal/OR
instanceKlass  @bci com/android/tools/r8/graph/y1 a (I)Lcom/android/tools/r8/graph/J0; 15 <appendix> argL0 ; # com/android/tools/r8/graph/y1$$Lambda+0x000001b9cc247bd0
instanceKlass java/util/AbstractList$SubList$1
instanceKlass com/android/tools/r8/internal/E4
instanceKlass  @bci com/android/tools/r8/ir/optimize/g0 a (Lcom/android/tools/r8/internal/Nl;Lcom/android/tools/r8/ir/regalloc/f;I)V 227 <appendix> argL0 ; # com/android/tools/r8/ir/optimize/g0$$Lambda+0x000001b9cc243f20
instanceKlass com/android/tools/r8/graph/Q0
instanceKlass com/android/tools/r8/utils/h2
instanceKlass com/android/tools/r8/dex/code/W
instanceKlass com/android/tools/r8/dex/code/a
instanceKlass com/android/tools/r8/internal/I6
instanceKlass com/android/tools/r8/internal/Of
# instanceKlass com/android/tools/r8/ir/optimize/c0$$Lambda+0x000001b9cc23a8e8
instanceKlass  @bci com/android/tools/r8/ir/optimize/c0 a (Lcom/android/tools/r8/internal/Ko;)Z 246 <appendix> member <vmtarget> ; # com/android/tools/r8/ir/optimize/c0$$Lambda+0x000001b9cc23a6a0
# instanceKlass com/android/tools/r8/ir/optimize/c0$$Lambda+0x000001b9cc23a458
instanceKlass  @cpi com/android/tools/r8/ir/optimize/c0 88 form vmentry <vmtarget> ; # java/lang/invoke/LambdaForm$DMH+0x000001b9cc238400
instanceKlass com/android/tools/r8/ir/optimize/c0
instanceKlass com/android/tools/r8/ir/optimize/g0
# instanceKlass com/android/tools/r8/internal/Ko$$Lambda+0x000001b9cc23f8b8
# instanceKlass com/android/tools/r8/internal/Ko$$Lambda+0x000001b9cc23f698
instanceKlass  @bci com/android/tools/r8/internal/Ko a (Lcom/android/tools/r8/internal/Ko;)V 36 <appendix> argL0 ; # com/android/tools/r8/internal/Ko$$Lambda+0x000001b9cc23f478
# instanceKlass com/android/tools/r8/internal/Ko$$Lambda+0x000001b9cc23f258
instanceKlass  @bci com/android/tools/r8/internal/Ko a (Lcom/android/tools/r8/internal/Ko;)V 18 <appendix> argL0 ; # com/android/tools/r8/internal/Ko$$Lambda+0x000001b9cc23f038
# instanceKlass com/android/tools/r8/internal/J4$$Lambda+0x000001b9cc23eb20
instanceKlass  @bci com/android/tools/r8/internal/J4 c ()V 9 <appendix> argL0 ; # com/android/tools/r8/internal/J4$$Lambda+0x000001b9cc23e900
# instanceKlass com/android/tools/r8/ir/regalloc/b$$Lambda+0x000001b9cc23e6b8
# instanceKlass com/android/tools/r8/ir/regalloc/b$$Lambda+0x000001b9cc23e470
instanceKlass  @bci com/android/tools/r8/ir/regalloc/b a (Lcom/android/tools/r8/internal/Nl;Lcom/android/tools/r8/internal/Cm;Ljava/util/ArrayList;Lcom/android/tools/r8/ir/regalloc/f;Ljava/util/IdentityHashMap;)V 572 <appendix> member <vmtarget> ; # com/android/tools/r8/ir/regalloc/b$$Lambda+0x000001b9cc23e228
instanceKlass  @bci com/android/tools/r8/ir/regalloc/b f ()V 7 <appendix> argL0 ; # com/android/tools/r8/ir/regalloc/b$$Lambda+0x000001b9cc23e008
# instanceKlass com/android/tools/r8/ir/regalloc/b$$Lambda+0x000001b9cc23ddc8
# instanceKlass com/android/tools/r8/ir/regalloc/b$$Lambda+0x000001b9cc23db88
instanceKlass  @bci com/android/tools/r8/ir/regalloc/b a (Lcom/android/tools/r8/internal/Nl;Lcom/android/tools/r8/internal/Cm;Ljava/util/ArrayList;Lcom/android/tools/r8/ir/regalloc/f;Ljava/util/IdentityHashMap;)V 544 <appendix> argL0 ; # com/android/tools/r8/ir/regalloc/b$$Lambda+0x000001b9cc23d948
# instanceKlass com/android/tools/r8/utils/W2$$Lambda+0x000001b9cc23d720
# instanceKlass com/android/tools/r8/utils/W2$$Lambda+0x000001b9cc23d4f8
instanceKlass  @bci com/android/tools/r8/utils/W2 a (Ljava/lang/Iterable;)Ljava/util/Set; 11 <appendix> member <vmtarget> ; # com/android/tools/r8/utils/W2$$Lambda+0x000001b9cc23d2d0
# instanceKlass com/android/tools/r8/ir/regalloc/b$$Lambda+0x000001b9cc23d048
# instanceKlass com/android/tools/r8/ir/regalloc/b$$Lambda+0x000001b9cc23cdc0
instanceKlass  @bci com/android/tools/r8/ir/regalloc/b a (Lcom/android/tools/r8/internal/Nl;Lcom/android/tools/r8/internal/Cm;Ljava/util/ArrayList;Lcom/android/tools/r8/ir/regalloc/f;Ljava/util/IdentityHashMap;)V 269 <appendix> argL0 ; # com/android/tools/r8/ir/regalloc/b$$Lambda+0x000001b9cc23cb38
instanceKlass com/android/tools/r8/ir/regalloc/a
# instanceKlass com/android/tools/r8/ir/regalloc/b$$Lambda+0x000001b9cc23c6d8
# instanceKlass com/android/tools/r8/ir/regalloc/b$$Lambda+0x000001b9cc23c490
instanceKlass  @bci com/android/tools/r8/ir/regalloc/b a (ILcom/android/tools/r8/ir/regalloc/c;Lcom/android/tools/r8/ir/regalloc/i;Lcom/android/tools/r8/ir/regalloc/k;Z)I 100 <appendix> member <vmtarget> ; # com/android/tools/r8/ir/regalloc/b$$Lambda+0x000001b9cc23c248
# instanceKlass com/android/tools/r8/ir/regalloc/b$$Lambda+0x000001b9cc23c000
instanceKlass  @bci com/android/tools/r8/ir/regalloc/b a (ILcom/android/tools/r8/ir/regalloc/c;Lcom/android/tools/r8/ir/regalloc/i;Lcom/android/tools/r8/ir/regalloc/k;Z)I 93 <appendix> member <vmtarget> ; # com/android/tools/r8/ir/regalloc/b$$Lambda+0x000001b9cc237c70
instanceKlass  @bci java/util/Comparator comparingInt (Ljava/util/function/ToIntFunction;)Ljava/util/Comparator; 6 <appendix> member <vmtarget> ; # java/util/Comparator$$Lambda+0x000001b9cc0cb9a8
# instanceKlass com/android/tools/r8/ir/regalloc/b$$Lambda+0x000001b9cc237a28
# instanceKlass com/android/tools/r8/ir/regalloc/b$$Lambda+0x000001b9cc2377e0
instanceKlass  @bci com/android/tools/r8/ir/regalloc/b a (ILcom/android/tools/r8/ir/regalloc/c;Lcom/android/tools/r8/ir/regalloc/i;Lcom/android/tools/r8/ir/regalloc/k;Z)I 72 <appendix> member <vmtarget> ; # com/android/tools/r8/ir/regalloc/b$$Lambda+0x000001b9cc237598
# instanceKlass com/android/tools/r8/ir/regalloc/b$$Lambda+0x000001b9cc237350
# instanceKlass com/android/tools/r8/ir/regalloc/b$$Lambda+0x000001b9cc237108
instanceKlass  @bci java/lang/invoke/BootstrapMethodInvoker invoke (Ljava/lang/Class;Ljava/lang/invoke/MethodHandle;Ljava/lang/String;Ljava/lang/Object;Ljava/lang/Object;Ljava/lang/Class;)Ljava/lang/Object; 462 <adapter> ; # java/lang/invoke/LambdaForm$MH+0x000001b9cc238000
instanceKlass  @bci com/android/tools/r8/ir/regalloc/b a (ILcom/android/tools/r8/ir/regalloc/c;Lcom/android/tools/r8/ir/regalloc/i;Lcom/android/tools/r8/ir/regalloc/k;Z)I 65 <appendix> member <vmtarget> ; # com/android/tools/r8/ir/regalloc/b$$Lambda+0x000001b9cc236ec0
# instanceKlass com/android/tools/r8/ir/regalloc/b$$Lambda+0x000001b9cc236c78
# instanceKlass com/android/tools/r8/ir/regalloc/b$$Lambda+0x000001b9cc236a30
instanceKlass  @bci com/android/tools/r8/ir/regalloc/b a (ILcom/android/tools/r8/ir/regalloc/c;Lcom/android/tools/r8/ir/regalloc/i;Lcom/android/tools/r8/ir/regalloc/k;Z)I 44 <appendix> member <vmtarget> ; # com/android/tools/r8/ir/regalloc/b$$Lambda+0x000001b9cc2367e8
instanceKlass  @cpi com/android/tools/r8/ir/regalloc/b 1297 form vmentry <vmtarget> ; # java/lang/invoke/LambdaForm$DMH+0x000001b9cc228400
instanceKlass  @bci com/android/tools/r8/ir/regalloc/b a (Lcom/android/tools/r8/internal/Nl;Lcom/android/tools/r8/internal/Cm;Ljava/util/ArrayList;Lcom/android/tools/r8/ir/regalloc/f;Ljava/util/IdentityHashMap;)V 180 <appendix> argL0 ; # com/android/tools/r8/ir/regalloc/b$$Lambda+0x000001b9cc2365d8
# instanceKlass com/android/tools/r8/ir/regalloc/b$$Lambda+0x000001b9cc236390
instanceKlass  @bci com/android/tools/r8/ir/regalloc/b a (ILcom/android/tools/r8/ir/regalloc/c;Lcom/android/tools/r8/ir/regalloc/i;Lcom/android/tools/r8/ir/regalloc/k;Z)I 37 <appendix> member <vmtarget> ; # com/android/tools/r8/ir/regalloc/b$$Lambda+0x000001b9cc236148
instanceKlass  @bci com/android/tools/r8/ir/regalloc/n a (I)I 129 <appendix> member <vmtarget> ; # com/android/tools/r8/ir/regalloc/n$$Lambda+0x000001b9cc235f00
instanceKlass com/android/tools/r8/ir/regalloc/n
# instanceKlass com/android/tools/r8/internal/f20$$Lambda+0x000001b9cc235888
instanceKlass  @bci com/android/tools/r8/internal/f20 D ()Z 1 <appendix> argL0 ; # com/android/tools/r8/internal/f20$$Lambda+0x000001b9cc235648
instanceKlass com/android/tools/r8/ir/regalloc/d
instanceKlass com/android/tools/r8/utils/S1
# instanceKlass com/android/tools/r8/ir/regalloc/b$$Lambda+0x000001b9cc234fb8
# instanceKlass com/android/tools/r8/ir/regalloc/b$$Lambda+0x000001b9cc234d30
instanceKlass  @bci com/android/tools/r8/ir/regalloc/b a (Lcom/android/tools/r8/graph/w;Lcom/android/tools/r8/internal/Nl;Ljava/util/Map;Ljava/util/ArrayList;)V 881 <appendix> argL0 ; # com/android/tools/r8/ir/regalloc/b$$Lambda+0x000001b9cc234aa8
instanceKlass com/android/tools/r8/internal/Ml
# instanceKlass com/android/tools/r8/internal/Nl$$Lambda+0x000001b9cc234398
instanceKlass  @bci com/android/tools/r8/internal/Nl c ()Ljava/util/IdentityHashMap; 740 <appendix> argL0 ; # com/android/tools/r8/internal/Nl$$Lambda+0x000001b9cc234620
instanceKlass com/android/tools/r8/ir/regalloc/e
instanceKlass com/android/tools/r8/ir/regalloc/c
instanceKlass com/android/tools/r8/ir/regalloc/j
instanceKlass com/android/tools/r8/internal/BG
instanceKlass com/android/tools/r8/ir/regalloc/b
instanceKlass java/util/TimSort
instanceKlass java/util/Arrays$LegacyMergeSort
instanceKlass com/android/tools/r8/internal/CJ
# instanceKlass com/android/tools/r8/ir/optimize/v0$$Lambda+0x000001b9cc231448
instanceKlass  @bci com/android/tools/r8/ir/optimize/v0 a (Lcom/android/tools/r8/internal/Nl;Lcom/android/tools/r8/utils/A1;)V 70 <appendix> argL0 ; # com/android/tools/r8/ir/optimize/v0$$Lambda+0x000001b9cc231208
instanceKlass com/android/tools/r8/internal/EJ
# instanceKlass com/android/tools/r8/ir/optimize/v0$$Lambda+0x000001b9cc230ab0
instanceKlass  @bci com/android/tools/r8/ir/optimize/v0 a (Lcom/android/tools/r8/internal/Nl;Lcom/android/tools/r8/utils/A1;)V 28 <appendix> member <vmtarget> ; # com/android/tools/r8/ir/optimize/v0$$Lambda+0x000001b9cc230898
# instanceKlass com/android/tools/r8/ir/optimize/v0$$Lambda+0x000001b9cc229a90
instanceKlass  @bci com/android/tools/r8/ir/optimize/v0 a (Lcom/android/tools/r8/graph/w;Lcom/android/tools/r8/internal/Nl;)Z 46 <appendix> argL0 ; # com/android/tools/r8/ir/optimize/v0$$Lambda+0x000001b9cc229cd0
# instanceKlass java/util/stream/StreamSpliterators$WrappingSpliterator$$Lambda+0x000001b9cc0cb0e8
instanceKlass  @bci java/util/stream/StreamSpliterators$WrappingSpliterator initPartialTraversalState ()V 37 <appendix> member <vmtarget> ; # java/util/stream/StreamSpliterators$WrappingSpliterator$$Lambda+0x000001b9cc0caed0
instanceKlass java/util/function/BooleanSupplier
instanceKlass com/android/tools/r8/ir/optimize/v0
# instanceKlass java/util/stream/StreamSpliterators$WrappingSpliterator$$Lambda+0x000001b9cc0ca230
instanceKlass  @bci java/util/stream/StreamSpliterators$WrappingSpliterator initPartialTraversalState ()V 24 <appendix> member <vmtarget> ; # java/util/stream/StreamSpliterators$WrappingSpliterator$$Lambda+0x000001b9cc0c9f90
instanceKlass java/util/stream/StreamSpliterators
instanceKlass com/android/tools/r8/ir/regalloc/f
instanceKlass java/util/stream/AbstractSpinedBuffer
instanceKlass java/util/stream/StreamSpliterators$AbstractWrappingSpliterator
# instanceKlass java/util/stream/AbstractPipeline$$Lambda+0x000001b9cc0c9198
instanceKlass  @bci java/util/stream/AbstractPipeline spliterator ()Ljava/util/Spliterator; 103 <appendix> member <vmtarget> ; # java/util/stream/AbstractPipeline$$Lambda+0x000001b9cc0c8f80
instanceKlass com/android/tools/r8/internal/K6$a
instanceKlass  @bci com/android/tools/r8/utils/H a ()Ljava/util/function/BiPredicate; 0 <appendix> argL0 ; # com/android/tools/r8/utils/H$$Lambda+0x000001b9cc22aec8
instanceKlass java/util/stream/SliceOps
instanceKlass com/android/tools/r8/utils/H
instanceKlass com/android/tools/r8/internal/K6
instanceKlass com/android/tools/r8/ir/optimize/J
instanceKlass java/util/stream/SortedOps
# instanceKlass com/android/tools/r8/ir/optimize/u0$$Lambda+0x000001b9cc22a6a8
instanceKlass  @bci com/android/tools/r8/ir/optimize/u0 a (Lcom/android/tools/r8/graph/j;Lcom/android/tools/r8/graph/A5;Lcom/android/tools/r8/internal/Nl;)Ljava/util/Set; 27 <appendix> argL0 ; # com/android/tools/r8/ir/optimize/u0$$Lambda+0x000001b9cc22a498
# instanceKlass com/android/tools/r8/ir/optimize/u0$$Lambda+0x000001b9cc22a288
# instanceKlass com/android/tools/r8/ir/optimize/z$$Lambda+0x000001b9cc22a000
instanceKlass  @bci com/android/tools/r8/ir/optimize/z a ()V 174 <appendix> argL0 ; # com/android/tools/r8/ir/optimize/z$$Lambda+0x000001b9cc22fd20
instanceKlass  @bci com/android/tools/r8/ir/optimize/u0 a (Lcom/android/tools/r8/graph/j;Lcom/android/tools/r8/graph/A5;Lcom/android/tools/r8/internal/Nl;)Ljava/util/Set; 8 <appendix> argL0 ; # com/android/tools/r8/ir/optimize/u0$$Lambda+0x000001b9cc22fb10
instanceKlass com/android/tools/r8/synthesis/C
# instanceKlass com/android/tools/r8/ir/optimize/z$$Lambda+0x000001b9cc22f6e0
instanceKlass  @bci com/android/tools/r8/ir/optimize/z a ()V 164 <appendix> argL0 ; # com/android/tools/r8/ir/optimize/z$$Lambda+0x000001b9cc22f4a0
# instanceKlass com/android/tools/r8/internal/Tf$$Lambda+0x000001b9cc22f258
instanceKlass  @bci com/android/tools/r8/internal/Tf a (Lcom/android/tools/r8/internal/Nl;Lcom/android/tools/r8/ir/optimize/z;)V 76 <appendix> member <vmtarget> ; # com/android/tools/r8/internal/Tf$$Lambda+0x000001b9cc22f010
instanceKlass com/android/tools/r8/internal/HJ
# instanceKlass com/android/tools/r8/internal/Tf$$Lambda+0x000001b9cc22ec08
instanceKlass  @bci com/android/tools/r8/internal/Tf a (Lcom/android/tools/r8/internal/Nl;Lcom/android/tools/r8/ir/optimize/z;)V 21 <appendix> member <vmtarget> ; # com/android/tools/r8/internal/Tf$$Lambda+0x000001b9cc22e9f0
instanceKlass com/android/tools/r8/internal/kg
instanceKlass com/android/tools/r8/internal/G4
# instanceKlass com/android/tools/r8/ir/optimize/z$$Lambda+0x000001b9cc22db80
instanceKlass  @bci com/android/tools/r8/ir/optimize/z a ()V 57 <appendix> argL0 ; # com/android/tools/r8/ir/optimize/z$$Lambda+0x000001b9cc22d970
instanceKlass com/android/tools/r8/ir/optimize/y
instanceKlass com/android/tools/r8/internal/M0
instanceKlass com/android/tools/r8/internal/IJ
instanceKlass com/android/tools/r8/internal/k20
instanceKlass  @bci com/android/tools/r8/ir/optimize/r0 c ()Lcom/android/tools/r8/internal/Kb; 2295 <appendix> member <vmtarget> ; # com/android/tools/r8/ir/optimize/r0$$Lambda+0x000001b9cc22c000
instanceKlass  @bci com/android/tools/r8/ir/optimize/r0 c ()Lcom/android/tools/r8/internal/Kb; 2284 <appendix> member <vmtarget> ; # com/android/tools/r8/ir/optimize/r0$$Lambda+0x000001b9cc227be0
instanceKlass  @bci com/android/tools/r8/utils/U1 a (Ljava/util/Collection;Ljava/util/function/Predicate;)Ljava/util/List; 18 <appendix> member <vmtarget> ; # com/android/tools/r8/utils/U1$$Lambda+0x000001b9cc2279b8
instanceKlass  @bci com/android/tools/r8/ir/optimize/r0 b ()V 5 <appendix> member <vmtarget> ; # com/android/tools/r8/ir/optimize/r0$$Lambda+0x000001b9cc227790
instanceKlass  @bci com/android/tools/r8/internal/aW d (Lcom/android/tools/r8/internal/Nl;)Ljava/util/ArrayList; 12 <appendix> argL0 ; # com/android/tools/r8/internal/aW$$Lambda+0x000001b9cc227550
instanceKlass com/android/tools/r8/ir/optimize/z
instanceKlass  @bci com/android/tools/r8/internal/K4 a (Lcom/android/tools/r8/internal/f20;Lcom/android/tools/r8/internal/Lo;Lcom/android/tools/r8/internal/Lo;Ljava/util/Set;)Z 540 <appendix> member <vmtarget> ; # com/android/tools/r8/internal/K4$$Lambda+0x000001b9cc227108
instanceKlass com/android/tools/r8/ir/optimize/p0
instanceKlass  @bci java/util/stream/MatchOps makeRef (Ljava/util/function/Predicate;Ljava/util/stream/MatchOps$MatchKind;)Ljava/util/stream/TerminalOp; 20 <appendix> member <vmtarget> ; # java/util/stream/MatchOps$$Lambda+0x000001b9cc0c7558
instanceKlass com/android/tools/r8/ir/optimize/n0
instanceKlass java/util/stream/MatchOps$BooleanTerminalSink
instanceKlass java/util/stream/MatchOps$MatchOp
instanceKlass java/util/stream/MatchOps
instanceKlass  @bci com/android/tools/r8/graph/z0 L0 ()Z 9 <appendix> argL0 ; # com/android/tools/r8/graph/z0$$Lambda+0x000001b9cc226428
instanceKlass  @bci com/android/tools/r8/internal/k6 a (Lcom/android/tools/r8/internal/Nl;Lcom/android/tools/r8/internal/J4;Lcom/android/tools/r8/internal/jm;)Z 78 <appendix> argL0 ; # com/android/tools/r8/internal/k6$$Lambda+0x000001b9cc225ee8
instanceKlass  @bci com/android/tools/r8/internal/K4 a (Lcom/android/tools/r8/internal/f20;Lcom/android/tools/r8/internal/Lo;Lcom/android/tools/r8/internal/Lo;Ljava/util/Set;)Z 87 <appendix> member <vmtarget> ; # com/android/tools/r8/internal/K4$$Lambda+0x000001b9cc225ca0
instanceKlass  @bci com/android/tools/r8/graph/z0 a (Lcom/android/tools/r8/graph/w;Lcom/android/tools/r8/graph/j0;)Z 4 <appendix> member <vmtarget> ; # com/android/tools/r8/graph/z0$$Lambda+0x000001b9cc225548
instanceKlass com/android/tools/r8/internal/m20
instanceKlass  @bci java/util/function/Predicate or (Ljava/util/function/Predicate;)Ljava/util/function/Predicate; 7 <appendix> member <vmtarget> ; # java/util/function/Predicate$$Lambda+0x000001b9cc0c6820
instanceKlass com/android/tools/r8/ir/optimize/l0
instanceKlass com/android/tools/r8/ir/optimize/u
instanceKlass  @cpi java/util/function/Predicate 78 form vmentry <vmtarget> ; # java/lang/invoke/LambdaForm$DMH+0x000001b9cc228000
instanceKlass com/android/tools/r8/ir/optimize/m0
instanceKlass  @bci com/android/tools/r8/internal/K4 a (Lcom/android/tools/r8/internal/Lo;Lcom/android/tools/r8/internal/f20;Ljava/util/function/Predicate;)Lcom/android/tools/r8/internal/Ko; 4 <appendix> member <vmtarget> ; # com/android/tools/r8/internal/K4$$Lambda+0x000001b9cc223aa8
instanceKlass  @bci com/android/tools/r8/internal/K4 a (Lcom/android/tools/r8/internal/f20;Lcom/android/tools/r8/internal/Lo;Lcom/android/tools/r8/internal/Lo;Ljava/util/Set;)Z 3 <appendix> member <vmtarget> ; # com/android/tools/r8/internal/K4$$Lambda+0x000001b9cc223600
instanceKlass com/android/tools/r8/ir/optimize/o0
instanceKlass com/android/tools/r8/internal/L4
instanceKlass com/android/tools/r8/ir/optimize/r0
instanceKlass  @bci com/android/tools/r8/internal/f20 K ()Z 28 <appendix> argL0 ; # com/android/tools/r8/internal/f20$$Lambda+0x000001b9cc222388
instanceKlass com/android/tools/r8/internal/Be
instanceKlass com/android/tools/r8/internal/km
instanceKlass com/android/tools/r8/internal/W
instanceKlass com/android/tools/r8/internal/K4
instanceKlass com/android/tools/r8/internal/f6
instanceKlass com/android/tools/r8/internal/h6
# instanceKlass com/android/tools/r8/internal/XV$$Lambda+0x000001b9cc220678
instanceKlass java/util/stream/ForEachOps$ForEachOp
# instanceKlass com/android/tools/r8/internal/XV$$Lambda+0x000001b9cc220450
instanceKlass java/util/stream/ForEachOps
# instanceKlass com/android/tools/r8/internal/XV$$Lambda+0x000001b9cc220228
instanceKlass  @bci com/android/tools/r8/internal/XV a ()Z 55 <appendix> member <vmtarget> ; # com/android/tools/r8/internal/XV$$Lambda+0x000001b9cc220000
# instanceKlass com/android/tools/r8/internal/XV$$Lambda+0x000001b9cc21fbd8
# instanceKlass com/android/tools/r8/internal/XV$$Lambda+0x000001b9cc21f998
instanceKlass  @bci com/android/tools/r8/internal/XV a ()Z 41 <appendix> argL0 ; # com/android/tools/r8/internal/XV$$Lambda+0x000001b9cc21f758
instanceKlass java/util/HashMap$HashMapSpliterator
# instanceKlass com/android/tools/r8/internal/XV$$Lambda+0x000001b9cc21f520
# instanceKlass com/android/tools/r8/internal/XV$$Lambda+0x000001b9cc21f2e8
# instanceKlass com/android/tools/r8/internal/XV$$Lambda+0x000001b9cc21f0b0
instanceKlass  @bci com/android/tools/r8/internal/XV b (Lcom/android/tools/r8/internal/Ko;)V 21 <appendix> member <vmtarget> ; # com/android/tools/r8/internal/XV$$Lambda+0x000001b9cc21ee78
instanceKlass java/util/BitSet
instanceKlass com/android/tools/r8/internal/XV
instanceKlass com/android/tools/r8/internal/cY
instanceKlass com/android/tools/r8/internal/dY
instanceKlass com/android/tools/r8/utils/r0
instanceKlass com/android/tools/r8/internal/Ps
instanceKlass com/android/tools/r8/internal/w1
# instanceKlass com/android/tools/r8/internal/I00$$Lambda+0x000001b9cc21ca68
# instanceKlass com/android/tools/r8/internal/I00$$Lambda+0x000001b9cc21c840
# instanceKlass com/android/tools/r8/internal/I00$$Lambda+0x000001b9cc21c618
instanceKlass  @bci com/android/tools/r8/internal/I00 a (Ljava/lang/Iterable;I)V 37 <appendix> member <vmtarget> ; # com/android/tools/r8/internal/I00$$Lambda+0x000001b9cc21c3f0
# instanceKlass com/android/tools/r8/utils/Q3$$Lambda+0x000001b9cc21c1c8
# instanceKlass com/android/tools/r8/utils/Q3$$Lambda+0x000001b9cc21bfa0
# instanceKlass com/android/tools/r8/utils/Q3$$Lambda+0x000001b9cc21bd78
instanceKlass  @bci com/android/tools/r8/utils/Q3 b (Ljava/lang/Iterable;)V 2 <appendix> member <vmtarget> ; # com/android/tools/r8/utils/Q3$$Lambda+0x000001b9cc21bb50
# instanceKlass com/android/tools/r8/internal/Ib$$Lambda+0x000001b9cc219738
# instanceKlass com/android/tools/r8/internal/Ib$$Lambda+0x000001b9cc219520
# instanceKlass com/android/tools/r8/internal/Ib$$Lambda+0x000001b9cc219308
instanceKlass  @bci com/android/tools/r8/internal/Ib a (Lcom/android/tools/r8/internal/Nl;Lcom/android/tools/r8/utils/A3;)Lcom/android/tools/r8/internal/Lb; 8 <appendix> member <vmtarget> ; # com/android/tools/r8/internal/Ib$$Lambda+0x000001b9cc2190f0
instanceKlass com/android/tools/r8/internal/Jb
instanceKlass com/android/tools/r8/internal/Kb
# instanceKlass com/android/tools/r8/internal/Ib$$Lambda+0x000001b9cc218a98
# instanceKlass com/android/tools/r8/internal/Ib$$Lambda+0x000001b9cc218880
# instanceKlass com/android/tools/r8/internal/Ib$$Lambda+0x000001b9cc218668
instanceKlass  @bci com/android/tools/r8/internal/Ib a (Lcom/android/tools/r8/internal/Nl;Lcom/android/tools/r8/internal/uF;Lcom/android/tools/r8/internal/qc;Lcom/android/tools/r8/utils/A3;)V 9 <appendix> member <vmtarget> ; # com/android/tools/r8/internal/Ib$$Lambda+0x000001b9cc218450
# instanceKlass com/android/tools/r8/internal/Vl$$Lambda+0x000001b9cc218228
# instanceKlass com/android/tools/r8/internal/Vl$$Lambda+0x000001b9cc218000
# instanceKlass com/android/tools/r8/internal/Vl$$Lambda+0x000001b9cc217bc8
instanceKlass  @bci com/android/tools/r8/internal/Vl a (Lcom/android/tools/r8/internal/Nl;Lcom/android/tools/r8/ir/optimize/info/m;Lcom/android/tools/r8/internal/uF;Lcom/android/tools/r8/internal/qc;)Lcom/android/tools/r8/utils/A3; 1095 <appendix> member <vmtarget> ; # com/android/tools/r8/internal/Vl$$Lambda+0x000001b9cc2179a0
instanceKlass com/android/tools/r8/internal/sk
# instanceKlass com/android/tools/r8/internal/Vl$$Lambda+0x000001b9cc217578
# instanceKlass com/android/tools/r8/internal/Vl$$Lambda+0x000001b9cc217350
# instanceKlass com/android/tools/r8/internal/Vl$$Lambda+0x000001b9cc217128
instanceKlass  @bci com/android/tools/r8/internal/Vl a (Lcom/android/tools/r8/internal/Nl;Lcom/android/tools/r8/ir/optimize/info/m;Lcom/android/tools/r8/internal/uF;Lcom/android/tools/r8/internal/qc;)Lcom/android/tools/r8/utils/A3; 1070 <appendix> member <vmtarget> ; # com/android/tools/r8/internal/Vl$$Lambda+0x000001b9cc216f00
instanceKlass com/android/tools/r8/internal/hk
instanceKlass com/android/tools/r8/internal/Lb
instanceKlass com/android/tools/r8/ir/optimize/t
instanceKlass com/android/tools/r8/internal/Pl
instanceKlass com/android/tools/r8/internal/Ol
# instanceKlass com/android/tools/r8/internal/Nl$$Lambda+0x000001b9cc215e50
# instanceKlass com/android/tools/r8/internal/Nl$$Lambda+0x000001b9cc215c18
instanceKlass  @bci com/android/tools/r8/internal/Nl q ()Ljava/lang/Iterable; 1 <appendix> member <vmtarget> ; # com/android/tools/r8/internal/Nl$$Lambda+0x000001b9cc2159e0
# instanceKlass com/android/tools/r8/internal/Nl$$Lambda+0x000001b9cc2157a8
instanceKlass com/android/tools/r8/internal/MZ
# instanceKlass com/android/tools/r8/internal/I00$$Lambda+0x000001b9cc214f58
# instanceKlass com/android/tools/r8/internal/I00$$Lambda+0x000001b9cc214d18
instanceKlass  @bci com/android/tools/r8/internal/I00 a (Lcom/android/tools/r8/internal/f20;Lcom/android/tools/r8/internal/O00;)V 28 <appendix> argL0 ; # com/android/tools/r8/internal/I00$$Lambda+0x000001b9cc214ad8
# instanceKlass com/android/tools/r8/internal/I00$$Lambda+0x000001b9cc2148b0
# instanceKlass com/android/tools/r8/internal/I00$$Lambda+0x000001b9cc214688
# instanceKlass com/android/tools/r8/internal/I00$$Lambda+0x000001b9cc214460
instanceKlass  @bci com/android/tools/r8/internal/I00 b ()V 24 <appendix> member <vmtarget> ; # com/android/tools/r8/internal/I00$$Lambda+0x000001b9cc214238
instanceKlass com/android/tools/r8/internal/Ll
instanceKlass com/android/tools/r8/ir/optimize/r
instanceKlass com/android/tools/r8/utils/Q3
instanceKlass com/android/tools/r8/internal/S0
instanceKlass com/android/tools/r8/internal/I00
instanceKlass com/android/tools/r8/internal/N4
instanceKlass com/android/tools/r8/internal/tE
instanceKlass com/android/tools/r8/internal/AK
instanceKlass com/android/tools/r8/utils/w2
instanceKlass com/android/tools/r8/ir/optimize/a
instanceKlass com/android/tools/r8/internal/KK
instanceKlass com/android/tools/r8/internal/P7
instanceKlass com/android/tools/r8/internal/Nl
instanceKlass com/android/tools/r8/internal/N00
instanceKlass com/android/tools/r8/internal/Ul
instanceKlass com/android/tools/r8/internal/Md
instanceKlass com/android/tools/r8/internal/Mo
instanceKlass  @bci com/android/tools/r8/internal/mb c (Lcom/android/tools/r8/internal/wI;)Lcom/android/tools/r8/internal/mb; 20 <appendix> member <vmtarget> ; # com/android/tools/r8/internal/mb$$Lambda+0x000001b9cc20d458
instanceKlass com/android/tools/r8/internal/wE
instanceKlass java/util/Collections$1
instanceKlass com/android/tools/r8/internal/M4
instanceKlass  @bci com/android/tools/r8/internal/d9 a (Lcom/android/tools/r8/internal/L7;)V 49 <appendix> member <vmtarget> ; # com/android/tools/r8/internal/d9$$Lambda+0x000001b9cc205988
instanceKlass  @cpi com/android/tools/r8/internal/d9 865 form vmentry <vmtarget> ; # java/lang/invoke/LambdaForm$DMH+0x000001b9cc204400
instanceKlass com/android/tools/r8/utils/n1
instanceKlass java/util/LinkedList$ListItr
instanceKlass  @bci com/android/tools/r8/internal/d9 a (Lcom/android/tools/r8/internal/Kl;IZ)V 820 <appendix> member <vmtarget> ; # com/android/tools/r8/internal/d9$$Lambda+0x000001b9cc203900
instanceKlass  @cpi com/android/tools/r8/internal/d9 825 form vmentry <vmtarget> ; # java/lang/invoke/LambdaForm$DMH+0x000001b9cc204000
instanceKlass com/android/tools/r8/internal/vV
instanceKlass com/android/tools/r8/internal/Jo
instanceKlass com/android/tools/r8/internal/d10
instanceKlass com/android/tools/r8/internal/O20
instanceKlass com/android/tools/r8/internal/r20
# instanceKlass com/android/tools/r8/graph/A2$$Lambda+0x000001b9cc1f6d60
# instanceKlass com/android/tools/r8/graph/A2$$Lambda+0x000001b9cc1f6b30
# instanceKlass com/android/tools/r8/graph/A2$$Lambda+0x000001b9cc1f6900
instanceKlass  @bci com/android/tools/r8/graph/A2 a (Lcom/android/tools/r8/utils/structural/z;)V 17 <appendix> argL0 ; # com/android/tools/r8/graph/A2$$Lambda+0x000001b9cc1f66d0
# instanceKlass com/android/tools/r8/utils/structural/z$$Lambda+0x000001b9cc1f64c0
# instanceKlass com/android/tools/r8/utils/structural/z$$Lambda+0x000001b9cc1f62b0
# instanceKlass com/android/tools/r8/utils/structural/z$$Lambda+0x000001b9cc1f60a0
instanceKlass  @bci com/android/tools/r8/utils/structural/z g (Ljava/util/function/Function;)Lcom/android/tools/r8/utils/structural/z; 7 <appendix> argL0 ; # com/android/tools/r8/utils/structural/z$$Lambda+0x000001b9cc1f5e90
# instanceKlass com/android/tools/r8/utils/structural/z$$Lambda+0x000001b9cc1f5c80
# instanceKlass com/android/tools/r8/graph/G2$$Lambda+0x000001b9cc1f51b0
instanceKlass  @bci com/android/tools/r8/utils/structural/z g (Ljava/util/function/Function;)Lcom/android/tools/r8/utils/structural/z; 2 <appendix> argL0 ; # com/android/tools/r8/utils/structural/z$$Lambda+0x000001b9cc1f5a70
# instanceKlass java/util/function/Function$$Lambda+0x000001b9cc0c5be8
instanceKlass  @bci java/util/function/Function andThen (Ljava/util/function/Function;)Ljava/util/function/Function; 7 <appendix> member <vmtarget> ; # java/util/function/Function$$Lambda+0x000001b9cc0c59b0
instanceKlass  @cpi java/util/function/Function 58 form vmentry <vmtarget> ; # java/lang/invoke/LambdaForm$DMH+0x000001b9cc1f8000
# instanceKlass com/android/tools/r8/graph/G2$$Lambda+0x000001b9cc1f5840
# instanceKlass com/android/tools/r8/utils/structural/z$$Lambda+0x000001b9cc1f5610
instanceKlass  @bci com/android/tools/r8/utils/structural/z d (Ljava/util/function/Function;)Lcom/android/tools/r8/utils/structural/z; 2 <appendix> argL0 ; # com/android/tools/r8/utils/structural/z$$Lambda+0x000001b9cc1f53e0
# instanceKlass com/android/tools/r8/graph/G2$$Lambda+0x000001b9cc1f4f80
instanceKlass  @bci com/android/tools/r8/graph/G2 a (Lcom/android/tools/r8/utils/structural/z;)V 1 <appendix> argL0 ; # com/android/tools/r8/graph/G2$$Lambda+0x000001b9cc1f4d50
# instanceKlass com/android/tools/r8/graph/G2$$Lambda+0x000001b9cc1f4930
# instanceKlass com/android/tools/r8/graph/G2$$Lambda+0x000001b9cc1f4b40
instanceKlass  @bci com/android/tools/r8/graph/G2 n ()Lcom/android/tools/r8/utils/structural/y; 0 <appendix> argL0 ; # com/android/tools/r8/graph/G2$$Lambda+0x000001b9cc1f4720
# instanceKlass com/android/tools/r8/graph/A2$$Lambda+0x000001b9cc1f44f0
# instanceKlass com/android/tools/r8/graph/A2$$Lambda+0x000001b9cc1f42c0
# instanceKlass com/android/tools/r8/graph/A2$$Lambda+0x000001b9cc1f4090
instanceKlass  @bci com/android/tools/r8/graph/A2 a (Lcom/android/tools/r8/utils/structural/z;)V 9 <appendix> argL0 ; # com/android/tools/r8/graph/A2$$Lambda+0x000001b9cc1f3e60
# instanceKlass com/android/tools/r8/graph/A2$$Lambda+0x000001b9cc1f3c30
# instanceKlass com/android/tools/r8/graph/A2$$Lambda+0x000001b9cc1f3a00
instanceKlass  @bci com/android/tools/r8/graph/A2 a (Lcom/android/tools/r8/utils/structural/z;)V 1 <appendix> argL0 ; # com/android/tools/r8/graph/A2$$Lambda+0x000001b9cc1f37d0
# instanceKlass com/android/tools/r8/graph/A2$$Lambda+0x000001b9cc1f35c0
instanceKlass  @bci com/android/tools/r8/graph/A2 n ()Lcom/android/tools/r8/utils/structural/y; 0 <appendix> argL0 ; # com/android/tools/r8/graph/A2$$Lambda+0x000001b9cc1f33b0
# instanceKlass com/android/tools/r8/graph/A2$$Lambda+0x000001b9cc1f31a0
# instanceKlass com/android/tools/r8/graph/A2$$Lambda+0x000001b9cc1f2f90
# instanceKlass com/android/tools/r8/graph/s2$$Lambda+0x000001b9cc1f2d60
# instanceKlass com/android/tools/r8/graph/s2$$Lambda+0x000001b9cc1f2b30
instanceKlass  @bci com/android/tools/r8/graph/s2 a (Lcom/android/tools/r8/utils/structural/z;)V 17 <appendix> argL0 ; # com/android/tools/r8/graph/s2$$Lambda+0x000001b9cc1f2900
# instanceKlass com/android/tools/r8/graph/s2$$Lambda+0x000001b9cc1f26d0
# instanceKlass com/android/tools/r8/graph/s2$$Lambda+0x000001b9cc1f24a0
# instanceKlass com/android/tools/r8/graph/s2$$Lambda+0x000001b9cc1f2270
# instanceKlass com/android/tools/r8/graph/s2$$Lambda+0x000001b9cc1f2040
instanceKlass  @bci com/android/tools/r8/graph/s2 a (Lcom/android/tools/r8/utils/structural/z;)V 9 <appendix> argL0 ; # com/android/tools/r8/graph/s2$$Lambda+0x000001b9cc1f1e10
# instanceKlass com/android/tools/r8/utils/structural/z$$Lambda+0x000001b9cc1f1bd0
# instanceKlass com/android/tools/r8/utils/structural/z$$Lambda+0x000001b9cc1f1990
# instanceKlass com/android/tools/r8/utils/structural/z$$Lambda+0x000001b9cc1f1750
instanceKlass  @bci com/android/tools/r8/utils/structural/z c (Ljava/util/function/Function;)Lcom/android/tools/r8/utils/structural/z; 2 <appendix> argL0 ; # com/android/tools/r8/utils/structural/z$$Lambda+0x000001b9cc1f1510
# instanceKlass com/android/tools/r8/graph/s2$$Lambda+0x000001b9cc1f12e0
# instanceKlass com/android/tools/r8/graph/s2$$Lambda+0x000001b9cc1f10b0
# instanceKlass com/android/tools/r8/graph/s2$$Lambda+0x000001b9cc1f0e80
instanceKlass  @bci com/android/tools/r8/graph/s2 a (Lcom/android/tools/r8/utils/structural/z;)V 1 <appendix> argL0 ; # com/android/tools/r8/graph/s2$$Lambda+0x000001b9cc1f0c50
# instanceKlass com/android/tools/r8/graph/s2$$Lambda+0x000001b9cc1f0a40
# instanceKlass com/android/tools/r8/graph/s2$$Lambda+0x000001b9cc1f0830
instanceKlass  @bci com/android/tools/r8/graph/s2 n ()Lcom/android/tools/r8/utils/structural/y; 0 <appendix> argL0 ; # com/android/tools/r8/graph/s2$$Lambda+0x000001b9cc1f0620
# instanceKlass com/android/tools/r8/graph/s2$$Lambda+0x000001b9cc1f0410
instanceKlass com/android/tools/r8/internal/Jl
instanceKlass com/android/tools/r8/internal/hr
instanceKlass com/android/tools/r8/graph/proto/b
instanceKlass com/android/tools/r8/dex/code/B1
instanceKlass com/android/tools/r8/internal/Jf
instanceKlass com/android/tools/r8/internal/d20
instanceKlass com/android/tools/r8/ir/optimize/D
instanceKlass com/android/tools/r8/internal/kB
instanceKlass com/android/tools/r8/internal/tR
instanceKlass com/android/tools/r8/internal/qs
instanceKlass  @bci com/android/tools/r8/internal/vM$b c (Lcom/android/tools/r8/utils/structural/z;)V 20 <appendix> argL0 ; # com/android/tools/r8/internal/vM$b$$Lambda+0x000001b9cc1eaa60
instanceKlass  @bci com/android/tools/r8/internal/vM$b c (Lcom/android/tools/r8/utils/structural/z;)V 1 <appendix> argL0 ; # com/android/tools/r8/internal/vM$b$$Lambda+0x000001b9cc1ea850
# instanceKlass com/android/tools/r8/internal/mb$$Lambda+0x000001b9cc1ea618
# instanceKlass com/android/tools/r8/internal/mb$$Lambda+0x000001b9cc1ea3e0
instanceKlass  @bci com/android/tools/r8/internal/mb a (Lcom/android/tools/r8/graph/E2;Lcom/android/tools/r8/internal/wI;)Lcom/android/tools/r8/internal/mb; 3 <appendix> member <vmtarget> ; # com/android/tools/r8/internal/mb$$Lambda+0x000001b9cc1e9f98
instanceKlass  @bci com/android/tools/r8/internal/vM$b n ()Lcom/android/tools/r8/utils/structural/y; 0 <appendix> argL0 ; # com/android/tools/r8/internal/vM$b$$Lambda+0x000001b9cc1ea1d0
instanceKlass com/android/tools/r8/internal/xI
instanceKlass com/android/tools/r8/internal/Zp
# instanceKlass com/android/tools/r8/graph/y1$$Lambda+0x000001b9cc1e9580
# instanceKlass com/android/tools/r8/graph/y1$$Lambda+0x000001b9cc1e9348
instanceKlass  @bci com/android/tools/r8/graph/y1 a (Lcom/android/tools/r8/graph/E2;Lcom/android/tools/r8/internal/wI;Lcom/android/tools/r8/graph/w;)Lcom/android/tools/r8/internal/KS; 172 <appendix> member <vmtarget> ; # com/android/tools/r8/graph/y1$$Lambda+0x000001b9cc1e9110
# instanceKlass com/android/tools/r8/internal/d9$$Lambda+0x000001b9cc1e8678
# instanceKlass com/android/tools/r8/internal/d9$$Lambda+0x000001b9cc1e8450
# instanceKlass com/android/tools/r8/internal/d9$$Lambda+0x000001b9cc1e8228
instanceKlass  @bci com/android/tools/r8/internal/d9 c (Lcom/android/tools/r8/internal/Kl;)V 169 <appendix> member <vmtarget> ; # com/android/tools/r8/internal/d9$$Lambda+0x000001b9cc1e8000
instanceKlass com/android/tools/r8/internal/k9
instanceKlass com/android/tools/r8/internal/Gr
instanceKlass com/android/tools/r8/internal/b9
instanceKlass com/android/tools/r8/internal/c9
instanceKlass com/android/tools/r8/internal/ES
instanceKlass java/util/LinkedList$Node
instanceKlass com/android/tools/r8/internal/Lr
instanceKlass com/android/tools/r8/internal/V6
instanceKlass com/android/tools/r8/internal/No
instanceKlass com/android/tools/r8/internal/fN
instanceKlass com/android/tools/r8/internal/J4
instanceKlass com/android/tools/r8/internal/Fl
instanceKlass com/android/tools/r8/internal/Xl
instanceKlass com/android/tools/r8/internal/Jq
instanceKlass com/android/tools/r8/internal/D
instanceKlass com/android/tools/r8/internal/Zq
instanceKlass com/android/tools/r8/internal/HI
instanceKlass com/android/tools/r8/internal/oq
instanceKlass com/android/tools/r8/internal/v
instanceKlass com/android/tools/r8/internal/fp
instanceKlass com/android/tools/r8/internal/Uo
instanceKlass com/android/tools/r8/graph/proto/d
instanceKlass com/android/tools/r8/graph/proto/c
instanceKlass com/android/tools/r8/graph/proto/j
instanceKlass com/android/tools/r8/internal/jr
instanceKlass com/android/tools/r8/internal/Kl
# instanceKlass com/android/tools/r8/internal/vM$$Lambda+0x000001b9cc1cbcf0
# instanceKlass com/android/tools/r8/internal/vM$$Lambda+0x000001b9cc1cbab0
# instanceKlass com/android/tools/r8/internal/vM$$Lambda+0x000001b9cc1cb870
instanceKlass  @bci com/android/tools/r8/internal/vM a (Lcom/android/tools/r8/utils/structural/z;)V 41 <appendix> argL0 ; # com/android/tools/r8/internal/vM$$Lambda+0x000001b9cc1cb630
# instanceKlass com/android/tools/r8/internal/vM$$Lambda+0x000001b9cc1cb3f0
# instanceKlass com/android/tools/r8/internal/vM$$Lambda+0x000001b9cc1cb1b0
# instanceKlass com/android/tools/r8/internal/vM$$Lambda+0x000001b9cc1caf70
instanceKlass  @bci com/android/tools/r8/internal/vM a (Lcom/android/tools/r8/utils/structural/z;)V 33 <appendix> argL0 ; # com/android/tools/r8/internal/vM$$Lambda+0x000001b9cc1cad30
# instanceKlass com/android/tools/r8/internal/vM$$Lambda+0x000001b9cc1cab00
# instanceKlass com/android/tools/r8/internal/vM$$Lambda+0x000001b9cc1ca8d0
# instanceKlass com/android/tools/r8/internal/vM$$Lambda+0x000001b9cc1ca6a0
instanceKlass  @bci com/android/tools/r8/internal/vM a (Lcom/android/tools/r8/utils/structural/z;)V 25 <appendix> argL0 ; # com/android/tools/r8/internal/vM$$Lambda+0x000001b9cc1ca470
# instanceKlass com/android/tools/r8/utils/structural/z$$Lambda+0x000001b9cc1ca260
# instanceKlass com/android/tools/r8/utils/structural/z$$Lambda+0x000001b9cc1ca050
# instanceKlass com/android/tools/r8/utils/structural/z$$Lambda+0x000001b9cc1c9e40
instanceKlass  @bci com/android/tools/r8/utils/structural/z a (Ljava/util/function/Function;Ljava/util/function/Predicate;)Lcom/android/tools/r8/utils/structural/z; 7 <appendix> argL0 ; # com/android/tools/r8/utils/structural/z$$Lambda+0x000001b9cc1c9c30
# instanceKlass com/android/tools/r8/utils/structural/z$$Lambda+0x000001b9cc1c9a20
# instanceKlass com/android/tools/r8/utils/structural/z$$Lambda+0x000001b9cc1c9810
# instanceKlass com/android/tools/r8/utils/structural/z$$Lambda+0x000001b9cc1c9600
instanceKlass  @bci com/android/tools/r8/utils/structural/z a (Ljava/util/function/Function;Ljava/util/function/Predicate;)Lcom/android/tools/r8/utils/structural/z; 2 <appendix> argL0 ; # com/android/tools/r8/utils/structural/z$$Lambda+0x000001b9cc1c93f0
# instanceKlass com/android/tools/r8/utils/structural/z$$Lambda+0x000001b9cc1c91a8
# instanceKlass com/android/tools/r8/utils/structural/z$$Lambda+0x000001b9cc1c8f60
instanceKlass  @bci com/android/tools/r8/utils/structural/z h (Ljava/util/function/Function;)Lcom/android/tools/r8/utils/structural/z; 3 <appendix> member <vmtarget> ; # com/android/tools/r8/utils/structural/z$$Lambda+0x000001b9cc1c8d18
# instanceKlass com/android/tools/r8/utils/structural/z$$Lambda+0x000001b9cc1c8ad0
# instanceKlass com/android/tools/r8/internal/vM$$Lambda+0x000001b9cc1c88a0
# instanceKlass com/android/tools/r8/internal/vM$$Lambda+0x000001b9cc1c8670
# instanceKlass com/android/tools/r8/internal/vM$$Lambda+0x000001b9cc1c8440
instanceKlass  @bci com/android/tools/r8/internal/vM a (Lcom/android/tools/r8/utils/structural/z;)V 17 <appendix> argL0 ; # com/android/tools/r8/internal/vM$$Lambda+0x000001b9cc1c8210
# instanceKlass com/android/tools/r8/internal/vM$$Lambda+0x000001b9cc1c8000
# instanceKlass com/android/tools/r8/internal/vM$$Lambda+0x000001b9cc1c4400
# instanceKlass com/android/tools/r8/internal/vM$$Lambda+0x000001b9cc1c4c20
instanceKlass  @bci com/android/tools/r8/internal/vM a (Lcom/android/tools/r8/utils/structural/z;)V 9 <appendix> argL0 ; # com/android/tools/r8/internal/vM$$Lambda+0x000001b9cc1c4a10
# instanceKlass com/android/tools/r8/internal/vM$$Lambda+0x000001b9cc1c4800
# instanceKlass com/android/tools/r8/internal/vM$$Lambda+0x000001b9cc1c5c60
# instanceKlass com/android/tools/r8/internal/vM$$Lambda+0x000001b9cc1c5a50
instanceKlass  @bci com/android/tools/r8/internal/vM a (Lcom/android/tools/r8/utils/structural/z;)V 1 <appendix> argL0 ; # com/android/tools/r8/internal/vM$$Lambda+0x000001b9cc1c5840
# instanceKlass com/android/tools/r8/internal/vM$c$$Lambda+0x000001b9cc1c5630
# instanceKlass com/android/tools/r8/internal/vM$c$$Lambda+0x000001b9cc1c5420
# instanceKlass com/android/tools/r8/internal/vM$c$$Lambda+0x000001b9cc1c5210
instanceKlass  @bci com/android/tools/r8/internal/vM$c n ()Lcom/android/tools/r8/utils/structural/y; 0 <appendix> argL0 ; # com/android/tools/r8/internal/vM$c$$Lambda+0x000001b9cc1c5000
instanceKlass com/android/tools/r8/internal/S6
instanceKlass com/android/tools/r8/internal/q9
instanceKlass com/android/tools/r8/internal/k1
instanceKlass  @bci com/android/tools/r8/internal/X7 a (Ljava/util/function/BiFunction;Lcom/android/tools/r8/internal/d8;Lcom/android/tools/r8/internal/M7;)Lcom/android/tools/r8/utils/F3; 16 <appendix> member <vmtarget> ; # com/android/tools/r8/internal/X7$$Lambda+0x000001b9cc1c3b40
instanceKlass com/android/tools/r8/internal/Er
instanceKlass  @bci com/android/tools/r8/synthesis/t a (Lcom/android/tools/r8/graph/w;Lcom/android/tools/r8/utils/A3;)Lcom/android/tools/r8/synthesis/r; 74 <appendix> form vmentry <vmtarget> ; # java/lang/invoke/LambdaForm$DMH+0x000001b9cc1c4000
instanceKlass  @bci com/android/tools/r8/internal/V7 a (Ljava/util/function/BiFunction;Lcom/android/tools/r8/internal/d8;Lcom/android/tools/r8/internal/M7;)Lcom/android/tools/r8/utils/F3; 16 <appendix> member <vmtarget> ; # com/android/tools/r8/internal/V7$$Lambda+0x000001b9cc1c3718
instanceKlass  @bci com/android/tools/r8/internal/M7 b (Lcom/android/tools/r8/graph/w;Lcom/android/tools/r8/graph/E2;Lcom/android/tools/r8/internal/W6;Ljava/util/function/BiFunction;)Lcom/android/tools/r8/internal/M7; 15 <appendix> member <vmtarget> ; # com/android/tools/r8/internal/M7$$Lambda+0x000001b9cc1c32b8
instanceKlass com/android/tools/r8/internal/d9
instanceKlass  @bci com/android/tools/r8/internal/b8 a (Lcom/android/tools/r8/internal/M7;Lcom/android/tools/r8/graph/w;Lcom/android/tools/r8/internal/W6;)Lcom/android/tools/r8/internal/M7; 24 <appendix> member <vmtarget> ; # com/android/tools/r8/internal/b8$$Lambda+0x000001b9cc1c2dc0
instanceKlass  @bci com/android/tools/r8/internal/Q7 a ()I 1331 <appendix> member <vmtarget> ; # com/android/tools/r8/internal/Q7$$Lambda+0x000001b9cc1c2b98
# instanceKlass com/android/tools/r8/internal/Ac$$Lambda+0x000001b9cc1c2970
instanceKlass  @bci com/android/tools/r8/internal/M7 a (Lcom/android/tools/r8/graph/w;Lcom/android/tools/r8/internal/W6;Lcom/android/tools/r8/internal/q20;)Lcom/android/tools/r8/internal/M7; 4 <appendix> argL0 ; # com/android/tools/r8/internal/M7$$Lambda+0x000001b9cc1c2750
instanceKlass  @bci com/android/tools/r8/internal/Ac a (Lcom/android/tools/r8/graph/w;Lcom/android/tools/r8/graph/E2;Lcom/android/tools/r8/internal/W6;Ljava/util/function/BiFunction;)Lcom/android/tools/r8/internal/M7; 11 <appendix> member <vmtarget> ; # com/android/tools/r8/internal/Ac$$Lambda+0x000001b9cc1c2528
instanceKlass com/android/tools/r8/internal/qp
instanceKlass  @bci com/android/tools/r8/internal/M7 a (Lcom/android/tools/r8/graph/w;Lcom/android/tools/r8/internal/W6;Lcom/android/tools/r8/graph/E2;)Lcom/android/tools/r8/internal/M7; 2 <appendix> argL0 ; # com/android/tools/r8/internal/M7$$Lambda+0x000001b9cc1c2078
instanceKlass com/android/tools/r8/utils/e1
instanceKlass com/android/tools/r8/internal/p20
# instanceKlass com/android/tools/r8/internal/Ac$$Lambda+0x000001b9cc1c11f0
instanceKlass  @bci com/android/tools/r8/internal/M7 c (Ljava/util/function/BiFunction;)Lcom/android/tools/r8/internal/M7; 2 <appendix> member <vmtarget> ; # com/android/tools/r8/internal/M7$$Lambda+0x000001b9cc1c0fc8
# instanceKlass com/android/tools/r8/internal/Ac$$Lambda+0x000001b9cc1c0da0
instanceKlass  @bci com/android/tools/r8/internal/Ac a (Lcom/android/tools/r8/graph/s2;Lcom/android/tools/r8/internal/W6;)Lcom/android/tools/r8/internal/M7; 4 <appendix> member <vmtarget> ; # com/android/tools/r8/internal/Ac$$Lambda+0x000001b9cc1c0b78
instanceKlass  @bci com/android/tools/r8/internal/g9 a (Lcom/android/tools/r8/internal/M7;Lcom/android/tools/r8/graph/w;Lcom/android/tools/r8/internal/W6;)Lcom/android/tools/r8/internal/M7; 165 <appendix> member <vmtarget> ; # com/android/tools/r8/internal/g9$$Lambda+0x000001b9cc1c0950
# instanceKlass com/android/tools/r8/internal/q8$$Lambda+0x000001b9cc1c0728
# instanceKlass com/android/tools/r8/internal/q8$$Lambda+0x000001b9cc1c0500
instanceKlass  @bci com/android/tools/r8/internal/q8 a (Lcom/android/tools/r8/internal/M7;Lcom/android/tools/r8/graph/w;Lcom/android/tools/r8/internal/W6;)Lcom/android/tools/r8/internal/M7; 14 <appendix> member <vmtarget> ; # com/android/tools/r8/internal/q8$$Lambda+0x000001b9cc1c02d8
instanceKlass com/android/tools/r8/internal/f9
instanceKlass com/android/tools/r8/internal/g7
instanceKlass com/android/tools/r8/internal/j7
instanceKlass com/android/tools/r8/internal/R7
instanceKlass com/android/tools/r8/internal/Q7
instanceKlass com/android/tools/r8/internal/O7
instanceKlass com/android/tools/r8/graph/D
instanceKlass  @bci com/android/tools/r8/graph/P4 a (Lcom/android/tools/r8/graph/A2;Lcom/android/tools/r8/graph/D2;Lcom/android/tools/r8/graph/z0;Lcom/android/tools/r8/graph/M4;Lcom/android/tools/r8/graph/E2;Ljava/util/List;Lcom/android/tools/r8/graph/O4;)V 100 <appendix> member <vmtarget> ; # com/android/tools/r8/graph/P4$$Lambda+0x000001b9cc1ba640
instanceKlass  @cpi com/android/tools/r8/graph/P4 194 form vmentry <vmtarget> ; # java/lang/invoke/LambdaForm$DMH+0x000001b9cc1b9800
instanceKlass  @bci com/android/tools/r8/graph/P4 a (Lcom/android/tools/r8/graph/A2;Lcom/android/tools/r8/graph/D2;Lcom/android/tools/r8/graph/z0;Lcom/android/tools/r8/graph/M4;Lcom/android/tools/r8/graph/E2;Ljava/util/List;Lcom/android/tools/r8/graph/O4;)V 60 <appendix> form vmentry <vmtarget> ; # java/lang/invoke/LambdaForm$DMH+0x000001b9cc1b9400
instanceKlass  @bci com/android/tools/r8/graph/P4 a (Lcom/android/tools/r8/graph/A2;Lcom/android/tools/r8/graph/D2;Lcom/android/tools/r8/graph/z0;Lcom/android/tools/r8/graph/M4;Lcom/android/tools/r8/graph/E2;Ljava/util/List;Lcom/android/tools/r8/graph/O4;)V 60 <appendix> member <vmtarget> ; # com/android/tools/r8/graph/P4$$Lambda+0x000001b9cc1ba000
instanceKlass  @cpi com/android/tools/r8/graph/P4 244 form vmentry <vmtarget> ; # java/lang/invoke/LambdaForm$DMH+0x000001b9cc1b9000
instanceKlass com/android/tools/r8/internal/Wl
instanceKlass com/android/tools/r8/graph/M4
instanceKlass  @bci com/android/tools/r8/graph/j b (Lcom/android/tools/r8/graph/z0;Lcom/android/tools/r8/graph/s2;)Lcom/android/tools/r8/graph/C0; 2 <appendix> member <vmtarget> ; # com/android/tools/r8/graph/j$$Lambda+0x000001b9cc1bf758
# instanceKlass com/android/tools/r8/internal/UH$$Lambda+0x000001b9cc1bf4e0
instanceKlass  @bci com/android/tools/r8/internal/UH b (Lcom/android/tools/r8/graph/A5;Lcom/android/tools/r8/internal/d8;)Z 23 <appendix> member <vmtarget> ; # com/android/tools/r8/internal/UH$$Lambda+0x000001b9cc1bf268
# instanceKlass com/android/tools/r8/internal/UH$$Lambda+0x000001b9cc1beff0
instanceKlass  @bci com/android/tools/r8/graph/h f (Lcom/android/tools/r8/graph/E2;)Lcom/android/tools/r8/graph/Y; 23 <appendix> member <vmtarget> ; # com/android/tools/r8/graph/h$$Lambda+0x000001b9cc1bedb8
# instanceKlass com/android/tools/r8/internal/UH$$Lambda+0x000001b9cc1beb40
instanceKlass  @bci com/android/tools/r8/internal/UH b (Lcom/android/tools/r8/graph/A5;Lcom/android/tools/r8/internal/d8;)Z 6 <appendix> member <vmtarget> ; # com/android/tools/r8/internal/UH$$Lambda+0x000001b9cc1be8c8
instanceKlass  @bci com/android/tools/r8/graph/U4$c c (Lcom/android/tools/r8/graph/z2;Lcom/android/tools/r8/graph/w;Lcom/android/tools/r8/graph/j;)Lcom/android/tools/r8/graph/C0; 60 <appendix> argL0 ; # com/android/tools/r8/graph/U4$c$$Lambda+0x000001b9cc1be688
# instanceKlass com/android/tools/r8/internal/UH$$Lambda+0x000001b9cc1be410
# instanceKlass com/android/tools/r8/internal/UH$$Lambda+0x000001b9cc1be198
instanceKlass  @bci com/android/tools/r8/internal/UH a (Lcom/android/tools/r8/graph/A5;)Z 51 <appendix> member <vmtarget> ; # com/android/tools/r8/internal/UH$$Lambda+0x000001b9cc1bdf20
# instanceKlass com/android/tools/r8/internal/Dk$$Lambda+0x000001b9cc1bdd00
# instanceKlass com/android/tools/r8/internal/Dk$$Lambda+0x000001b9cc1bdae0
instanceKlass  @bci com/android/tools/r8/internal/UH a (Lcom/android/tools/r8/graph/A5;Lcom/android/tools/r8/internal/i8;)V 25 <appendix> member <vmtarget> ; # com/android/tools/r8/internal/UH$$Lambda+0x000001b9cc1bd8b8
# instanceKlass com/android/tools/r8/internal/Dk$$Lambda+0x000001b9cc1bd698
instanceKlass  @bci com/android/tools/r8/internal/Dk a (Lcom/android/tools/r8/internal/Dk;Lcom/android/tools/r8/graph/s2;)Lcom/android/tools/r8/graph/s2; 2 <appendix> argL0 ; # com/android/tools/r8/internal/Dk$$Lambda+0x000001b9cc1bd478
instanceKlass com/android/tools/r8/b0
# instanceKlass com/android/tools/r8/internal/ys$$Lambda+0x000001b9cc1bd008
# instanceKlass com/android/tools/r8/internal/ys$$Lambda+0x000001b9cc1bcd90
instanceKlass  @bci com/android/tools/r8/internal/ys a (Lcom/android/tools/r8/internal/k8;Lcom/android/tools/r8/graph/A5;)Z 6 <appendix> member <vmtarget> ; # com/android/tools/r8/internal/ys$$Lambda+0x000001b9cc1bcb18
# instanceKlass com/android/tools/r8/internal/ys$$Lambda+0x000001b9cc1bc8a0
# instanceKlass com/android/tools/r8/internal/UH$$Lambda+0x000001b9cc1bc678
# instanceKlass com/android/tools/r8/internal/UH$$Lambda+0x000001b9cc1bc450
# instanceKlass com/android/tools/r8/internal/UH$$Lambda+0x000001b9cc1bc228
instanceKlass  @bci com/android/tools/r8/internal/UH a (Lcom/android/tools/r8/graph/A5;Lcom/android/tools/r8/internal/i8;)V 12 <appendix> member <vmtarget> ; # com/android/tools/r8/internal/UH$$Lambda+0x000001b9cc1bc000
instanceKlass  @bci com/android/tools/r8/graph/P4 a (Lcom/android/tools/r8/graph/A2;Lcom/android/tools/r8/graph/D2;Lcom/android/tools/r8/graph/z0;Lcom/android/tools/r8/graph/M4;Lcom/android/tools/r8/graph/E2;Ljava/util/List;Lcom/android/tools/r8/graph/O4;)V 100 <appendix> form vmentry <vmtarget> ; # java/lang/invoke/LambdaForm$DMH+0x000001b9cc1b8000
# instanceKlass com/android/tools/r8/internal/gN$$Lambda+0x000001b9cc1b5400
instanceKlass  @bci com/android/tools/r8/internal/gN b (Lcom/android/tools/r8/graph/A5;Lcom/android/tools/r8/internal/i8;Lcom/android/tools/r8/ir/optimize/info/m;Lcom/android/tools/r8/internal/uF;Lcom/android/tools/r8/internal/qc;)Lcom/android/tools/r8/utils/A3; 33 <appendix> member <vmtarget> ; # com/android/tools/r8/internal/gN$$Lambda+0x000001b9cc1b5c30
# instanceKlass com/android/tools/r8/internal/gN$$Lambda+0x000001b9cc1b5a18
# instanceKlass com/android/tools/r8/internal/gN$$Lambda+0x000001b9cc1b5800
instanceKlass com/android/tools/r8/references/ClassReference
instanceKlass com/android/tools/r8/references/PrimitiveReference
instanceKlass com/android/tools/r8/references/Reference
instanceKlass com/android/tools/r8/position/MethodPosition
# instanceKlass com/android/tools/r8/utils/U1$$Lambda+0x000001b9cc1b3d18
# instanceKlass com/android/tools/r8/utils/U1$$Lambda+0x000001b9cc1b3af0
# instanceKlass com/android/tools/r8/utils/U1$$Lambda+0x000001b9cc1b38c8
instanceKlass  @bci com/android/tools/r8/utils/U1 a (Lcom/android/tools/r8/utils/d1;)Ljava/util/ArrayList; 10 <appendix> member <vmtarget> ; # com/android/tools/r8/utils/U1$$Lambda+0x000001b9cc1b36a0
instanceKlass  @cpi com/android/tools/r8/graph/q5 91 form vmentry <vmtarget> ; # java/lang/invoke/LambdaForm$DMH+0x000001b9cc1b4800
# instanceKlass com/android/tools/r8/internal/gN$$Lambda+0x000001b9cc1b3488
# instanceKlass com/android/tools/r8/internal/gN$$Lambda+0x000001b9cc1b3270
# instanceKlass com/android/tools/r8/internal/gN$$Lambda+0x000001b9cc1b3058
instanceKlass  @bci com/android/tools/r8/internal/gN a (Lcom/android/tools/r8/graph/z2;Lcom/android/tools/r8/internal/i8;Lcom/android/tools/r8/internal/be;Lcom/android/tools/r8/internal/Ds;)V 12 <appendix> member <vmtarget> ; # com/android/tools/r8/internal/gN$$Lambda+0x000001b9cc1b2e40
instanceKlass  @bci com/android/tools/r8/internal/na a (Lcom/android/tools/r8/internal/oa;Ljava/util/concurrent/ExecutorService;)V 484 <appendix> member <vmtarget> ; # com/android/tools/r8/internal/na$$Lambda+0x000001b9cc1b2c18
instanceKlass  @bci com/android/tools/r8/internal/na a (Ljava/util/Collection;)V 11 <appendix> member <vmtarget> ; # com/android/tools/r8/internal/na$$Lambda+0x000001b9cc1b29f0
instanceKlass com/android/tools/r8/utils/B0
instanceKlass com/android/tools/r8/utils/j3
instanceKlass  @bci com/android/tools/r8/utils/f3 a (Ljava/lang/Iterable;Lcom/android/tools/r8/utils/q3;Ljava/util/concurrent/ExecutorService;)Ljava/util/ArrayList; 6 <appendix> member <vmtarget> ; # com/android/tools/r8/utils/f3$$Lambda+0x000001b9cc1b23e8
instanceKlass  @bci com/android/tools/r8/utils/f3 a (Ljava/lang/Iterable;Lcom/android/tools/r8/utils/k3;Ljava/util/concurrent/ExecutorService;)Ljava/util/ArrayList; 2 <appendix> member <vmtarget> ; # com/android/tools/r8/utils/f3$$Lambda+0x000001b9cc1b21d0
instanceKlass  @bci com/android/tools/r8/utils/f3 a (Ljava/util/Map;Lcom/android/tools/r8/utils/i3;Ljava/util/concurrent/ExecutorService;)V 7 <appendix> member <vmtarget> ; # com/android/tools/r8/utils/f3$$Lambda+0x000001b9cc1b1fb8
instanceKlass com/android/tools/r8/utils/k3
instanceKlass  @bci com/android/tools/r8/utils/f3 a (Ljava/util/Map;Lcom/android/tools/r8/utils/h3;Ljava/util/concurrent/ExecutorService;)V 2 <appendix> member <vmtarget> ; # com/android/tools/r8/utils/f3$$Lambda+0x000001b9cc1b1bb0
instanceKlass com/android/tools/r8/utils/i3
instanceKlass  @bci com/android/tools/r8/internal/LN a (Ljava/util/concurrent/ExecutorService;)V 4 <appendix> argL0 ; # com/android/tools/r8/internal/LN$$Lambda+0x000001b9cc1b17b0
instanceKlass com/android/tools/r8/utils/h3
# instanceKlass java/lang/invoke/LambdaForm$DMH+0x000001b9cc1b4000
instanceKlass com/android/tools/r8/ProgramResource$ByteResource
instanceKlass  @bci com/android/tools/r8/graph/P4 b (Lcom/android/tools/r8/graph/E2;Lcom/android/tools/r8/graph/A2;Lcom/android/tools/r8/graph/D2;)Lcom/android/tools/r8/graph/U4; 45 <appendix> member <vmtarget> ; # com/android/tools/r8/graph/P4$$Lambda+0x000001b9cc1b1120
instanceKlass  @bci com/android/tools/r8/graph/j b (Lcom/android/tools/r8/graph/E2;Lcom/android/tools/r8/graph/s2;)Lcom/android/tools/r8/graph/U4; 12 <appendix> member <vmtarget> ; # com/android/tools/r8/graph/j$$Lambda+0x000001b9cc1b0ee8
instanceKlass com/android/tools/r8/FeatureSplit
instanceKlass com/android/tools/r8/graph/e
# instanceKlass com/android/tools/r8/graph/P4$$Lambda+0x000001b9cc1b0000
instanceKlass com/android/tools/r8/graph/x4
instanceKlass  @bci com/android/tools/r8/graph/P4 a (Lcom/android/tools/r8/graph/s2;)Lcom/android/tools/r8/graph/U4; 106 <appendix> member <vmtarget> ; # com/android/tools/r8/graph/P4$$Lambda+0x000001b9cc1afb08
instanceKlass  @bci com/android/tools/r8/graph/P4 a (Lcom/android/tools/r8/graph/E2;Lcom/android/tools/r8/graph/A2;Lcom/android/tools/r8/graph/D2;)Lcom/android/tools/r8/graph/U4; 95 <appendix> member <vmtarget> ; # com/android/tools/r8/graph/P4$$Lambda+0x000001b9cc1af8e0
instanceKlass com/android/tools/r8/graph/R4
# instanceKlass com/android/tools/r8/graph/P4$$Lambda+0x000001b9cc1ad540
instanceKlass  @bci com/android/tools/r8/graph/P4 a (Lcom/android/tools/r8/graph/y1;Ljava/util/function/Function;)Lcom/android/tools/r8/graph/P4; 5 <appendix> member <vmtarget> ; # com/android/tools/r8/graph/P4$$Lambda+0x000001b9cc1ad0d0
# instanceKlass com/android/tools/r8/graph/P4$$Lambda+0x000001b9cc1ad308
instanceKlass com/android/tools/r8/graph/O4
instanceKlass com/android/tools/r8/graph/P4
# instanceKlass com/android/tools/r8/graph/j$$Lambda+0x000001b9cc1ab2c8
instanceKlass  @bci com/android/tools/r8/graph/j f (Lcom/android/tools/r8/graph/s2;)Lcom/android/tools/r8/graph/U4; 12 <appendix> member <vmtarget> ; # com/android/tools/r8/graph/j$$Lambda+0x000001b9cc1ab090
instanceKlass  @bci com/android/tools/r8/graph/j b (Lcom/android/tools/r8/graph/E2;Lcom/android/tools/r8/graph/A2;Lcom/android/tools/r8/graph/D2;)Lcom/android/tools/r8/graph/U4; 12 <appendix> member <vmtarget> ; # com/android/tools/r8/graph/j$$Lambda+0x000001b9cc1aae58
instanceKlass com/android/tools/r8/internal/y4
instanceKlass jdk/internal/util/ByteArray
instanceKlass java/io/ObjectOutputStream$ReplaceTable
instanceKlass java/io/ObjectOutputStream$HandleTable
instanceKlass java/io/ObjectStreamConstants
instanceKlass java/io/ObjectOutput
instanceKlass com/android/tools/r8/graph/x0
instanceKlass com/android/tools/r8/internal/bB
instanceKlass com/android/tools/r8/shaking/T1
instanceKlass com/android/tools/r8/internal/ib
instanceKlass com/android/tools/r8/internal/hR
# instanceKlass com/android/tools/r8/internal/UH$$Lambda+0x000001b9cc1a9e30
# instanceKlass com/android/tools/r8/internal/UH$$Lambda+0x000001b9cc1a9c08
# instanceKlass com/android/tools/r8/internal/UH$$Lambda+0x000001b9cc1a99e0
instanceKlass  @bci com/android/tools/r8/internal/UH a (Lcom/android/tools/r8/internal/i8;Lcom/android/tools/r8/internal/LN;Lcom/android/tools/r8/graph/A5;)V 27 <appendix> member <vmtarget> ; # com/android/tools/r8/internal/UH$$Lambda+0x000001b9cc1a97b8
# instanceKlass com/android/tools/r8/internal/XG$$Lambda+0x000001b9cc1a9590
# instanceKlass com/android/tools/r8/internal/XG$$Lambda+0x000001b9cc1a9368
# instanceKlass com/android/tools/r8/internal/XG$$Lambda+0x000001b9cc1a9140
instanceKlass  @bci com/android/tools/r8/internal/XG a (Lcom/android/tools/r8/internal/i8;Lcom/android/tools/r8/internal/LN;Lcom/android/tools/r8/graph/A5;)V 20 <appendix> member <vmtarget> ; # com/android/tools/r8/internal/XG$$Lambda+0x000001b9cc1a8f18
# instanceKlass com/android/tools/r8/internal/gN$$Lambda+0x000001b9cc1a8000
instanceKlass java/util/Collections$UnmodifiableCollection$1
# instanceKlass com/android/tools/r8/internal/UH$$Lambda+0x000001b9cc1a8cf0
instanceKlass  @bci com/android/tools/r8/internal/UH a (Lcom/android/tools/r8/internal/i8;Lcom/android/tools/r8/internal/LN;Lcom/android/tools/r8/graph/A5;)V 13 <appendix> member <vmtarget> ; # com/android/tools/r8/internal/UH$$Lambda+0x000001b9cc1a8ac8
# instanceKlass com/android/tools/r8/graph/I4$$Lambda+0x000001b9cc1a88a0
instanceKlass  @bci com/android/tools/r8/graph/I4 b (Ljava/util/function/Consumer;Ljava/util/function/Predicate;)V 7 <appendix> member <vmtarget> ; # com/android/tools/r8/graph/I4$$Lambda+0x000001b9cc1a8678
# instanceKlass com/android/tools/r8/graph/z2$$Lambda+0x000001b9cc1a8450
instanceKlass  @bci com/android/tools/r8/graph/z2 g (Ljava/util/function/Consumer;Ljava/util/function/Predicate;)V 6 <appendix> member <vmtarget> ; # com/android/tools/r8/graph/z2$$Lambda+0x000001b9cc1a8228
# instanceKlass com/android/tools/r8/internal/gN$$Lambda+0x000001b9cc1a7da8
# instanceKlass com/android/tools/r8/internal/gN$$Lambda+0x000001b9cc1a7b80
instanceKlass  @bci com/android/tools/r8/internal/gN a (Lcom/android/tools/r8/internal/i8;Lcom/android/tools/r8/internal/LN;Lcom/android/tools/r8/graph/z2;)V 10 <appendix> member <vmtarget> ; # com/android/tools/r8/internal/gN$$Lambda+0x000001b9cc1a7958
# instanceKlass com/android/tools/r8/internal/gN$$Lambda+0x000001b9cc1a7718
instanceKlass  @bci com/android/tools/r8/internal/gN a (Lcom/android/tools/r8/internal/i8;Lcom/android/tools/r8/internal/LN;Lcom/android/tools/r8/graph/z2;)V 3 <appendix> argL0 ; # com/android/tools/r8/internal/gN$$Lambda+0x000001b9cc1a74d8
# instanceKlass com/android/tools/r8/internal/gN$$Lambda+0x000001b9cc1a7298
instanceKlass  @bci com/android/tools/r8/internal/gN a (Lcom/android/tools/r8/internal/i8;Ljava/util/concurrent/ExecutorService;)V 23 <appendix> member <vmtarget> ; # com/android/tools/r8/internal/gN$$Lambda+0x000001b9cc1a7070
instanceKlass com/android/tools/r8/internal/LN
instanceKlass  @bci com/android/tools/r8/internal/r7 a (Ljava/util/concurrent/ExecutorService;Lcom/android/tools/r8/internal/u7;)V 78 <appendix> member <vmtarget> ; # com/android/tools/r8/internal/r7$$Lambda+0x000001b9cc1a6c48
instanceKlass com/android/tools/r8/internal/s7
instanceKlass com/android/tools/r8/internal/oa
instanceKlass com/android/tools/r8/internal/uj
instanceKlass com/android/tools/r8/internal/i8
instanceKlass com/android/tools/r8/internal/E2
instanceKlass com/android/tools/r8/internal/yf
instanceKlass com/android/tools/r8/internal/PZ
instanceKlass com/android/tools/r8/internal/u7
instanceKlass com/android/tools/r8/internal/pf
instanceKlass com/android/tools/r8/internal/Af
instanceKlass com/android/tools/r8/internal/Xg
instanceKlass com/android/tools/r8/internal/KG
instanceKlass com/android/tools/r8/internal/W4
instanceKlass com/android/tools/r8/internal/JG
instanceKlass com/android/tools/r8/internal/Ak
instanceKlass com/android/tools/r8/internal/Ds
instanceKlass com/android/tools/r8/internal/yN
instanceKlass com/android/tools/r8/internal/cB
instanceKlass com/android/tools/r8/ir/optimize/u0
instanceKlass com/android/tools/r8/errors/UnsupportedFeatureDiagnostic
instanceKlass com/android/tools/r8/internal/P10
instanceKlass com/android/tools/r8/internal/S10
instanceKlass com/android/tools/r8/internal/u20
instanceKlass com/android/tools/r8/internal/t20
instanceKlass com/android/tools/r8/internal/q6
instanceKlass com/android/tools/r8/internal/qt
instanceKlass com/android/tools/r8/internal/pt
instanceKlass com/android/tools/r8/internal/nd
instanceKlass com/android/tools/r8/internal/od
instanceKlass  @bci com/android/tools/r8/internal/ss a (Lcom/android/tools/r8/graph/w;)Ljava/util/function/Predicate; 17 <appendix> member <vmtarget> ; # com/android/tools/r8/internal/ss$$Lambda+0x000001b9cc19ee60
instanceKlass  @cpi com/android/tools/r8/internal/ss 619 form vmentry <vmtarget> ; # java/lang/invoke/LambdaForm$DMH+0x000001b9cc19c400
instanceKlass com/android/tools/r8/graph/f
instanceKlass com/android/tools/r8/internal/ss
instanceKlass com/android/tools/r8/internal/ws
instanceKlass com/android/tools/r8/internal/Wg
instanceKlass com/android/tools/r8/internal/ys
instanceKlass com/android/tools/r8/utils/W2
instanceKlass com/android/tools/r8/internal/dB
instanceKlass com/android/tools/r8/internal/fB
instanceKlass com/android/tools/r8/internal/iY
instanceKlass com/android/tools/r8/utils/z1
instanceKlass com/android/tools/r8/graph/W
instanceKlass  @bci com/android/tools/r8/graph/m4 f (Lcom/android/tools/r8/graph/E2;)Lcom/android/tools/r8/graph/Y; 107 <appendix> member <vmtarget> ; # com/android/tools/r8/graph/m4$$Lambda+0x000001b9cc19ac50
instanceKlass  @bci com/android/tools/r8/graph/m4 f (Lcom/android/tools/r8/graph/E2;)Lcom/android/tools/r8/graph/Y; 66 <appendix> member <vmtarget> ; # com/android/tools/r8/graph/m4$$Lambda+0x000001b9cc19aa28
instanceKlass  @bci com/android/tools/r8/graph/m4 f (Lcom/android/tools/r8/graph/E2;)Lcom/android/tools/r8/graph/Y; 28 <appendix> member <vmtarget> ; # com/android/tools/r8/graph/m4$$Lambda+0x000001b9cc19a800
instanceKlass  @bci com/android/tools/r8/utils/W a ()Lcom/android/tools/r8/graph/z0; 71 <appendix> member <vmtarget> ; # com/android/tools/r8/utils/W$$Lambda+0x000001b9cc19a5d8
instanceKlass com/android/tools/r8/utils/W
instanceKlass  @bci com/android/tools/r8/utils/X a (Lcom/android/tools/r8/graph/E2;)Lcom/android/tools/r8/graph/z0; 79 <appendix> member <vmtarget> ; # com/android/tools/r8/utils/X$$Lambda+0x000001b9cc19a188
instanceKlass com/android/tools/r8/graph/T
instanceKlass  @bci com/android/tools/r8/graph/h d (Lcom/android/tools/r8/graph/E2;)Lcom/android/tools/r8/graph/z0; 23 <appendix> member <vmtarget> ; # com/android/tools/r8/graph/h$$Lambda+0x000001b9cc199d50
instanceKlass  @cpi com/android/tools/r8/utils/I1 115 form vmentry <vmtarget> ; # java/lang/invoke/LambdaForm$DMH+0x000001b9cc19c000
instanceKlass com/android/tools/r8/internal/ff
instanceKlass com/android/tools/r8/internal/Ye
instanceKlass com/android/tools/r8/internal/kf
instanceKlass  @bci com/android/tools/r8/internal/q4 u (Lcom/android/tools/r8/graph/y1;)V 122 <appendix> argL0 ; # com/android/tools/r8/internal/q4$$Lambda+0x000001b9cc1996b0
instanceKlass  @bci com/android/tools/r8/internal/q4 u (Lcom/android/tools/r8/graph/y1;)V 57 <appendix> argL0 ; # com/android/tools/r8/internal/q4$$Lambda+0x000001b9cc1994a0
instanceKlass  @bci com/android/tools/r8/internal/q4 s (Lcom/android/tools/r8/graph/y1;)V 404 <appendix> argL0 ; # com/android/tools/r8/internal/q4$$Lambda+0x000001b9cc199290
instanceKlass  @bci com/android/tools/r8/internal/q4 s (Lcom/android/tools/r8/graph/y1;)V 336 <appendix> argL0 ; # com/android/tools/r8/internal/q4$$Lambda+0x000001b9cc199080
instanceKlass  @bci com/android/tools/r8/internal/q4 s (Lcom/android/tools/r8/graph/y1;)V 221 <appendix> argL0 ; # com/android/tools/r8/internal/q4$$Lambda+0x000001b9cc198e70
instanceKlass  @bci com/android/tools/r8/internal/q4 s (Lcom/android/tools/r8/graph/y1;)V 142 <appendix> argL0 ; # com/android/tools/r8/internal/q4$$Lambda+0x000001b9cc198c60
instanceKlass  @bci com/android/tools/r8/internal/q4 s (Lcom/android/tools/r8/graph/y1;)V 63 <appendix> argL0 ; # com/android/tools/r8/internal/q4$$Lambda+0x000001b9cc198a50
instanceKlass  @bci com/android/tools/r8/internal/q4 q (Lcom/android/tools/r8/graph/y1;)V 691 <appendix> argL0 ; # com/android/tools/r8/internal/q4$$Lambda+0x000001b9cc198840
instanceKlass  @bci com/android/tools/r8/internal/q4 q (Lcom/android/tools/r8/graph/y1;)V 634 <appendix> argL0 ; # com/android/tools/r8/internal/q4$$Lambda+0x000001b9cc198630
instanceKlass  @bci com/android/tools/r8/internal/q4 q (Lcom/android/tools/r8/graph/y1;)V 577 <appendix> argL0 ; # com/android/tools/r8/internal/q4$$Lambda+0x000001b9cc198420
instanceKlass  @bci com/android/tools/r8/internal/q4 q (Lcom/android/tools/r8/graph/y1;)V 520 <appendix> argL0 ; # com/android/tools/r8/internal/q4$$Lambda+0x000001b9cc198210
instanceKlass  @bci com/android/tools/r8/internal/q4 q (Lcom/android/tools/r8/graph/y1;)V 463 <appendix> argL0 ; # com/android/tools/r8/internal/q4$$Lambda+0x000001b9cc198000
instanceKlass  @bci com/android/tools/r8/internal/q4 q (Lcom/android/tools/r8/graph/y1;)V 399 <appendix> argL0 ; # com/android/tools/r8/internal/q4$$Lambda+0x000001b9cc194c00
instanceKlass  @bci com/android/tools/r8/internal/q4 q (Lcom/android/tools/r8/graph/y1;)V 297 <appendix> argL0 ; # com/android/tools/r8/internal/q4$$Lambda+0x000001b9cc195c60
instanceKlass  @bci com/android/tools/r8/internal/q4 q (Lcom/android/tools/r8/graph/y1;)V 194 <appendix> argL0 ; # com/android/tools/r8/internal/q4$$Lambda+0x000001b9cc195a50
instanceKlass  @bci com/android/tools/r8/internal/q4 q (Lcom/android/tools/r8/graph/y1;)V 87 <appendix> argL0 ; # com/android/tools/r8/internal/q4$$Lambda+0x000001b9cc195840
instanceKlass  @bci com/android/tools/r8/internal/q4 p (Lcom/android/tools/r8/graph/y1;)V 312 <appendix> argL0 ; # com/android/tools/r8/internal/q4$$Lambda+0x000001b9cc195630
instanceKlass  @bci com/android/tools/r8/internal/q4 p (Lcom/android/tools/r8/graph/y1;)V 232 <appendix> argL0 ; # com/android/tools/r8/internal/q4$$Lambda+0x000001b9cc195420
instanceKlass  @bci com/android/tools/r8/internal/q4 p (Lcom/android/tools/r8/graph/y1;)V 149 <appendix> argL0 ; # com/android/tools/r8/internal/q4$$Lambda+0x000001b9cc195210
instanceKlass  @bci com/android/tools/r8/internal/q4 p (Lcom/android/tools/r8/graph/y1;)V 73 <appendix> argL0 ; # com/android/tools/r8/internal/q4$$Lambda+0x000001b9cc195000
instanceKlass  @bci com/android/tools/r8/internal/q4 o (Lcom/android/tools/r8/graph/y1;)V 178 <appendix> argL0 ; # com/android/tools/r8/internal/q4$$Lambda+0x000001b9cc197cd0
instanceKlass  @bci com/android/tools/r8/internal/q4 o (Lcom/android/tools/r8/graph/y1;)V 123 <appendix> argL0 ; # com/android/tools/r8/internal/q4$$Lambda+0x000001b9cc197ac0
instanceKlass  @bci com/android/tools/r8/internal/q4 o (Lcom/android/tools/r8/graph/y1;)V 62 <appendix> argL0 ; # com/android/tools/r8/internal/q4$$Lambda+0x000001b9cc1978b0
instanceKlass  @bci com/android/tools/r8/internal/f10 a ()Lcom/android/tools/r8/internal/o4; 0 <appendix> argL0 ; # com/android/tools/r8/internal/f10$$Lambda+0x000001b9cc197690
instanceKlass com/android/tools/r8/internal/f10
instanceKlass  @bci com/android/tools/r8/internal/WV a ()Lcom/android/tools/r8/internal/o4; 0 <appendix> argL0 ; # com/android/tools/r8/internal/WV$$Lambda+0x000001b9cc197278
instanceKlass com/android/tools/r8/internal/WV
instanceKlass  @bci com/android/tools/r8/internal/q4 n (Lcom/android/tools/r8/graph/y1;)V 575 <appendix> argL0 ; # com/android/tools/r8/internal/q4$$Lambda+0x000001b9cc196e70
instanceKlass  @bci com/android/tools/r8/internal/q4 n (Lcom/android/tools/r8/graph/y1;)V 502 <appendix> argL0 ; # com/android/tools/r8/internal/q4$$Lambda+0x000001b9cc196c60
instanceKlass  @bci com/android/tools/r8/internal/q4 n (Lcom/android/tools/r8/graph/y1;)V 418 <appendix> argL0 ; # com/android/tools/r8/internal/q4$$Lambda+0x000001b9cc196a50
instanceKlass  @bci com/android/tools/r8/internal/q4 n (Lcom/android/tools/r8/graph/y1;)V 336 <appendix> argL0 ; # com/android/tools/r8/internal/q4$$Lambda+0x000001b9cc196840
instanceKlass  @bci com/android/tools/r8/internal/q4 n (Lcom/android/tools/r8/graph/y1;)V 262 <appendix> argL0 ; # com/android/tools/r8/internal/q4$$Lambda+0x000001b9cc196630
instanceKlass  @bci com/android/tools/r8/internal/q4 n (Lcom/android/tools/r8/graph/y1;)V 138 <appendix> argL0 ; # com/android/tools/r8/internal/q4$$Lambda+0x000001b9cc196420
instanceKlass  @bci com/android/tools/r8/internal/q4 n (Lcom/android/tools/r8/graph/y1;)V 60 <appendix> argL0 ; # com/android/tools/r8/internal/q4$$Lambda+0x000001b9cc196210
instanceKlass  @bci com/android/tools/r8/internal/q4 l (Lcom/android/tools/r8/graph/y1;)V 255 <appendix> argL0 ; # com/android/tools/r8/internal/q4$$Lambda+0x000001b9cc196000
instanceKlass  @bci com/android/tools/r8/internal/q4 l (Lcom/android/tools/r8/graph/y1;)V 190 <appendix> argL0 ; # com/android/tools/r8/internal/q4$$Lambda+0x000001b9cc193df0
instanceKlass  @bci com/android/tools/r8/internal/q4 l (Lcom/android/tools/r8/graph/y1;)V 125 <appendix> argL0 ; # com/android/tools/r8/internal/q4$$Lambda+0x000001b9cc193be0
instanceKlass  @bci com/android/tools/r8/internal/q4 l (Lcom/android/tools/r8/graph/y1;)V 63 <appendix> argL0 ; # com/android/tools/r8/internal/q4$$Lambda+0x000001b9cc1939d0
instanceKlass  @bci com/android/tools/r8/internal/q4 m (Lcom/android/tools/r8/graph/y1;)V 571 <appendix> argL0 ; # com/android/tools/r8/internal/q4$$Lambda+0x000001b9cc1937c0
instanceKlass  @bci com/android/tools/r8/internal/q4 m (Lcom/android/tools/r8/graph/y1;)V 511 <appendix> argL0 ; # com/android/tools/r8/internal/q4$$Lambda+0x000001b9cc1935b0
instanceKlass  @bci com/android/tools/r8/ir/optimize/l0 a (Lcom/android/tools/r8/internal/JE;I)V 15 <appendix> form vmentry <vmtarget> ; # java/lang/invoke/LambdaForm$DMH+0x000001b9cc194800
instanceKlass  @bci com/android/tools/r8/internal/q4 m (Lcom/android/tools/r8/graph/y1;)V 436 <appendix> member <vmtarget> ; # com/android/tools/r8/internal/q4$$Lambda+0x000001b9cc193398
instanceKlass  @cpi com/android/tools/r8/internal/q4 884 form vmentry <vmtarget> ; # java/lang/invoke/LambdaForm$DMH+0x000001b9cc194400
instanceKlass  @bci com/android/tools/r8/internal/q4 m (Lcom/android/tools/r8/graph/y1;)V 330 <appendix> argL0 ; # com/android/tools/r8/internal/q4$$Lambda+0x000001b9cc193188
instanceKlass  @bci com/android/tools/r8/internal/q4 m (Lcom/android/tools/r8/graph/y1;)V 261 <appendix> member <vmtarget> ; # com/android/tools/r8/internal/q4$$Lambda+0x000001b9cc192f78
instanceKlass  @bci com/android/tools/r8/internal/q4 m (Lcom/android/tools/r8/graph/y1;)V 158 <appendix> argL0 ; # com/android/tools/r8/internal/q4$$Lambda+0x000001b9cc192d68
instanceKlass  @bci com/android/tools/r8/internal/q4 m (Lcom/android/tools/r8/graph/y1;)V 89 <appendix> member <vmtarget> ; # com/android/tools/r8/internal/q4$$Lambda+0x000001b9cc192b58
instanceKlass  @cpi com/android/tools/r8/internal/q4 851 form vmentry <vmtarget> ; # java/lang/invoke/LambdaForm$DMH+0x000001b9cc194000
instanceKlass  @bci com/android/tools/r8/internal/Yb a (Ljava/lang/String;)Lcom/android/tools/r8/internal/o4; 1 <appendix> member <vmtarget> ; # com/android/tools/r8/internal/Yb$$Lambda+0x000001b9cc192930
instanceKlass com/android/tools/r8/internal/Yb
instanceKlass  @bci com/android/tools/r8/internal/vE a ()Lcom/android/tools/r8/internal/o4; 0 <appendix> argL0 ; # com/android/tools/r8/internal/vE$$Lambda+0x000001b9cc192518
instanceKlass com/android/tools/r8/internal/vE
instanceKlass  @bci com/android/tools/r8/internal/uE a ()Lcom/android/tools/r8/internal/o4; 0 <appendix> argL0 ; # com/android/tools/r8/internal/uE$$Lambda+0x000001b9cc192100
instanceKlass com/android/tools/r8/internal/uE
instanceKlass  @bci com/android/tools/r8/internal/q4 f (Lcom/android/tools/r8/graph/y1;)V 1661 <appendix> argL0 ; # com/android/tools/r8/internal/q4$$Lambda+0x000001b9cc191ef0
instanceKlass  @bci com/android/tools/r8/internal/q4 f (Lcom/android/tools/r8/graph/y1;)V 1589 <appendix> argL0 ; # com/android/tools/r8/internal/q4$$Lambda+0x000001b9cc191ce0
instanceKlass  @bci com/android/tools/r8/internal/q4 f (Lcom/android/tools/r8/graph/y1;)V 1510 <appendix> argL0 ; # com/android/tools/r8/internal/q4$$Lambda+0x000001b9cc191ad0
instanceKlass  @bci com/android/tools/r8/internal/q4 f (Lcom/android/tools/r8/graph/y1;)V 1449 <appendix> argL0 ; # com/android/tools/r8/internal/q4$$Lambda+0x000001b9cc1918c0
instanceKlass  @bci com/android/tools/r8/internal/q4 f (Lcom/android/tools/r8/graph/y1;)V 1368 <appendix> argL0 ; # com/android/tools/r8/internal/q4$$Lambda+0x000001b9cc1916b0
instanceKlass  @bci com/android/tools/r8/internal/q4 f (Lcom/android/tools/r8/graph/y1;)V 1302 <appendix> argL0 ; # com/android/tools/r8/internal/q4$$Lambda+0x000001b9cc1914a0
instanceKlass  @bci com/android/tools/r8/internal/q4 f (Lcom/android/tools/r8/graph/y1;)V 1220 <appendix> argL0 ; # com/android/tools/r8/internal/q4$$Lambda+0x000001b9cc191290
instanceKlass  @bci com/android/tools/r8/internal/q4 f (Lcom/android/tools/r8/graph/y1;)V 1145 <appendix> argL0 ; # com/android/tools/r8/internal/q4$$Lambda+0x000001b9cc191080
instanceKlass  @bci com/android/tools/r8/internal/q4 f (Lcom/android/tools/r8/graph/y1;)V 1062 <appendix> argL0 ; # com/android/tools/r8/internal/q4$$Lambda+0x000001b9cc190e70
instanceKlass  @bci com/android/tools/r8/internal/q4 f (Lcom/android/tools/r8/graph/y1;)V 982 <appendix> argL0 ; # com/android/tools/r8/internal/q4$$Lambda+0x000001b9cc190c60
instanceKlass  @bci com/android/tools/r8/internal/q4 f (Lcom/android/tools/r8/graph/y1;)V 907 <appendix> argL0 ; # com/android/tools/r8/internal/q4$$Lambda+0x000001b9cc190a50
instanceKlass  @bci com/android/tools/r8/internal/q4 f (Lcom/android/tools/r8/graph/y1;)V 826 <appendix> argL0 ; # com/android/tools/r8/internal/q4$$Lambda+0x000001b9cc190840
instanceKlass  @bci com/android/tools/r8/internal/q4 f (Lcom/android/tools/r8/graph/y1;)V 760 <appendix> argL0 ; # com/android/tools/r8/internal/q4$$Lambda+0x000001b9cc190630
instanceKlass  @bci com/android/tools/r8/internal/q4 f (Lcom/android/tools/r8/graph/y1;)V 678 <appendix> argL0 ; # com/android/tools/r8/internal/q4$$Lambda+0x000001b9cc190420
instanceKlass  @bci com/android/tools/r8/internal/q4 f (Lcom/android/tools/r8/graph/y1;)V 603 <appendix> argL0 ; # com/android/tools/r8/internal/q4$$Lambda+0x000001b9cc190210
instanceKlass  @bci com/android/tools/r8/internal/q4 f (Lcom/android/tools/r8/graph/y1;)V 528 <appendix> argL0 ; # com/android/tools/r8/internal/q4$$Lambda+0x000001b9cc190000
instanceKlass  @bci com/android/tools/r8/internal/q4 f (Lcom/android/tools/r8/graph/y1;)V 448 <appendix> argL0 ; # com/android/tools/r8/internal/q4$$Lambda+0x000001b9cc0ac400
instanceKlass  @bci com/android/tools/r8/internal/q4 f (Lcom/android/tools/r8/graph/y1;)V 368 <appendix> argL0 ; # com/android/tools/r8/internal/q4$$Lambda+0x000001b9cc0b0000
instanceKlass  @bci com/android/tools/r8/internal/q4 f (Lcom/android/tools/r8/graph/y1;)V 284 <appendix> argL0 ; # com/android/tools/r8/internal/q4$$Lambda+0x000001b9cc104000
instanceKlass  @bci com/android/tools/r8/internal/q4 f (Lcom/android/tools/r8/graph/y1;)V 210 <appendix> argL0 ; # com/android/tools/r8/internal/q4$$Lambda+0x000001b9cc105400
instanceKlass  @bci com/android/tools/r8/internal/q4 f (Lcom/android/tools/r8/graph/y1;)V 131 <appendix> argL0 ; # com/android/tools/r8/internal/q4$$Lambda+0x000001b9cc114400
instanceKlass  @bci com/android/tools/r8/internal/q4 f (Lcom/android/tools/r8/graph/y1;)V 57 <appendix> argL0 ; # com/android/tools/r8/internal/q4$$Lambda+0x000001b9cc114c00
instanceKlass  @bci com/android/tools/r8/internal/q4 e (Lcom/android/tools/r8/graph/y1;)V 109 <appendix> argL0 ; # com/android/tools/r8/internal/q4$$Lambda+0x000001b9cc115800
instanceKlass  @bci com/android/tools/r8/internal/q4 e (Lcom/android/tools/r8/graph/y1;)V 51 <appendix> argL0 ; # com/android/tools/r8/internal/q4$$Lambda+0x000001b9cc116000
instanceKlass  @bci com/android/tools/r8/internal/pg a ()Lcom/android/tools/r8/internal/o4; 0 <appendix> argL0 ; # com/android/tools/r8/internal/pg$$Lambda+0x000001b9cc117800
instanceKlass com/android/tools/r8/internal/pg
instanceKlass  @bci com/android/tools/r8/internal/q4 a (Lcom/android/tools/r8/graph/y1;Lcom/android/tools/r8/graph/E2;)V 338 <appendix> argL0 ; # com/android/tools/r8/internal/q4$$Lambda+0x000001b9cc0aca10
instanceKlass  @bci com/android/tools/r8/internal/q4 a (Lcom/android/tools/r8/graph/y1;Lcom/android/tools/r8/graph/E2;)V 280 <appendix> argL0 ; # com/android/tools/r8/internal/q4$$Lambda+0x000001b9cc0ac800
instanceKlass  @bci com/android/tools/r8/internal/q4 a (Lcom/android/tools/r8/graph/y1;Lcom/android/tools/r8/graph/E2;)V 222 <appendix> argL0 ; # com/android/tools/r8/internal/q4$$Lambda+0x000001b9cc0b0c20
instanceKlass  @bci com/android/tools/r8/internal/q4 a (Lcom/android/tools/r8/graph/y1;Lcom/android/tools/r8/graph/E2;)V 164 <appendix> argL0 ; # com/android/tools/r8/internal/q4$$Lambda+0x000001b9cc0b0a10
instanceKlass  @bci com/android/tools/r8/internal/q4 a (Lcom/android/tools/r8/graph/y1;Lcom/android/tools/r8/graph/E2;)V 106 <appendix> argL0 ; # com/android/tools/r8/internal/q4$$Lambda+0x000001b9cc0b0800
instanceKlass  @bci com/android/tools/r8/internal/q4 a (Lcom/android/tools/r8/graph/y1;Lcom/android/tools/r8/graph/E2;)V 48 <appendix> argL0 ; # com/android/tools/r8/internal/q4$$Lambda+0x000001b9cc104c20
instanceKlass  @bci com/android/tools/r8/internal/q4 c (Lcom/android/tools/r8/graph/y1;)V 2721 <appendix> argL0 ; # com/android/tools/r8/internal/q4$$Lambda+0x000001b9cc104a10
instanceKlass  @bci com/android/tools/r8/internal/q4 c (Lcom/android/tools/r8/graph/y1;)V 2650 <appendix> argL0 ; # com/android/tools/r8/internal/q4$$Lambda+0x000001b9cc104800
instanceKlass  @bci com/android/tools/r8/internal/q4 c (Lcom/android/tools/r8/graph/y1;)V 2575 <appendix> argL0 ; # com/android/tools/r8/internal/q4$$Lambda+0x000001b9cc105c20
instanceKlass  @bci com/android/tools/r8/internal/q4 c (Lcom/android/tools/r8/graph/y1;)V 2500 <appendix> argL0 ; # com/android/tools/r8/internal/q4$$Lambda+0x000001b9cc105a10
instanceKlass  @bci com/android/tools/r8/internal/q4 c (Lcom/android/tools/r8/graph/y1;)V 2430 <appendix> argL0 ; # com/android/tools/r8/internal/q4$$Lambda+0x000001b9cc105800
instanceKlass  @bci com/android/tools/r8/internal/q4 c (Lcom/android/tools/r8/graph/y1;)V 2360 <appendix> argL0 ; # com/android/tools/r8/internal/q4$$Lambda+0x000001b9cc18fdd0
instanceKlass  @bci com/android/tools/r8/internal/q4 c (Lcom/android/tools/r8/graph/y1;)V 2285 <appendix> argL0 ; # com/android/tools/r8/internal/q4$$Lambda+0x000001b9cc18fbc0
instanceKlass  @bci com/android/tools/r8/internal/q4 c (Lcom/android/tools/r8/graph/y1;)V 2210 <appendix> argL0 ; # com/android/tools/r8/internal/q4$$Lambda+0x000001b9cc18f9b0
instanceKlass  @bci com/android/tools/r8/internal/q4 c (Lcom/android/tools/r8/graph/y1;)V 2135 <appendix> argL0 ; # com/android/tools/r8/internal/q4$$Lambda+0x000001b9cc18f7a0
instanceKlass  @bci com/android/tools/r8/internal/q4 c (Lcom/android/tools/r8/graph/y1;)V 2060 <appendix> argL0 ; # com/android/tools/r8/internal/q4$$Lambda+0x000001b9cc18f590
instanceKlass  @bci com/android/tools/r8/internal/q4 c (Lcom/android/tools/r8/graph/y1;)V 1985 <appendix> argL0 ; # com/android/tools/r8/internal/q4$$Lambda+0x000001b9cc18f380
instanceKlass  @bci com/android/tools/r8/internal/q4 c (Lcom/android/tools/r8/graph/y1;)V 1910 <appendix> argL0 ; # com/android/tools/r8/internal/q4$$Lambda+0x000001b9cc18f170
instanceKlass  @bci com/android/tools/r8/internal/q4 c (Lcom/android/tools/r8/graph/y1;)V 1835 <appendix> argL0 ; # com/android/tools/r8/internal/q4$$Lambda+0x000001b9cc18ef60
instanceKlass  @bci com/android/tools/r8/internal/q4 c (Lcom/android/tools/r8/graph/y1;)V 1447 <appendix> argL0 ; # com/android/tools/r8/internal/q4$$Lambda+0x000001b9cc18ed50
instanceKlass  @bci com/android/tools/r8/internal/L5 a (Lcom/android/tools/r8/internal/r8;)Lcom/android/tools/r8/internal/o4; 1 <appendix> member <vmtarget> ; # com/android/tools/r8/internal/L5$$Lambda+0x000001b9cc18eb28
instanceKlass com/android/tools/r8/internal/L5
instanceKlass  @bci com/android/tools/r8/internal/q4 c (Lcom/android/tools/r8/graph/y1;)V 1157 <appendix> argL0 ; # com/android/tools/r8/internal/q4$$Lambda+0x000001b9cc18e720
instanceKlass  @bci com/android/tools/r8/internal/q4 c (Lcom/android/tools/r8/graph/y1;)V 1079 <appendix> argL0 ; # com/android/tools/r8/internal/q4$$Lambda+0x000001b9cc18e510
instanceKlass  @bci com/android/tools/r8/internal/oj a ()Lcom/android/tools/r8/internal/o4; 0 <appendix> argL0 ; # com/android/tools/r8/internal/oj$$Lambda+0x000001b9cc18e2f0
instanceKlass com/android/tools/r8/internal/oj
instanceKlass  @bci com/android/tools/r8/internal/q4 c (Lcom/android/tools/r8/graph/y1;)V 735 <appendix> argL0 ; # com/android/tools/r8/internal/q4$$Lambda+0x000001b9cc18dee8
instanceKlass  @bci com/android/tools/r8/internal/q4 c (Lcom/android/tools/r8/graph/y1;)V 457 <appendix> argL0 ; # com/android/tools/r8/internal/q4$$Lambda+0x000001b9cc18dcd8
instanceKlass com/android/tools/r8/internal/x4
instanceKlass com/android/tools/r8/internal/t4
instanceKlass  @bci com/android/tools/r8/internal/KI a ()Lcom/android/tools/r8/internal/o4; 0 <appendix> argL0 ; # com/android/tools/r8/internal/KI$$Lambda+0x000001b9cc18d6d0
instanceKlass  @bci com/android/tools/r8/internal/KI b ()Lcom/android/tools/r8/internal/o4; 0 <appendix> argL0 ; # com/android/tools/r8/internal/KI$$Lambda+0x000001b9cc18d4b0
instanceKlass com/android/tools/r8/internal/KI
instanceKlass com/android/tools/r8/internal/l4
instanceKlass com/android/tools/r8/internal/o4
instanceKlass com/android/tools/r8/internal/p4
instanceKlass com/android/tools/r8/internal/q4
instanceKlass com/android/tools/r8/internal/j4
instanceKlass com/android/tools/r8/internal/w4
instanceKlass com/android/tools/r8/internal/ZG
instanceKlass com/android/tools/r8/internal/XG
instanceKlass java/util/Collections$2
instanceKlass  @bci com/android/tools/r8/internal/Vl <init> (Lcom/android/tools/r8/graph/w;)V 273 <appendix> member <vmtarget> ; # com/android/tools/r8/internal/Vl$$Lambda+0x000001b9cc18b138
instanceKlass com/android/tools/r8/internal/Nk
instanceKlass com/android/tools/r8/ir/optimize/K
instanceKlass  @bci com/android/tools/r8/ir/optimize/f <init> (Lcom/android/tools/r8/graph/w;)V 93 <appendix> member <vmtarget> ; # com/android/tools/r8/ir/optimize/f$$Lambda+0x000001b9cc18a4c0
instanceKlass com/android/tools/r8/ir/optimize/d
instanceKlass com/android/tools/r8/ir/optimize/e
instanceKlass com/android/tools/r8/internal/f20
instanceKlass com/android/tools/r8/ir/optimize/E
instanceKlass com/android/tools/r8/internal/lY
instanceKlass com/android/tools/r8/ir/optimize/w
instanceKlass com/android/tools/r8/ir/optimize/b
instanceKlass com/android/tools/r8/ir/optimize/x
instanceKlass com/android/tools/r8/graph/d
instanceKlass com/android/tools/r8/shaking/j
instanceKlass com/android/tools/r8/graph/n5
instanceKlass com/android/tools/r8/graph/k5
instanceKlass com/android/tools/r8/shaking/i1
instanceKlass com/android/tools/r8/internal/H0
instanceKlass com/android/tools/r8/internal/QI
instanceKlass com/android/tools/r8/graph/C4
instanceKlass com/android/tools/r8/internal/na
instanceKlass com/android/tools/r8/internal/Qd
instanceKlass com/android/tools/r8/internal/us
instanceKlass com/android/tools/r8/internal/Q8
instanceKlass com/android/tools/r8/internal/xf
instanceKlass com/android/tools/r8/internal/zf
instanceKlass com/android/tools/r8/internal/Bf
instanceKlass com/android/tools/r8/internal/zs
instanceKlass com/android/tools/r8/internal/qf
instanceKlass com/android/tools/r8/internal/of
instanceKlass com/android/tools/r8/graph/V2
instanceKlass com/android/tools/r8/internal/JL
instanceKlass com/android/tools/r8/internal/sn
instanceKlass com/android/tools/r8/internal/g20
instanceKlass com/android/tools/r8/ir/optimize/W
instanceKlass com/android/tools/r8/internal/wF
instanceKlass com/android/tools/r8/ir/optimize/L0
instanceKlass com/android/tools/r8/ir/optimize/y0
instanceKlass com/android/tools/r8/internal/Ao
instanceKlass com/android/tools/r8/internal/rh
instanceKlass com/android/tools/r8/ir/optimize/c
instanceKlass com/android/tools/r8/internal/ko
instanceKlass com/android/tools/r8/internal/qz
instanceKlass com/android/tools/r8/internal/o
instanceKlass com/android/tools/r8/internal/Lo
instanceKlass com/android/tools/r8/internal/gH
instanceKlass com/android/tools/r8/internal/p6
instanceKlass com/android/tools/r8/internal/Q1
instanceKlass com/android/tools/r8/internal/Ui
instanceKlass com/android/tools/r8/internal/io
instanceKlass com/android/tools/r8/internal/Wh
instanceKlass com/android/tools/r8/internal/cF
instanceKlass com/android/tools/r8/internal/KC
instanceKlass com/android/tools/r8/internal/Ib
instanceKlass com/android/tools/r8/internal/Rf
instanceKlass com/android/tools/r8/internal/BF
instanceKlass com/android/tools/r8/internal/uF
instanceKlass com/android/tools/r8/internal/KE
instanceKlass com/android/tools/r8/internal/mh
instanceKlass com/android/tools/r8/internal/mL
instanceKlass com/android/tools/r8/internal/f8
instanceKlass com/android/tools/r8/internal/Vl
instanceKlass com/android/tools/r8/internal/LL
instanceKlass com/android/tools/r8/internal/S1
instanceKlass com/android/tools/r8/internal/vo
instanceKlass com/android/tools/r8/internal/B4
instanceKlass com/android/tools/r8/internal/Lk
instanceKlass com/android/tools/r8/internal/P20
instanceKlass com/android/tools/r8/internal/z9
instanceKlass com/android/tools/r8/internal/N7
instanceKlass com/android/tools/r8/internal/Fp
instanceKlass com/android/tools/r8/internal/Qr
instanceKlass com/android/tools/r8/internal/y
instanceKlass com/android/tools/r8/internal/Mp
instanceKlass com/android/tools/r8/internal/JM
instanceKlass com/android/tools/r8/internal/Ej
instanceKlass com/android/tools/r8/internal/mN
instanceKlass com/android/tools/r8/internal/Tn
instanceKlass com/android/tools/r8/internal/Pn
instanceKlass com/android/tools/r8/internal/ls
instanceKlass com/android/tools/r8/internal/tq
instanceKlass com/android/tools/r8/internal/L7$a
instanceKlass  @bci java/util/ArrayDeque copyElements (Ljava/util/Collection;)V 2 <appendix> member <vmtarget> ; # java/util/ArrayDeque$$Lambda+0x000001b9cc0c1e20
instanceKlass com/android/tools/r8/internal/o9
instanceKlass com/android/tools/r8/position/TextRange
instanceKlass com/android/tools/r8/internal/x
instanceKlass com/android/tools/r8/internal/yV
instanceKlass com/android/tools/r8/internal/J6
instanceKlass com/android/tools/r8/internal/C4
instanceKlass com/android/tools/r8/position/TextPosition
instanceKlass com/android/tools/r8/internal/rq
instanceKlass com/android/tools/r8/internal/Np
instanceKlass com/android/tools/r8/utils/structural/u
instanceKlass com/android/tools/r8/internal/VV
instanceKlass com/android/tools/r8/graph/U5
instanceKlass com/android/tools/r8/graph/E$a
instanceKlass  @bci com/android/tools/r8/graph/j4 a (Lcom/android/tools/r8/graph/g0;)Lcom/android/tools/r8/graph/g0; 6 <appendix> member <vmtarget> ; # com/android/tools/r8/graph/j4$$Lambda+0x000001b9cc15adc8
instanceKlass com/android/tools/r8/graph/g0
instanceKlass com/android/tools/r8/internal/W6
instanceKlass com/android/tools/r8/internal/S7
instanceKlass com/android/tools/r8/internal/I
instanceKlass com/android/tools/r8/internal/t1
instanceKlass com/android/tools/r8/internal/DZ
instanceKlass com/android/tools/r8/internal/n9
instanceKlass com/android/tools/r8/dex/code/d
instanceKlass com/android/tools/r8/dex/code/b
# instanceKlass com/android/tools/r8/graph/j4$$Lambda+0x000001b9cc155b98
# instanceKlass com/android/tools/r8/graph/j4$$Lambda+0x000001b9cc155968
# instanceKlass com/android/tools/r8/graph/j4$$Lambda+0x000001b9cc155738
instanceKlass  @bci com/android/tools/r8/graph/j4 b (Lcom/android/tools/r8/internal/OA;)Lcom/android/tools/r8/internal/o8; 5 <appendix> argL0 ; # com/android/tools/r8/graph/j4$$Lambda+0x000001b9cc155508
instanceKlass com/android/tools/r8/internal/Yr
instanceKlass com/android/tools/r8/internal/Mr
instanceKlass com/android/tools/r8/internal/Tr
# instanceKlass com/android/tools/r8/graph/f4$$Lambda+0x000001b9cc154d20
# instanceKlass com/android/tools/r8/graph/f4$$Lambda+0x000001b9cc154b08
# instanceKlass com/android/tools/r8/graph/f4$$Lambda+0x000001b9cc1548f0
instanceKlass  @bci com/android/tools/r8/graph/f4 a (ILjava/lang/String;Ljava/lang/String;Ljava/lang/String;[Ljava/lang/String;)Lcom/android/tools/r8/internal/FF; 84 <appendix> member <vmtarget> ; # com/android/tools/r8/graph/f4$$Lambda+0x000001b9cc14fdc8
instanceKlass com/android/tools/r8/internal/KM
instanceKlass com/android/tools/r8/internal/Fj
instanceKlass com/android/tools/r8/internal/Xr
instanceKlass com/android/tools/r8/internal/A9
instanceKlass com/android/tools/r8/internal/vM
instanceKlass com/android/tools/r8/internal/vM$a
instanceKlass com/android/tools/r8/graph/h4
instanceKlass com/android/tools/r8/internal/bL
instanceKlass com/android/tools/r8/utils/J1
instanceKlass  @bci com/android/tools/r8/graph/K4 k ()Ljava/util/Iterator; 16 <appendix> member <vmtarget> ; # com/android/tools/r8/graph/K4$$Lambda+0x000001b9cc1487f0
instanceKlass com/android/tools/r8/internal/SR
instanceKlass com/android/tools/r8/internal/GR
instanceKlass  @cpi com/android/tools/r8/graph/q5 139 form vmentry <vmtarget> ; # java/lang/invoke/LambdaForm$DMH+0x000001b9cc14c000
# instanceKlass com/android/tools/r8/graph/k4$$Lambda+0x000001b9cc1481f8
instanceKlass com/android/tools/r8/graph/g4
# instanceKlass com/android/tools/r8/graph/k4$$Lambda+0x000001b9cc147db0
instanceKlass  @bci com/android/tools/r8/graph/k4 H ()Lcom/android/tools/r8/graph/E; 12 <appendix> member <vmtarget> ; # com/android/tools/r8/graph/k4$$Lambda+0x000001b9cc147b98
instanceKlass  @bci com/android/tools/r8/graph/K4 c ()Ljava/lang/Iterable; 1 <appendix> member <vmtarget> ; # com/android/tools/r8/graph/K4$$Lambda+0x000001b9cc146440
instanceKlass  @bci com/android/tools/r8/ir/optimize/c0 a (Lcom/android/tools/r8/internal/Ko;)Z 246 <adapter> ; # java/lang/invoke/LambdaForm$MH+0x000001b9cc145c00
# instanceKlass java/lang/invoke/LambdaForm$DMH+0x000001b9cc145800
instanceKlass  @bci com/android/tools/r8/ir/optimize/c0 a (Lcom/android/tools/r8/internal/Ko;)Z 246 <appendix> form vmentry <vmtarget> ; # java/lang/invoke/LambdaForm$DMH+0x000001b9cc145400
instanceKlass  @bci com/android/tools/r8/utils/f3 a (Lcom/android/tools/r8/utils/m1;Ljava/util/List;Ljava/util/concurrent/ExecutorService;Lcom/android/tools/r8/utils/q3;Ljava/lang/Object;)V 9 <appendix> member <vmtarget> ; # com/android/tools/r8/utils/f3$$Lambda+0x000001b9cc146228
instanceKlass  @bci com/android/tools/r8/internal/Ez a (Ljava/util/function/Consumer;Lcom/android/tools/r8/graph/w;)Z 19 <appendix> form vmentry <vmtarget> ; # java/lang/invoke/LambdaForm$DMH+0x000001b9cc145000
instanceKlass  @bci com/android/tools/r8/utils/f3 a (Lcom/android/tools/r8/utils/d1;Lcom/android/tools/r8/utils/q3;Ljava/util/concurrent/ExecutorService;)Ljava/util/ArrayList; 24 <appendix> member <vmtarget> ; # com/android/tools/r8/utils/f3$$Lambda+0x000001b9cc146000
instanceKlass  @cpi com/android/tools/r8/internal/Ez 124 form vmentry <vmtarget> ; # java/lang/invoke/LambdaForm$DMH+0x000001b9cc144c00
instanceKlass com/android/tools/r8/utils/m1
instanceKlass  @bci com/android/tools/r8/utils/f3 a (Lcom/android/tools/r8/utils/d1;Lcom/android/tools/r8/utils/p3;Ljava/util/concurrent/ExecutorService;)V 2 <appendix> member <vmtarget> ; # com/android/tools/r8/utils/f3$$Lambda+0x000001b9cc143b20
instanceKlass com/android/tools/r8/utils/q3
instanceKlass  @bci com/android/tools/r8/utils/f3 a (Ljava/util/Collection;Lcom/android/tools/r8/utils/T1;Ljava/util/concurrent/ExecutorService;Lcom/android/tools/r8/utils/f3$a;)V 25 <appendix> member <vmtarget> ; # com/android/tools/r8/utils/f3$$Lambda+0x000001b9cc143718
instanceKlass  @cpi com/android/tools/r8/utils/f3 82 form vmentry <vmtarget> ; # java/lang/invoke/LambdaForm$DMH+0x000001b9cc144800
instanceKlass com/android/tools/r8/utils/p3
instanceKlass  @bci com/android/tools/r8/utils/f3 a (Ljava/util/Collection;Lcom/android/tools/r8/utils/T1;Ljava/util/concurrent/ExecutorService;Lcom/android/tools/r8/utils/f3$a;)V 14 <appendix> member <vmtarget> ; # com/android/tools/r8/utils/f3$$Lambda+0x000001b9cc143310
instanceKlass  @cpi com/android/tools/r8/utils/f3 68 form vmentry <vmtarget> ; # java/lang/invoke/LambdaForm$DMH+0x000001b9cc144400
instanceKlass com/android/tools/r8/utils/d1
instanceKlass  @bci com/android/tools/r8/utils/f3 a (Ljava/util/Collection;Ljava/util/function/Consumer;Ljava/util/concurrent/ExecutorService;)V 2 <appendix> member <vmtarget> ; # com/android/tools/r8/utils/f3$$Lambda+0x000001b9cc142cd0
instanceKlass  @cpi com/android/tools/r8/utils/f3 41 form vmentry <vmtarget> ; # java/lang/invoke/LambdaForm$DMH+0x000001b9cc144000
instanceKlass com/android/tools/r8/utils/T1
instanceKlass  @bci com/android/tools/r8/D8 d (Lcom/android/tools/r8/utils/p;Lcom/android/tools/r8/utils/A1;Ljava/util/concurrent/ExecutorService;)V 221 <appendix> member <vmtarget> ; # com/android/tools/r8/D8$$Lambda+0x000001b9cc1428b8
instanceKlass  @bci java/util/stream/Collectors toList ()Ljava/util/stream/Collector; 14 <appendix> argL0 ; # java/util/stream/Collectors$$Lambda+0x000001b9cc0c1998
instanceKlass  @bci java/util/stream/Collectors toList ()Ljava/util/stream/Collector; 9 <appendix> argL0 ; # java/util/stream/Collectors$$Lambda+0x000001b9cc0c1778
instanceKlass  @bci java/util/stream/Collectors toList ()Ljava/util/stream/Collector; 4 <appendix> argL0 ; # java/util/stream/Collectors$$Lambda+0x000001b9cc0c1568
instanceKlass  @bci com/android/tools/r8/internal/ua <init> (Lcom/android/tools/r8/graph/w;)V 50 <appendix> member <vmtarget> ; # com/android/tools/r8/internal/ua$$Lambda+0x000001b9cc142680
instanceKlass com/android/tools/r8/references/MethodReference
instanceKlass com/android/tools/r8/internal/d8
instanceKlass com/android/tools/r8/dex/code/c
instanceKlass com/android/tools/r8/ir/optimize/info/m
instanceKlass com/android/tools/r8/internal/oF
instanceKlass com/android/tools/r8/internal/Ki
instanceKlass com/android/tools/r8/internal/Yg
instanceKlass com/android/tools/r8/internal/bh
instanceKlass com/android/tools/r8/internal/qR
instanceKlass com/android/tools/r8/internal/h1
instanceKlass com/android/tools/r8/internal/oR
instanceKlass com/android/tools/r8/internal/Li
instanceKlass com/android/tools/r8/ir/optimize/f
instanceKlass  @bci com/android/tools/r8/graph/m4 k ()Ljava/util/ArrayList; 5 <appendix> argL0 ; # com/android/tools/r8/graph/m4$$Lambda+0x000001b9cc139258
instanceKlass com/android/tools/r8/synthesis/b
instanceKlass com/android/tools/r8/internal/bf
instanceKlass  @bci com/android/tools/r8/utils/a2 a (Ljava/util/function/Supplier;)Ljava/util/function/Function; 1 <appendix> member <vmtarget> ; # com/android/tools/r8/utils/a2$$Lambda+0x000001b9cc131628
instanceKlass  @bci com/android/tools/r8/shaking/k a (Lcom/android/tools/r8/graph/n2;)Lcom/android/tools/r8/internal/b4; 5 <appendix> argL0 ; # com/android/tools/r8/shaking/k$$Lambda+0x000001b9cc131418
instanceKlass com/android/tools/r8/internal/c4
instanceKlass  @bci com/android/tools/r8/graph/w <init> (Lcom/android/tools/r8/graph/h;Lcom/android/tools/r8/internal/J3;Lcom/android/tools/r8/internal/GW;ILcom/android/tools/r8/internal/U00;Lcom/android/tools/r8/utils/A3;)V 511 <appendix> member <vmtarget> ; # com/android/tools/r8/graph/w$$Lambda+0x000001b9cc131000
instanceKlass  @bci com/android/tools/r8/internal/o2 <init> (Ljava/util/List;Lcom/android/tools/r8/utils/A1;Lcom/android/tools/r8/DiagnosticsHandler;)V 38 <appendix> member <vmtarget> ; # com/android/tools/r8/internal/o2$$Lambda+0x000001b9cc133db8
instanceKlass com/android/tools/r8/internal/o2
instanceKlass com/android/tools/r8/internal/n2
instanceKlass  @bci com/android/tools/r8/utils/j0 a (Ljava/util/function/BiFunction;Ljava/util/function/Consumer;)Ljava/util/function/BiConsumer; 2 <appendix> member <vmtarget> ; # com/android/tools/r8/utils/j0$$Lambda+0x000001b9cc133758
instanceKlass  @bci com/android/tools/r8/androidapi/c a (Lcom/android/tools/r8/graph/w;Lcom/android/tools/r8/androidapi/a;)Lcom/android/tools/r8/androidapi/c; 42 <appendix> member <vmtarget> ; # com/android/tools/r8/androidapi/c$$Lambda+0x000001b9cc133530
instanceKlass  @bci com/android/tools/r8/androidapi/c a (Lcom/android/tools/r8/graph/w;Lcom/android/tools/r8/androidapi/a;)Lcom/android/tools/r8/androidapi/c; 36 <appendix> argL0 ; # com/android/tools/r8/androidapi/c$$Lambda+0x000001b9cc133310
instanceKlass  @cpi com/android/tools/r8/internal/q4 395 form vmentry <vmtarget> ; # java/lang/invoke/LambdaForm$DMH+0x000001b9cc130800
instanceKlass com/android/tools/r8/internal/l2
instanceKlass com/android/tools/r8/internal/m2
instanceKlass com/android/tools/r8/androidapi/c
instanceKlass com/android/tools/r8/androidapi/f$a
instanceKlass  @bci com/android/tools/r8/graph/w <init> (Lcom/android/tools/r8/graph/h;Lcom/android/tools/r8/internal/J3;Lcom/android/tools/r8/internal/GW;ILcom/android/tools/r8/internal/U00;Lcom/android/tools/r8/utils/A3;)V 490 <appendix> member <vmtarget> ; # com/android/tools/r8/graph/w$$Lambda+0x000001b9cc132000
instanceKlass com/android/tools/r8/androidapi/a
instanceKlass  @bci com/android/tools/r8/graph/w <init> (Lcom/android/tools/r8/graph/h;Lcom/android/tools/r8/internal/J3;Lcom/android/tools/r8/internal/GW;ILcom/android/tools/r8/internal/U00;Lcom/android/tools/r8/utils/A3;)V 469 <appendix> member <vmtarget> ; # com/android/tools/r8/graph/w$$Lambda+0x000001b9cc137a40
instanceKlass com/android/tools/r8/internal/oQ
instanceKlass  @bci com/android/tools/r8/internal/GB a ()V 43 <appendix> member <vmtarget> ; # com/android/tools/r8/internal/GB$$Lambda+0x000001b9cc137618
instanceKlass  @bci com/android/tools/r8/internal/GB <init> (Lcom/android/tools/r8/graph/w;Lcom/android/tools/r8/utils/A3;)V 164 <appendix> member <vmtarget> ; # com/android/tools/r8/internal/GB$$Lambda+0x000001b9cc137400
instanceKlass com/android/tools/r8/utils/g3
instanceKlass com/android/tools/r8/internal/HB
instanceKlass com/android/tools/r8/internal/GX
instanceKlass com/android/tools/r8/internal/Do
instanceKlass com/android/tools/r8/internal/vi
instanceKlass com/android/tools/r8/internal/TW
instanceKlass com/android/tools/r8/internal/IB
instanceKlass  @bci com/android/tools/r8/graph/w <init> (Lcom/android/tools/r8/graph/h;Lcom/android/tools/r8/internal/J3;Lcom/android/tools/r8/internal/GW;ILcom/android/tools/r8/internal/U00;Lcom/android/tools/r8/utils/A3;)V 448 <appendix> member <vmtarget> ; # com/android/tools/r8/graph/w$$Lambda+0x000001b9cc12e300
instanceKlass com/android/tools/r8/internal/GB
instanceKlass  @bci com/android/tools/r8/internal/KB a (Lcom/android/tools/r8/graph/w;Lcom/android/tools/r8/graph/y1;)Lcom/android/tools/r8/internal/Im; 128 <appendix> member <vmtarget> ; # com/android/tools/r8/internal/KB$$Lambda+0x000001b9cc12deb8
instanceKlass  @bci com/android/tools/r8/internal/KB a (Lcom/android/tools/r8/graph/w;Lcom/android/tools/r8/graph/y1;)Lcom/android/tools/r8/internal/Im; 82 <appendix> member <vmtarget> ; # com/android/tools/r8/internal/KB$$Lambda+0x000001b9cc12dc70
instanceKlass  @cpi com/android/tools/r8/internal/Uz 188 form vmentry <vmtarget> ; # java/lang/invoke/LambdaForm$DMH+0x000001b9cc130400
instanceKlass  @bci com/android/tools/r8/internal/KB a (Lcom/android/tools/r8/graph/w;Lcom/android/tools/r8/graph/y1;)Lcom/android/tools/r8/internal/Im; 62 <appendix> member <vmtarget> ; # com/android/tools/r8/internal/KB$$Lambda+0x000001b9cc12da28
instanceKlass  @bci com/android/tools/r8/internal/KB a (Lcom/android/tools/r8/graph/w;Lcom/android/tools/r8/graph/y1;)Lcom/android/tools/r8/internal/Im; 45 <appendix> argL0 ; # com/android/tools/r8/internal/KB$$Lambda+0x000001b9cc12d7e8
instanceKlass  @bci com/android/tools/r8/internal/KB a (Lcom/android/tools/r8/graph/w;Lcom/android/tools/r8/graph/y1;)Lcom/android/tools/r8/internal/Im; 28 <appendix> member <vmtarget> ; # com/android/tools/r8/internal/KB$$Lambda+0x000001b9cc12d5a0
instanceKlass  @cpi com/android/tools/r8/graph/q5 263 form vmentry <vmtarget> ; # java/lang/invoke/LambdaForm$DMH+0x000001b9cc130000
instanceKlass  @bci com/android/tools/r8/internal/KB a (Lcom/android/tools/r8/graph/w;Lcom/android/tools/r8/graph/y1;)Lcom/android/tools/r8/internal/Im; 11 <appendix> argL0 ; # com/android/tools/r8/internal/KB$$Lambda+0x000001b9cc12d360
instanceKlass  @bci com/android/tools/r8/graph/w <init> (Lcom/android/tools/r8/graph/h;Lcom/android/tools/r8/internal/J3;Lcom/android/tools/r8/internal/GW;ILcom/android/tools/r8/internal/U00;Lcom/android/tools/r8/utils/A3;)V 425 <appendix> member <vmtarget> ; # com/android/tools/r8/graph/w$$Lambda+0x000001b9cc12cba8
instanceKlass com/android/tools/r8/internal/KB
instanceKlass  @bci com/android/tools/r8/graph/w <init> (Lcom/android/tools/r8/graph/h;Lcom/android/tools/r8/internal/J3;Lcom/android/tools/r8/internal/GW;ILcom/android/tools/r8/internal/U00;Lcom/android/tools/r8/utils/A3;)V 339 <appendix> argL0 ; # com/android/tools/r8/graph/w$$Lambda+0x000001b9cc12c798
instanceKlass com/android/tools/r8/internal/Kn
instanceKlass  @bci com/android/tools/r8/graph/w <init> (Lcom/android/tools/r8/graph/h;Lcom/android/tools/r8/internal/J3;Lcom/android/tools/r8/internal/GW;ILcom/android/tools/r8/internal/U00;Lcom/android/tools/r8/utils/A3;)V 319 <appendix> member <vmtarget> ; # com/android/tools/r8/graph/w$$Lambda+0x000001b9cc12bd58
instanceKlass com/android/tools/r8/internal/lg
instanceKlass  @bci com/android/tools/r8/graph/w <init> (Lcom/android/tools/r8/graph/h;Lcom/android/tools/r8/internal/J3;Lcom/android/tools/r8/internal/GW;ILcom/android/tools/r8/internal/U00;Lcom/android/tools/r8/utils/A3;)V 224 <appendix> member <vmtarget> ; # com/android/tools/r8/graph/w$$Lambda+0x000001b9cc12b938
instanceKlass com/android/tools/r8/internal/uc
instanceKlass com/android/tools/r8/internal/Cg
instanceKlass com/android/tools/r8/internal/d5
instanceKlass com/android/tools/r8/internal/Z4
instanceKlass com/android/tools/r8/internal/V4
instanceKlass com/android/tools/r8/internal/X4
instanceKlass com/android/tools/r8/internal/ol
instanceKlass com/android/tools/r8/internal/ME
instanceKlass com/android/tools/r8/internal/wI
instanceKlass com/android/tools/r8/internal/Lp
instanceKlass com/android/tools/r8/internal/Ko
instanceKlass com/android/tools/r8/internal/K00
instanceKlass com/android/tools/r8/internal/Oo
instanceKlass com/android/tools/r8/internal/t
instanceKlass com/android/tools/r8/internal/oV
instanceKlass com/android/tools/r8/internal/jo
instanceKlass com/android/tools/r8/internal/y1
instanceKlass com/android/tools/r8/internal/Sf
instanceKlass com/android/tools/r8/internal/xE
instanceKlass  @bci com/android/tools/r8/shaking/k a (Ljava/util/function/BiConsumer;)V 5 <appendix> member <vmtarget> ; # com/android/tools/r8/shaking/k$$Lambda+0x000001b9cc126200
instanceKlass com/android/tools/r8/internal/b4
instanceKlass  @bci com/android/tools/r8/utils/a2 a (Lcom/android/tools/r8/utils/F;I)Ljava/util/IdentityHashMap; 11 <appendix> member <vmtarget> ; # com/android/tools/r8/utils/a2$$Lambda+0x000001b9cc123cd0
instanceKlass  @cpi com/android/tools/r8/utils/a2 108 form vmentry <vmtarget> ; # java/lang/invoke/LambdaForm$DMH+0x000001b9cc124000
instanceKlass com/android/tools/r8/utils/a2
instanceKlass  @bci com/android/tools/r8/shaking/k a ()Lcom/android/tools/r8/shaking/l; 5 <appendix> member <vmtarget> ; # com/android/tools/r8/shaking/k$$Lambda+0x000001b9cc1238c0
instanceKlass com/android/tools/r8/utils/F
instanceKlass com/android/tools/r8/shaking/k
instanceKlass com/android/tools/r8/internal/MK
instanceKlass com/android/tools/r8/shaking/l
instanceKlass com/android/tools/r8/startup/StartupProfileBuilder
instanceKlass com/android/tools/r8/utils/M
instanceKlass  @bci com/android/tools/r8/internal/R3 a ()Ljava/util/List; 52 <appendix> argL0 ; # com/android/tools/r8/internal/R3$$Lambda+0x000001b9cc1224d8
instanceKlass com/android/tools/r8/profile/art/ArtProfileBuilder
instanceKlass com/android/tools/r8/shaking/d4
instanceKlass com/android/tools/r8/internal/Dk
instanceKlass com/android/tools/r8/internal/oc
instanceKlass com/android/tools/r8/internal/U4
instanceKlass com/android/tools/r8/internal/J3
instanceKlass com/android/tools/r8/internal/cL
instanceKlass  @bci com/android/tools/r8/D8 a (Lcom/android/tools/r8/utils/p;Lcom/android/tools/r8/utils/A1;Ljava/util/concurrent/ExecutorService;Lcom/android/tools/r8/utils/A3;)Lcom/android/tools/r8/graph/w; 72 <appendix> member <vmtarget> ; # com/android/tools/r8/D8$$Lambda+0x000001b9cc119860
instanceKlass com/android/tools/r8/utils/K
instanceKlass com/android/tools/r8/synthesis/z
instanceKlass com/android/tools/r8/synthesis/l
instanceKlass com/android/tools/r8/SyntheticInfoConsumerData
instanceKlass com/android/tools/r8/synthesis/d
instanceKlass com/android/tools/r8/synthesis/U
instanceKlass com/android/tools/r8/synthesis/T
instanceKlass com/android/tools/r8/synthesis/m
instanceKlass com/android/tools/r8/synthesis/a
instanceKlass com/android/tools/r8/synthesis/c
instanceKlass com/android/tools/r8/graph/P5
instanceKlass com/android/tools/r8/graph/z4
instanceKlass com/android/tools/r8/shaking/L1
instanceKlass com/android/tools/r8/shaking/N1
instanceKlass  @bci com/android/tools/r8/synthesis/y e ()Lcom/android/tools/r8/synthesis/y; 7 <appendix> member <vmtarget> ; # com/android/tools/r8/synthesis/y$$Lambda+0x000001b9cc11e7f0
instanceKlass com/android/tools/r8/synthesis/D
instanceKlass com/android/tools/r8/synthesis/n
instanceKlass com/android/tools/r8/synthesis/w
instanceKlass com/android/tools/r8/synthesis/u
instanceKlass com/android/tools/r8/synthesis/y
instanceKlass  @bci com/android/tools/r8/D8 a (Lcom/android/tools/r8/utils/p;Lcom/android/tools/r8/utils/A1;Ljava/util/concurrent/ExecutorService;Lcom/android/tools/r8/utils/A3;)Lcom/android/tools/r8/graph/w; 56 <appendix> member <vmtarget> ; # com/android/tools/r8/D8$$Lambda+0x000001b9cc11d9a0
instanceKlass com/android/tools/r8/utils/r3
instanceKlass  @bci com/android/tools/r8/utils/D2 a (Ljava/util/List;Lcom/android/tools/r8/dex/b;)Lcom/android/tools/r8/utils/D2; 42 <appendix> member <vmtarget> ; # com/android/tools/r8/utils/D2$$Lambda+0x000001b9cc11d588
instanceKlass java/util/concurrent/ConcurrentLinkedQueue$Itr
instanceKlass com/android/tools/r8/dex/W
# instanceKlass com/android/tools/r8/graph/Y3$$Lambda+0x000001b9cc11ced0
instanceKlass  @bci com/android/tools/r8/graph/Y3 a (Ljava/lang/String;Ljava/lang/String;)Lcom/android/tools/r8/internal/B2; 12 <appendix> member <vmtarget> ; # com/android/tools/r8/graph/Y3$$Lambda+0x000001b9cc11cca8
instanceKlass  @cpi com/android/tools/r8/internal/Ez 83 form vmentry <vmtarget> ; # java/lang/invoke/LambdaForm$DMH+0x000001b9cc118c00
# instanceKlass com/android/tools/r8/graph/b4$$Lambda+0x000001b9cc11ca88
# instanceKlass com/android/tools/r8/graph/b4$$Lambda+0x000001b9cc11c868
# instanceKlass com/android/tools/r8/graph/b4$$Lambda+0x000001b9cc11c648
instanceKlass  @bci com/android/tools/r8/graph/b4 a (ILjava/lang/String;Z)Lcom/android/tools/r8/internal/B2; 116 <appendix> argL0 ; # com/android/tools/r8/graph/b4$$Lambda+0x000001b9cc11c428
instanceKlass  @bci com/android/tools/r8/graph/A3 a ()Lcom/android/tools/r8/graph/x3$b; 16 <appendix> member <vmtarget> ; # com/android/tools/r8/graph/A3$$Lambda+0x000001b9cc11c200
instanceKlass com/android/tools/r8/graph/z3
instanceKlass  @bci com/android/tools/r8/graph/a4 a (Ljava/lang/String;Z)Lcom/android/tools/r8/internal/B2; 34 <appendix> argL0 ; # com/android/tools/r8/graph/a4$$Lambda+0x000001b9cc113d80
instanceKlass com/android/tools/r8/internal/R00
instanceKlass com/android/tools/r8/internal/Od
instanceKlass  @bci com/android/tools/r8/graph/b4 a (Ljava/lang/String;Z)Lcom/android/tools/r8/internal/B2; 34 <appendix> argL0 ; # com/android/tools/r8/graph/b4$$Lambda+0x000001b9cc113760
# instanceKlass com/android/tools/r8/graph/b4$$Lambda+0x000001b9cc113538
instanceKlass  @bci com/android/tools/r8/graph/b4 a ()Lcom/android/tools/r8/internal/B2; 13 <appendix> member <vmtarget> ; # com/android/tools/r8/graph/b4$$Lambda+0x000001b9cc113310
# instanceKlass com/android/tools/r8/graph/Y3$$Lambda+0x000001b9cc1130e8
# instanceKlass com/android/tools/r8/graph/Y3$$Lambda+0x000001b9cc112ec0
# instanceKlass com/android/tools/r8/graph/Y3$$Lambda+0x000001b9cc112c98
instanceKlass  @bci com/android/tools/r8/graph/Y3 a (Ljava/lang/String;)Lcom/android/tools/r8/internal/B2; 11 <appendix> member <vmtarget> ; # com/android/tools/r8/graph/Y3$$Lambda+0x000001b9cc112a70
instanceKlass  @cpi com/android/tools/r8/internal/pA 234 form vmentry <vmtarget> ; # java/lang/invoke/LambdaForm$DMH+0x000001b9cc117c00
instanceKlass  @bci com/android/tools/r8/synthesis/t a (Ljava/util/Collection;Ljava/util/Map;Lcom/android/tools/r8/graph/w;ZLcom/android/tools/r8/internal/ib;Lcom/android/tools/r8/synthesis/p;Lcom/android/tools/r8/utils/A3;)Ljava/util/IdentityHashMap; 74 <adapter> ; # java/lang/invoke/LambdaForm$MH+0x000001b9cc116400
# instanceKlass java/lang/invoke/LambdaForm$DMH+0x000001b9cc115c00
# instanceKlass com/android/tools/r8/graph/e4$$Lambda+0x000001b9cc112848
# instanceKlass com/android/tools/r8/graph/e4$$Lambda+0x000001b9cc112620
instanceKlass  @bci com/android/tools/r8/synthesis/t a (Ljava/util/Collection;Ljava/util/Map;Lcom/android/tools/r8/graph/w;ZLcom/android/tools/r8/internal/ib;Lcom/android/tools/r8/synthesis/p;Lcom/android/tools/r8/utils/A3;)Ljava/util/IdentityHashMap; 74 <appendix> form vmentry <vmtarget> ; # java/lang/invoke/LambdaForm$DMH+0x000001b9cc115400
instanceKlass  @bci com/android/tools/r8/dex/M a ()Lcom/android/tools/r8/dex/M; 68 <bsm> form vmentry <vmtarget> ; # java/lang/invoke/LambdaForm$DMH+0x000001b9cc115000
instanceKlass  @bci com/android/tools/r8/graph/e4 a (Ljava/lang/String;ZLjava/util/List;Lcom/android/tools/r8/graph/X3;Ljava/util/function/BiFunction;)Lcom/android/tools/r8/graph/Y3; 60 <appendix> member <vmtarget> ; # com/android/tools/r8/graph/e4$$Lambda+0x000001b9cc1123f8
# instanceKlass com/android/tools/r8/graph/e4$$Lambda+0x000001b9cc1121d0
instanceKlass com/android/tools/r8/utils/B
instanceKlass  @cpi com/android/tools/r8/graph/e4 96 form vmentry <vmtarget> ; # java/lang/invoke/LambdaForm$DMH+0x000001b9cc114800
# instanceKlass com/android/tools/r8/graph/Z3$$Lambda+0x000001b9cc111350
instanceKlass  @bci com/android/tools/r8/graph/Z3 a (Ljava/lang/String;Z)Lcom/android/tools/r8/internal/B2; 31 <appendix> argL0 ; # com/android/tools/r8/graph/Z3$$Lambda+0x000001b9cc111130
instanceKlass  @cpi com/android/tools/r8/graph/a4 128 form vmentry <vmtarget> ; # java/lang/invoke/LambdaForm$DMH+0x000001b9cc114000
# instanceKlass com/android/tools/r8/graph/A3$$Lambda+0x000001b9cc110b80
# instanceKlass com/android/tools/r8/graph/A3$$Lambda+0x000001b9cc110958
instanceKlass  @bci com/android/tools/r8/graph/A3 d ()Lcom/android/tools/r8/graph/x3$g; 5 <appendix> member <vmtarget> ; # com/android/tools/r8/graph/A3$$Lambda+0x000001b9cc110730
instanceKlass com/android/tools/r8/graph/x3$f
instanceKlass com/android/tools/r8/graph/A3
instanceKlass com/android/tools/r8/dex/t
# instanceKlass com/android/tools/r8/graph/j3$$Lambda+0x000001b9cc10f0b8
# instanceKlass com/android/tools/r8/graph/j3$$Lambda+0x000001b9cc10ee78
# instanceKlass com/android/tools/r8/graph/j3$$Lambda+0x000001b9cc10ec38
instanceKlass  @bci com/android/tools/r8/graph/j3 a ([Lcom/android/tools/r8/graph/c1;)V 1 <appendix> argL0 ; # com/android/tools/r8/graph/j3$$Lambda+0x000001b9cc10e9f8
instanceKlass com/android/tools/r8/utils/structural/j
# instanceKlass com/android/tools/r8/graph/j3$$Lambda+0x000001b9cc10e5d8
# instanceKlass com/android/tools/r8/graph/j3$$Lambda+0x000001b9cc10e3b0
# instanceKlass com/android/tools/r8/graph/j3$$Lambda+0x000001b9cc10e188
instanceKlass  @bci com/android/tools/r8/graph/j3 a ([Lcom/android/tools/r8/graph/c1;Ljava/util/function/Predicate;)V 49 <appendix> member <vmtarget> ; # com/android/tools/r8/graph/j3$$Lambda+0x000001b9cc10df60
instanceKlass com/android/tools/r8/graph/i1
instanceKlass  @bci com/android/tools/r8/graph/j3 b ([Lcom/android/tools/r8/graph/c1;)V 1 <appendix> argL0 ; # com/android/tools/r8/graph/j3$$Lambda+0x000001b9cc10d9d0
instanceKlass com/android/tools/r8/internal/go
instanceKlass com/android/tools/r8/internal/fK
# instanceKlass com/android/tools/r8/graph/K4$$Lambda+0x000001b9cc10c8c8
instanceKlass  @bci com/android/tools/r8/graph/K4 b ([Lcom/android/tools/r8/graph/f1;)V 76 <appendix> member <vmtarget> ; # com/android/tools/r8/graph/K4$$Lambda+0x000001b9cc10c6a0
instanceKlass com/android/tools/r8/internal/hK
instanceKlass com/android/tools/r8/internal/CK
instanceKlass com/android/tools/r8/internal/rK
instanceKlass com/android/tools/r8/internal/wK
# instanceKlass com/android/tools/r8/graph/J4$$Lambda+0x000001b9cc108ea8
instanceKlass  @bci com/android/tools/r8/graph/J4 a (Ljava/util/function/Consumer;Ljava/util/function/Predicate;)V 3 <appendix> member <vmtarget> ; # com/android/tools/r8/graph/J4$$Lambda+0x000001b9cc108c70
# instanceKlass com/android/tools/r8/graph/K4$$Lambda+0x000001b9cc108a48
instanceKlass  @bci com/android/tools/r8/graph/K4 a ([Lcom/android/tools/r8/graph/f1;)V 76 <appendix> member <vmtarget> ; # com/android/tools/r8/graph/K4$$Lambda+0x000001b9cc108820
instanceKlass com/android/tools/r8/internal/IK
instanceKlass com/android/tools/r8/internal/P0
instanceKlass com/android/tools/r8/internal/kK
instanceKlass com/android/tools/r8/graph/i3
instanceKlass com/android/tools/r8/graph/h3
# instanceKlass com/android/tools/r8/graph/I4$a$$Lambda+0x000001b9cc106000
# instanceKlass com/android/tools/r8/graph/I4$a$$Lambda+0x000001b9cc103be8
# instanceKlass com/android/tools/r8/graph/I4$a$$Lambda+0x000001b9cc1039d0
instanceKlass  @bci com/android/tools/r8/graph/I4$a a ([Lcom/android/tools/r8/graph/f1;[Lcom/android/tools/r8/graph/f1;)Lcom/android/tools/r8/graph/I4$a; 2 <appendix> member <vmtarget> ; # com/android/tools/r8/graph/I4$a$$Lambda+0x000001b9cc1037b8
instanceKlass com/android/tools/r8/graph/I4
instanceKlass com/android/tools/r8/graph/J4
instanceKlass com/android/tools/r8/graph/I4$a
# instanceKlass com/android/tools/r8/graph/Z3$$Lambda+0x000001b9cc101748
# instanceKlass com/android/tools/r8/graph/Z3$$Lambda+0x000001b9cc101538
# instanceKlass com/android/tools/r8/graph/Z3$$Lambda+0x000001b9cc101328
instanceKlass  @bci com/android/tools/r8/graph/Z3 a (Lcom/android/tools/r8/graph/S;)Lcom/android/tools/r8/graph/z2$a; 52 <appendix> argL0 ; # com/android/tools/r8/graph/Z3$$Lambda+0x000001b9cc101118
instanceKlass  @cpi com/android/tools/r8/graph/Z3 769 form vmentry <vmtarget> ; # java/lang/invoke/LambdaForm$DMH+0x000001b9cc105000
instanceKlass  @cpi com/android/tools/r8/dex/code/b1 45 form vmentry <vmtarget> ; # java/lang/invoke/LambdaForm$DMH+0x000001b9cc104400
instanceKlass com/android/tools/r8/utils/F3
instanceKlass com/android/tools/r8/internal/Nt
instanceKlass com/android/tools/r8/internal/tj
instanceKlass com/android/tools/r8/internal/Et
instanceKlass com/android/tools/r8/graph/f1$a
instanceKlass com/android/tools/r8/internal/jV
instanceKlass com/android/tools/r8/internal/Ea
instanceKlass com/android/tools/r8/internal/uo
instanceKlass com/android/tools/r8/internal/ph
instanceKlass com/android/tools/r8/ir/optimize/info/a
instanceKlass com/android/tools/r8/graph/x2
instanceKlass com/android/tools/r8/naming/U$c
instanceKlass com/android/tools/r8/ir/optimize/info/g
instanceKlass com/android/tools/r8/graph/X2
instanceKlass com/android/tools/r8/graph/x3$h
instanceKlass com/android/tools/r8/graph/x3$g
instanceKlass com/android/tools/r8/androidapi/g
instanceKlass com/android/tools/r8/androidapi/e
instanceKlass com/android/tools/r8/internal/tA
instanceKlass com/android/tools/r8/internal/wA
instanceKlass com/android/tools/r8/internal/Gz
instanceKlass com/android/tools/r8/shaking/E2
instanceKlass com/android/tools/r8/internal/uA
instanceKlass com/android/tools/r8/internal/ug
instanceKlass com/android/tools/r8/graph/c1$a
instanceKlass com/android/tools/r8/ir/optimize/info/e
instanceKlass com/android/tools/r8/ir/optimize/info/f
instanceKlass com/android/tools/r8/internal/Xz
instanceKlass com/android/tools/r8/internal/hA
instanceKlass com/android/tools/r8/shaking/b0
instanceKlass com/android/tools/r8/androidapi/f
instanceKlass com/android/tools/r8/internal/Sh
instanceKlass com/android/tools/r8/synthesis/f
instanceKlass com/android/tools/r8/internal/Xe
instanceKlass com/android/tools/r8/internal/YQ
instanceKlass com/android/tools/r8/graph/M
instanceKlass com/android/tools/r8/internal/XQ
instanceKlass com/android/tools/r8/internal/ZQ
instanceKlass com/android/tools/r8/internal/MG
instanceKlass com/android/tools/r8/internal/WQ
instanceKlass com/android/tools/r8/internal/K8
instanceKlass com/android/tools/r8/internal/p7
instanceKlass com/android/tools/r8/internal/e8
instanceKlass com/android/tools/r8/graph/U3
instanceKlass com/android/tools/r8/internal/Th
# instanceKlass com/android/tools/r8/graph/X3$$Lambda+0x000001b9cc0ad8d8
# instanceKlass com/android/tools/r8/graph/X3$$Lambda+0x000001b9cc0ad6a0
# instanceKlass com/android/tools/r8/graph/X3$$Lambda+0x000001b9cc0ad468
instanceKlass  @bci com/android/tools/r8/graph/X3 d (Ljava/lang/String;)Lcom/android/tools/r8/graph/D2; 17 <appendix> member <vmtarget> ; # com/android/tools/r8/graph/X3$$Lambda+0x000001b9cc0ad230
instanceKlass  @cpi com/android/tools/r8/internal/n4 85 form vmentry <vmtarget> ; # java/lang/invoke/LambdaForm$DMH+0x000001b9cc0b0400
# instanceKlass com/android/tools/r8/graph/X3$$Lambda+0x000001b9cc0ad000
# instanceKlass com/android/tools/r8/graph/X3$$Lambda+0x000001b9cc0afcd8
# instanceKlass com/android/tools/r8/graph/X3$$Lambda+0x000001b9cc0afaa8
instanceKlass  @bci com/android/tools/r8/graph/X3 a (Ljava/lang/String;)Lcom/android/tools/r8/internal/RZ; 5 <appendix> argL0 ; # com/android/tools/r8/graph/X3$$Lambda+0x000001b9cc0af878
instanceKlass com/android/tools/r8/internal/RZ
# instanceKlass com/android/tools/r8/internal/C9$$Lambda+0x000001b9cc0af468
# instanceKlass com/android/tools/r8/internal/C9$$Lambda+0x000001b9cc0af258
# instanceKlass com/android/tools/r8/internal/C9$$Lambda+0x000001b9cc0af048
instanceKlass com/android/tools/r8/utils/C
instanceKlass  @bci com/android/tools/r8/internal/C9 a (Lcom/android/tools/r8/utils/structural/z;)V 9 <appendix> argL0 ; # com/android/tools/r8/internal/C9$$Lambda+0x000001b9cc0aec40
# instanceKlass com/android/tools/r8/internal/C9$$Lambda+0x000001b9cc0aea30
# instanceKlass com/android/tools/r8/internal/C9$$Lambda+0x000001b9cc0ae820
instanceKlass  @bci com/android/tools/r8/internal/C9 a (Lcom/android/tools/r8/utils/structural/z;)V 1 <appendix> argL0 ; # com/android/tools/r8/internal/C9$$Lambda+0x000001b9cc0ae610
# instanceKlass com/android/tools/r8/internal/C9$$Lambda+0x000001b9cc0ae400
instanceKlass java/util/function/ToIntFunction
instanceKlass com/android/tools/r8/utils/structural/w
# instanceKlass com/android/tools/r8/internal/C9$$Lambda+0x000001b9cc0ae000
# instanceKlass com/android/tools/r8/internal/C9$$Lambda+0x000001b9cc0abc90
# instanceKlass com/android/tools/r8/internal/C9$$Lambda+0x000001b9cc0aba80
instanceKlass  @bci com/android/tools/r8/internal/C9 n ()Lcom/android/tools/r8/utils/structural/y; 0 <appendix> argL0 ; # com/android/tools/r8/internal/C9$$Lambda+0x000001b9cc0ab870
instanceKlass com/android/tools/r8/utils/structural/y
# instanceKlass com/android/tools/r8/utils/structural/h$$Lambda+0x000001b9cc0ab220
# instanceKlass com/android/tools/r8/utils/structural/h$$Lambda+0x000001b9cc0ab010
instanceKlass  @bci com/android/tools/r8/utils/structural/h a (Lcom/android/tools/r8/utils/structural/x;Ljava/lang/Object;Lcom/android/tools/r8/utils/structural/v;)I 1 <appendix> argL0 ; # com/android/tools/r8/utils/structural/h$$Lambda+0x000001b9cc0aae00
# instanceKlass com/android/tools/r8/utils/structural/h$$Lambda+0x000001b9cc0aabf0
instanceKlass com/android/tools/r8/utils/structural/t
instanceKlass com/android/tools/r8/utils/structural/h
# instanceKlass com/android/tools/r8/utils/structural/x$$Lambda+0x000001b9cc0aa3e8
# instanceKlass com/android/tools/r8/utils/structural/x$$Lambda+0x000001b9cc0aa5f8
# instanceKlass com/android/tools/r8/utils/structural/x$$Lambda+0x000001b9cc0aa1d8
instanceKlass  @bci com/android/tools/r8/utils/structural/x a (Lcom/android/tools/r8/utils/structural/x;)I 7 <appendix> argL0 ; # com/android/tools/r8/utils/structural/x$$Lambda+0x000001b9cc0a9fc8
instanceKlass  @cpi com/android/tools/r8/utils/structural/z 123 form vmentry <vmtarget> ; # java/lang/invoke/LambdaForm$DMH+0x000001b9cc0ac000
instanceKlass com/android/tools/r8/utils/structural/v
instanceKlass com/android/tools/r8/internal/Jd
instanceKlass com/android/tools/r8/graph/x3$i
instanceKlass com/android/tools/r8/graph/x3
instanceKlass com/android/tools/r8/graph/d4
instanceKlass com/android/tools/r8/internal/Wi
instanceKlass com/android/tools/r8/internal/FF
instanceKlass com/android/tools/r8/internal/B2
instanceKlass com/android/tools/r8/internal/UQ
instanceKlass com/android/tools/r8/internal/ld
instanceKlass com/android/tools/r8/internal/OA
instanceKlass com/android/tools/r8/internal/TY
instanceKlass com/android/tools/r8/internal/g4
instanceKlass com/android/tools/r8/internal/fb
# instanceKlass com/android/tools/r8/utils/S0$$Lambda+0x000001b9cc0a7100
# instanceKlass com/android/tools/r8/utils/S0$$Lambda+0x000001b9cc0a7318
instanceKlass  @bci com/android/tools/r8/utils/S0 a (Lcom/android/tools/r8/origin/Origin;Lcom/android/tools/r8/position/Position;Ljava/lang/Runnable;)V 2 <appendix> member <vmtarget> ; # com/android/tools/r8/utils/S0$$Lambda+0x000001b9cc0a6ee8
# instanceKlass com/android/tools/r8/graph/e4$$Lambda+0x000001b9cc0a6cd0
instanceKlass  @bci com/android/tools/r8/graph/e4 b (Lcom/android/tools/r8/origin/Origin;[B)V 4 <appendix> member <vmtarget> ; # com/android/tools/r8/graph/e4$$Lambda+0x000001b9cc0a6ab8
instanceKlass java/util/concurrent/ForkJoinPool$DefaultForkJoinWorkerThreadFactory$1
instanceKlass jdk/internal/util/random/RandomSupport
instanceKlass java/util/Random
instanceKlass java/util/random/RandomGenerator
instanceKlass java/util/concurrent/ForkJoinTask$Aux
instanceKlass java/util/concurrent/ForkJoinTask
instanceKlass java/util/concurrent/RunnableFuture
instanceKlass java/util/concurrent/Future
instanceKlass  @bci com/android/tools/r8/dex/a a (Ljava/util/ArrayList;Ljava/util/concurrent/ConcurrentLinkedQueue;)V 74 <appendix> member <vmtarget> ; # com/android/tools/r8/dex/a$$Lambda+0x000001b9cc0a68a0
instanceKlass java/util/concurrent/Callable
instanceKlass  @bci com/android/tools/r8/graph/S <clinit> ()V 53 <appendix> argL0 ; # com/android/tools/r8/graph/S$$Lambda+0x000001b9cc0a6660
instanceKlass  @bci com/android/tools/r8/graph/S <clinit> ()V 48 <appendix> argL0 ; # com/android/tools/r8/graph/S$$Lambda+0x000001b9cc0a6450
instanceKlass  @bci com/android/tools/r8/graph/S <clinit> ()V 31 <appendix> argL0 ; # com/android/tools/r8/graph/S$$Lambda+0x000001b9cc0a6210
instanceKlass  @bci com/android/tools/r8/graph/S <clinit> ()V 26 <appendix> argL0 ; # com/android/tools/r8/graph/S$$Lambda+0x000001b9cc0a6000
instanceKlass  @bci com/android/tools/r8/graph/S <clinit> ()V 9 <appendix> argL0 ; # com/android/tools/r8/graph/S$$Lambda+0x000001b9cc0a3bd8
instanceKlass  @cpi com/android/tools/r8/ir/optimize/i0 32 form vmentry <vmtarget> ; # java/lang/invoke/LambdaForm$DMH+0x000001b9cc0a4800
instanceKlass  @bci com/android/tools/r8/graph/S <clinit> ()V 4 <appendix> argL0 ; # com/android/tools/r8/graph/S$$Lambda+0x000001b9cc0a39c8
instanceKlass  @cpi com/android/tools/r8/graph/S 68 form vmentry <vmtarget> ; # java/lang/invoke/LambdaForm$DMH+0x000001b9cc0a4400
# instanceKlass java/lang/invoke/LambdaForm$DMH+0x000001b9cc0a4000
instanceKlass com/android/tools/r8/synthesis/F
instanceKlass com/android/tools/r8/graph/z2$a
instanceKlass com/android/tools/r8/graph/x3$b
instanceKlass com/android/tools/r8/graph/x3$d
instanceKlass com/android/tools/r8/graph/Z2
instanceKlass com/android/tools/r8/graph/i5
instanceKlass com/android/tools/r8/graph/Q
instanceKlass com/android/tools/r8/graph/S
instanceKlass  @bci com/android/tools/r8/dex/a a (Ljava/util/ArrayList;Ljava/util/concurrent/ConcurrentLinkedQueue;)V 26 <appendix> member <vmtarget> ; # com/android/tools/r8/dex/a$$Lambda+0x000001b9cc0a1ae0
instanceKlass com/android/tools/r8/graph/e4
instanceKlass java/io/RandomAccessFile$1
instanceKlass com/android/tools/r8/utils/k2
instanceKlass com/android/tools/r8/ProgramResource
instanceKlass com/android/tools/r8/internal/Us
instanceKlass com/android/tools/r8/internal/y6
instanceKlass com/android/tools/r8/graph/z
instanceKlass com/android/tools/r8/graph/X3
instanceKlass com/android/tools/r8/graph/t0
instanceKlass com/android/tools/r8/graph/u0
instanceKlass java/util/concurrent/ConcurrentLinkedQueue$Node
instanceKlass com/android/tools/r8/utils/c0
instanceKlass com/android/tools/r8/internal/C0
instanceKlass com/android/tools/r8/internal/xG
instanceKlass com/android/tools/r8/dex/m
instanceKlass com/android/tools/r8/dex/a
instanceKlass com/android/tools/r8/graph/n4
instanceKlass com/android/tools/r8/graph/o4
instanceKlass java/util/concurrent/atomic/AtomicReference
instanceKlass com/android/tools/r8/graph/c0
instanceKlass com/android/tools/r8/graph/Z
instanceKlass com/android/tools/r8/graph/e0
instanceKlass com/android/tools/r8/dex/c
instanceKlass com/android/tools/r8/utils/v3
instanceKlass com/android/tools/r8/utils/y3
instanceKlass com/android/tools/r8/utils/A3
instanceKlass  @bci com/android/tools/r8/D8 a (Lcom/android/tools/r8/utils/p;Lcom/android/tools/r8/utils/A1;)V 12 <appendix> member <vmtarget> ; # com/android/tools/r8/D8$$Lambda+0x000001b9cc0998c8
instanceKlass  @cpi com/android/tools/r8/internal/KA 181 form vmentry <vmtarget> ; # java/lang/invoke/LambdaForm$DMH+0x000001b9cc09c000
instanceKlass java/util/concurrent/ForkJoinPool$2
instanceKlass jdk/internal/access/JavaUtilConcurrentFJPAccess
instanceKlass jdk/internal/vm/ThreadContainers
instanceKlass java/util/concurrent/ForkJoinPool$DefaultForkJoinWorkerThreadFactory
instanceKlass jdk/internal/vm/StackableScope
instanceKlass java/util/concurrent/ForkJoinPool$WorkQueue
instanceKlass java/util/concurrent/ForkJoinPool$ForkJoinWorkerThreadFactory
instanceKlass java/util/concurrent/AbstractExecutorService
instanceKlass java/util/concurrent/Executors
instanceKlass com/android/tools/r8/utils/f3
instanceKlass com/android/tools/r8/utils/U1
instanceKlass  @bci com/android/tools/r8/BaseCompilerCommand a (Lcom/android/tools/r8/internal/qg$a;)V 108 <appendix> argL0 ; # com/android/tools/r8/BaseCompilerCommand$$Lambda+0x000001b9cc0992a8
instanceKlass com/android/tools/r8/internal/O3
instanceKlass com/android/tools/r8/utils/E2
instanceKlass  @bci com/android/tools/r8/internal/qg$a c ()Lcom/android/tools/r8/internal/qg$a; 5 <appendix> member <vmtarget> ; # com/android/tools/r8/internal/qg$a$$Lambda+0x000001b9cc098c78
instanceKlass  @bci com/android/tools/r8/internal/qg$a b ()Ljava/util/Map; 16 <appendix> member <vmtarget> ; # com/android/tools/r8/internal/qg$a$$Lambda+0x000001b9cc098a50
instanceKlass com/android/tools/r8/internal/qg$a
instanceKlass com/android/tools/r8/internal/qg
instanceKlass  @bci com/android/tools/r8/utils/D2 a (Lcom/android/tools/r8/ClassConflictResolver;Lcom/android/tools/r8/utils/Q2;)Lcom/android/tools/r8/dex/b; 2 <appendix> member <vmtarget> ; # com/android/tools/r8/utils/D2$$Lambda+0x000001b9cc098000
instanceKlass com/android/tools/r8/dex/b
instanceKlass com/android/tools/r8/ClassConflictResolver
instanceKlass com/android/tools/r8/utils/X
instanceKlass com/android/tools/r8/internal/eo
instanceKlass com/android/tools/r8/inspector/Inspector
instanceKlass com/android/tools/r8/AssertionsConfiguration$Builder
instanceKlass com/android/tools/r8/AssertionsConfiguration
instanceKlass com/android/tools/r8/utils/D
instanceKlass  @bci com/android/tools/r8/D8Command b ()Lcom/android/tools/r8/utils/A1; 306 <appendix> member <vmtarget> ; # com/android/tools/r8/D8Command$$Lambda+0x000001b9cc097b58
instanceKlass com/android/tools/r8/utils/Y1
instanceKlass  @bci com/android/tools/r8/D8Command b ()Lcom/android/tools/r8/utils/A1; 293 <appendix> argL0 ; # com/android/tools/r8/D8Command$$Lambda+0x000001b9cc097730
instanceKlass com/android/tools/r8/retrace/ProguardMapProducer
instanceKlass com/android/tools/r8/Y
instanceKlass java/util/logging/Logger$SystemLoggerHelper$1
instanceKlass java/util/logging/Logger$SystemLoggerHelper
instanceKlass java/util/logging/LogManager$4
instanceKlass jdk/internal/logger/BootstrapLogger$BootstrapExecutors
instanceKlass java/io/FilePermission$1
instanceKlass jdk/internal/access/JavaIOFilePermissionAccess
instanceKlass jdk/internal/logger/LoggerFinderLoader
instanceKlass  @bci java/lang/System$LoggerFinder accessProvider ()Ljava/lang/System$LoggerFinder; 8 <appendix> argL0 ; # java/lang/System$LoggerFinder$$Lambda+0x000001b9cc07da70
instanceKlass java/util/stream/Streams
instanceKlass java/util/stream/Stream$Builder
instanceKlass java/util/stream/Streams$AbstractStreamBuilderImpl
instanceKlass  @bci java/util/stream/FindOps$FindSink$OfRef <clinit> ()V 43 <appendix> argL0 ; # java/util/stream/FindOps$FindSink$OfRef$$Lambda+0x800000048
instanceKlass  @bci java/util/stream/FindOps$FindSink$OfRef <clinit> ()V 38 <appendix> argL0 ; # java/util/stream/FindOps$FindSink$OfRef$$Lambda+0x80000004a
instanceKlass  @bci java/util/stream/FindOps$FindSink$OfRef <clinit> ()V 16 <appendix> argL0 ; # java/util/stream/FindOps$FindSink$OfRef$$Lambda+0x800000049
instanceKlass  @bci java/util/stream/FindOps$FindSink$OfRef <clinit> ()V 11 <appendix> argL0 ; # java/util/stream/FindOps$FindSink$OfRef$$Lambda+0x80000004b
instanceKlass java/util/stream/FindOps$FindOp
instanceKlass java/util/stream/FindOps$FindSink
instanceKlass java/util/stream/FindOps
instanceKlass  @bci java/util/logging/Level$KnownLevel findByName (Ljava/lang/String;Ljava/util/function/Function;)Ljava/util/Optional; 29 <appendix> argL0 ; # java/util/logging/Level$KnownLevel$$Lambda+0x800000023
instanceKlass java/util/ArrayList$ArrayListSpliterator
instanceKlass  @bci java/util/logging/Level findLevel (Ljava/lang/String;)Ljava/util/logging/Level; 13 <appendix> argL0 ; # java/util/logging/Level$$Lambda+0x800000011
instanceKlass java/util/Hashtable$Enumerator
instanceKlass java/util/Collections$SynchronizedCollection
instanceKlass java/util/Properties$EntrySet
instanceKlass java/util/Collections$3
instanceKlass java/util/logging/LogManager$LoggerContext$1
instanceKlass java/util/logging/LogManager$VisitedLoggers
instanceKlass  @bci com/android/tools/r8/dex/q0 a (ILjava/lang/String;Z)Ljava/lang/String; 70 <appendix> form vmentry <vmtarget> ; # java/lang/invoke/LambdaForm$MH+0x000001b9cc094400
instanceKlass java/util/logging/LogManager$2
instanceKlass sun/security/util/SecurityProperties
instanceKlass sun/security/util/FilePermCompat
instanceKlass java/util/logging/LogManager$LoggingProviderAccess
instanceKlass java/lang/Shutdown$Lock
instanceKlass java/lang/Shutdown
instanceKlass java/lang/ApplicationShutdownHooks$1
instanceKlass java/lang/ApplicationShutdownHooks
instanceKlass java/util/logging/LogManager$LogNode
instanceKlass java/util/logging/LogManager$LoggerContext
instanceKlass java/util/logging/LogManager$1
instanceKlass java/util/logging/LogManager
instanceKlass java/util/logging/Logger$ConfigurationData
instanceKlass java/util/logging/Logger$LoggerBundle
instanceKlass  @bci java/util/logging/Level$KnownLevel add (Ljava/util/logging/Level;)V 49 <appendix> argL0 ; # java/util/logging/Level$KnownLevel$$Lambda+0x800000022
instanceKlass  @bci java/util/logging/Level$KnownLevel add (Ljava/util/logging/Level;)V 19 <appendix> argL0 ; # java/util/logging/Level$KnownLevel$$Lambda+0x800000021
instanceKlass java/util/logging/Level
instanceKlass java/util/logging/Handler
instanceKlass java/util/logging/Logger
instanceKlass com/android/tools/r8/internal/jM
instanceKlass java/util/IdentityHashMap$IdentityHashMapIterator
instanceKlass com/android/tools/r8/internal/KD
instanceKlass com/android/tools/r8/internal/LD
instanceKlass com/android/tools/r8/internal/ND
instanceKlass  @bci com/android/tools/r8/utils/j0 b ()Ljava/util/function/Consumer; 0 <appendix> argL0 ; # com/android/tools/r8/utils/j0$$Lambda+0x000001b9cc096618
instanceKlass com/android/tools/r8/utils/A1$p$b
instanceKlass com/android/tools/r8/utils/A1$p$a
instanceKlass  @bci com/android/tools/r8/utils/A1$p <init> ()V 268 <appendix> argL0 ; # com/android/tools/r8/utils/A1$p$$Lambda+0x000001b9cc096000
instanceKlass  @bci com/android/tools/r8/utils/A1$p <init> ()V 242 <appendix> argL0 ; # com/android/tools/r8/utils/A1$p$$Lambda+0x000001b9cc093df0
instanceKlass com/android/tools/r8/utils/I3
instanceKlass  @bci com/android/tools/r8/utils/j0 a ()Ljava/util/function/BiConsumer; 0 <appendix> argL0 ; # com/android/tools/r8/utils/j0$$Lambda+0x000001b9cc0939e0
instanceKlass  @cpi com/android/tools/r8/dex/n0 123 form vmentry <vmtarget> ; # java/lang/invoke/LambdaForm$DMH+0x000001b9cc094000
instanceKlass com/android/tools/r8/utils/j0
instanceKlass  @bci com/android/tools/r8/utils/A1$p <init> ()V 216 <appendix> argL0 ; # com/android/tools/r8/utils/A1$p$$Lambda+0x000001b9cc0935b8
instanceKlass com/android/tools/r8/graph/w
instanceKlass com/android/tools/r8/shaking/H1
instanceKlass com/android/tools/r8/graph/V3
instanceKlass com/android/tools/r8/graph/h
instanceKlass com/android/tools/r8/shaking/g1
instanceKlass com/android/tools/r8/internal/iT
instanceKlass com/android/tools/r8/internal/jT
instanceKlass  @bci com/android/tools/r8/utils/A1$p <init> ()V 196 <appendix> argL0 ; # com/android/tools/r8/utils/A1$p$$Lambda+0x000001b9cc091320
instanceKlass com/android/tools/r8/dex/t0
instanceKlass com/android/tools/r8/dex/Y
instanceKlass com/android/tools/r8/utils/g1
instanceKlass com/android/tools/r8/internal/TM
instanceKlass com/android/tools/r8/internal/Q2
instanceKlass com/android/tools/r8/internal/tC
instanceKlass com/android/tools/r8/utils/i1
instanceKlass com/android/tools/r8/internal/S2
instanceKlass com/android/tools/r8/utils/A1$p
instanceKlass com/android/tools/r8/internal/DW
instanceKlass com/android/tools/r8/internal/MM
instanceKlass  @bci com/android/tools/r8/internal/FW <init> ()V 48 <appendix> argL0 ; # com/android/tools/r8/internal/FW$$Lambda+0x000001b9cc08e3b8
instanceKlass  @bci com/android/tools/r8/internal/FW <init> ()V 43 <appendix> argL0 ; # com/android/tools/r8/internal/FW$$Lambda+0x000001b9cc08e188
instanceKlass com/android/tools/r8/internal/FW
instanceKlass com/android/tools/r8/internal/R3
instanceKlass com/android/tools/r8/utils/A1$k
instanceKlass com/android/tools/r8/utils/A1$f
instanceKlass com/android/tools/r8/utils/A1$a
instanceKlass com/android/tools/r8/utils/C1
instanceKlass com/android/tools/r8/internal/kR
instanceKlass com/android/tools/r8/utils/A1$o
instanceKlass com/android/tools/r8/utils/A1$l
instanceKlass com/android/tools/r8/utils/A1$h
instanceKlass sun/util/logging/PlatformLogger
instanceKlass sun/util/logging/PlatformLogger$ConfigurableBridge$LoggerConfiguration
instanceKlass jdk/internal/logger/BootstrapLogger$RedirectedLoggers
instanceKlass jdk/internal/logger/LazyLoggers$LazyLoggerAccessor
instanceKlass jdk/internal/logger/LazyLoggers$LoggerAccessor
instanceKlass jdk/internal/logger/AbstractLoggerWrapper
instanceKlass java/util/ServiceLoader$ProviderImpl
instanceKlass java/util/ServiceLoader$Provider
instanceKlass java/util/ServiceLoader$1
instanceKlass sun/util/logging/internal/LoggingProviderImpl$LogManagerAccess
instanceKlass java/util/concurrent/CopyOnWriteArrayList$COWIterator
instanceKlass jdk/internal/loader/URLClassPath$1
instanceKlass java/lang/CompoundEnumeration
instanceKlass jdk/internal/loader/BuiltinClassLoader$1
instanceKlass java/util/Collections$EmptyEnumeration
instanceKlass java/util/ServiceLoader$3
instanceKlass java/util/ServiceLoader$2
instanceKlass java/util/ServiceLoader$LazyClassPathLookupIterator
instanceKlass java/util/Spliterators$1Adapter
instanceKlass java/util/Spliterators$ArraySpliterator
instanceKlass java/util/ServiceLoader$ModuleServicesLookupIterator
instanceKlass java/util/ServiceLoader
instanceKlass jdk/internal/logger/BootstrapLogger$DetectBackend$1
instanceKlass jdk/internal/logger/BootstrapLogger$DetectBackend
instanceKlass jdk/internal/logger/BootstrapLogger
instanceKlass sun/util/logging/PlatformLogger$ConfigurableBridge
instanceKlass sun/util/logging/PlatformLogger$Bridge
instanceKlass jdk/internal/logger/DefaultLoggerFinder$1
instanceKlass java/lang/System$LoggerFinder
instanceKlass jdk/internal/logger/LazyLoggers$LazyLoggerFactories
instanceKlass jdk/internal/logger/LazyLoggers$1
instanceKlass jdk/internal/logger/LazyLoggers
instanceKlass jdk/internal/event/EventHelper$ThreadTrackHolder
instanceKlass sun/net/www/MessageHeader
instanceKlass sun/net/www/protocol/jar/JarFileFactory
instanceKlass sun/net/www/protocol/jar/URLJarFile$URLJarFileCloseController
instanceKlass java/net/URLConnection
instanceKlass jdk/internal/loader/BuiltinClassLoader$2
instanceKlass com/android/tools/r8/utils/N3
instanceKlass com/android/tools/r8/Version
instanceKlass com/android/tools/r8/utils/A1$i
instanceKlass com/android/tools/r8/utils/A1$e
instanceKlass com/android/tools/r8/utils/A1$d
instanceKlass com/android/tools/r8/utils/A1$c
instanceKlass com/android/tools/r8/utils/F1
instanceKlass com/android/tools/r8/utils/e3
instanceKlass com/android/tools/r8/internal/J1
instanceKlass com/android/tools/r8/utils/A1$m
instanceKlass  @bci com/android/tools/r8/utils/A1 <init> (Lcom/android/tools/r8/graph/y1;Lcom/android/tools/r8/utils/Q2;)V 239 <appendix> argL0 ; # com/android/tools/r8/utils/A1$$Lambda+0x000001b9cc08b478
instanceKlass com/android/tools/r8/utils/D1
instanceKlass java/util/concurrent/atomic/AtomicBoolean
instanceKlass com/android/tools/r8/utils/H0
instanceKlass com/android/tools/r8/internal/C9
instanceKlass com/android/tools/r8/internal/cu
instanceKlass com/android/tools/r8/internal/U00
instanceKlass com/android/tools/r8/internal/GD
instanceKlass com/android/tools/r8/graph/z5
instanceKlass com/android/tools/r8/utils/A1
instanceKlass com/android/tools/r8/shaking/L0
instanceKlass com/android/tools/r8/InputDependencyGraphConsumer
instanceKlass com/android/tools/r8/shaking/P2
instanceKlass com/android/tools/r8/internal/ul
instanceKlass com/android/tools/r8/internal/Cl
instanceKlass com/android/tools/r8/internal/pl
instanceKlass com/android/tools/r8/internal/wz
instanceKlass com/android/tools/r8/internal/vz
instanceKlass com/android/tools/r8/internal/uz
instanceKlass java/util/stream/Sink$ChainedInt
instanceKlass java/util/stream/Sink$OfInt
instanceKlass java/util/function/IntConsumer
instanceKlass  @bci java/util/stream/Collectors uniqKeysMapMerger ()Ljava/util/function/BinaryOperator; 0 <appendix> argL0 ; # java/util/stream/Collectors$$Lambda+0x000001b9cc077370
instanceKlass  @bci java/util/stream/Collectors uniqKeysMapAccumulator (Ljava/util/function/Function;Ljava/util/function/Function;)Ljava/util/function/BiConsumer; 2 <appendix> member <vmtarget> ; # java/util/stream/Collectors$$Lambda+0x000001b9cc077148
instanceKlass  @bci java/util/stream/Collectors toMap (Ljava/util/function/Function;Ljava/util/function/Function;)Ljava/util/stream/Collector; 4 <appendix> argL0 ; # java/util/stream/Collectors$$Lambda+0x000001b9cc076f38
instanceKlass  @bci java/util/function/Function identity ()Ljava/util/function/Function; 0 <appendix> argL0 ; # java/util/function/Function$$Lambda+0x000001b9cc076d08
instanceKlass  @bci com/android/tools/r8/internal/tz <init> (Lcom/android/tools/r8/internal/xz;)V 27 <appendix> member <vmtarget> ; # com/android/tools/r8/internal/tz$$Lambda+0x000001b9cc085478
instanceKlass  @bci java/util/stream/IntPipeline boxed ()Ljava/util/stream/Stream; 1 <appendix> argL0 ; # java/util/stream/IntPipeline$$Lambda+0x000001b9cc076610
instanceKlass java/util/function/IntFunction
instanceKlass java/util/stream/Streams$RangeIntSpliterator
instanceKlass java/util/stream/IntStream
instanceKlass com/android/tools/r8/internal/J0
instanceKlass com/android/tools/r8/internal/fJ
instanceKlass com/android/tools/r8/internal/UI
instanceKlass com/android/tools/r8/internal/tz
instanceKlass com/android/tools/r8/internal/xz
instanceKlass java/util/stream/Sink$ChainedReference
instanceKlass java/util/stream/ReduceOps$AccumulatingSink
instanceKlass java/util/stream/TerminalSink
instanceKlass java/util/stream/Sink
instanceKlass java/util/stream/ReduceOps$Box
instanceKlass java/util/stream/ReduceOps$ReduceOp
instanceKlass java/util/stream/TerminalOp
instanceKlass java/util/stream/ReduceOps
instanceKlass  @bci java/util/stream/Collectors castingIdentity ()Ljava/util/function/Function; 0 <appendix> argL0 ; # java/util/stream/Collectors$$Lambda+0x800000042
instanceKlass  @bci java/util/stream/Collectors toSet ()Ljava/util/stream/Collector; 14 <appendix> argL0 ; # java/util/stream/Collectors$$Lambda+0x800000040
instanceKlass java/util/function/BinaryOperator
instanceKlass  @bci java/util/stream/Collectors toSet ()Ljava/util/stream/Collector; 9 <appendix> argL0 ; # java/util/stream/Collectors$$Lambda+0x800000039
instanceKlass java/util/function/BiConsumer
instanceKlass  @bci java/util/stream/Collectors toSet ()Ljava/util/stream/Collector; 4 <appendix> argL0 ; # java/util/stream/Collectors$$Lambda+0x800000045
instanceKlass java/util/stream/Collector
instanceKlass java/util/stream/Collectors
instanceKlass  @bci com/android/tools/r8/graph/y1 a ()Ljava/util/Set; 24 <appendix> member <vmtarget> ; # com/android/tools/r8/graph/y1$$Lambda+0x000001b9cc086000
# instanceKlass java/lang/invoke/LambdaForm$MH+0x000001b9cc084000
instanceKlass sun/reflect/annotation/AnnotationParser
instanceKlass java/lang/Class$3
instanceKlass java/util/EnumMap$1
instanceKlass java/util/stream/StreamOpFlag$MaskBuilder
instanceKlass java/util/stream/Stream
instanceKlass java/util/stream/BaseStream
instanceKlass java/util/stream/PipelineHelper
instanceKlass java/util/stream/StreamSupport
instanceKlass java/util/Spliterators$IteratorSpliterator
instanceKlass java/util/Spliterator$OfDouble
instanceKlass java/util/Spliterator$OfLong
instanceKlass java/util/Spliterator$OfInt
instanceKlass java/util/Spliterator$OfPrimitive
instanceKlass java/util/Spliterators$EmptySpliterator
instanceKlass java/util/Spliterators
instanceKlass com/android/tools/r8/internal/Wk
instanceKlass com/android/tools/r8/internal/QK
instanceKlass com/android/tools/r8/internal/el
instanceKlass com/android/tools/r8/synthesis/L$b
instanceKlass com/android/tools/r8/synthesis/K
instanceKlass com/android/tools/r8/internal/bl
instanceKlass com/android/tools/r8/synthesis/L
instanceKlass com/android/tools/r8/graph/j2
instanceKlass com/android/tools/r8/graph/g2
instanceKlass com/android/tools/r8/graph/a2
instanceKlass com/android/tools/r8/graph/S1
instanceKlass com/android/tools/r8/graph/e2
instanceKlass com/android/tools/r8/graph/c2
instanceKlass com/android/tools/r8/graph/x1
instanceKlass com/android/tools/r8/graph/d2
instanceKlass com/android/tools/r8/graph/J1
instanceKlass com/android/tools/r8/graph/Z1
instanceKlass com/android/tools/r8/graph/M1
instanceKlass com/android/tools/r8/graph/P1
instanceKlass com/android/tools/r8/graph/N1
instanceKlass com/android/tools/r8/graph/O1
instanceKlass com/android/tools/r8/graph/t1
instanceKlass com/android/tools/r8/graph/g
instanceKlass com/android/tools/r8/graph/G1
instanceKlass com/android/tools/r8/graph/E1
instanceKlass com/android/tools/r8/graph/D1
instanceKlass com/android/tools/r8/graph/w1
instanceKlass com/android/tools/r8/graph/y1$d
instanceKlass com/android/tools/r8/graph/f2
instanceKlass com/android/tools/r8/graph/A1
instanceKlass com/android/tools/r8/graph/y1$b
instanceKlass com/android/tools/r8/graph/b2
instanceKlass com/android/tools/r8/utils/j1
instanceKlass com/android/tools/r8/graph/i2
instanceKlass com/android/tools/r8/references/TypeReference
instanceKlass com/android/tools/r8/graph/t4
instanceKlass com/android/tools/r8/graph/y4
instanceKlass com/android/tools/r8/graph/B0
instanceKlass  @bci com/android/tools/r8/internal/Fz a (Lcom/android/tools/r8/graph/z0;Ljava/util/List;Lcom/android/tools/r8/graph/y1;)Lcom/android/tools/r8/internal/Cm; 42 <appendix> form vmentry <vmtarget> ; # java/lang/invoke/LambdaForm$MH+0x000001b9cc03ac00
instanceKlass java/lang/invoke/LambdaFormEditor$1
# instanceKlass java/lang/invoke/LambdaForm$MH+0x000001b9cc03a800
instanceKlass  @bci com/android/tools/r8/internal/Fz a (Lcom/android/tools/r8/graph/z0;Ljava/util/List;Lcom/android/tools/r8/graph/y1;)Lcom/android/tools/r8/internal/Cm; 42 <appendix> argL3 form vmentry <vmtarget> ; # java/lang/invoke/LambdaForm$MH+0x000001b9cc03a400
instanceKlass  @bci com/android/tools/r8/synthesis/L a (Ljava/lang/String;Lcom/android/tools/r8/synthesis/L$b;Ljava/lang/String;Ljava/lang/String;)Ljava/lang/String; 7 <appendix> argL3 argL2 form vmentry <vmtarget> ; # java/lang/invoke/LambdaForm$MH+0x000001b9cc03a000
# instanceKlass java/lang/invoke/LambdaForm$MH+0x000001b9cc039c00
# instanceKlass java/lang/invoke/LambdaForm$MH+0x000001b9cc039800
# instanceKlass java/lang/invoke/LambdaForm$MH+0x000001b9cc039400
instanceKlass  @bci com/android/tools/r8/internal/Fz a (Lcom/android/tools/r8/graph/z0;Ljava/util/List;Lcom/android/tools/r8/graph/y1;)Lcom/android/tools/r8/internal/Cm; 42 <appendix> argL1 form vmentry <vmtarget> ; # java/lang/invoke/LambdaForm$MH+0x000001b9cc039000
# instanceKlass java/lang/invoke/LambdaForm$MH+0x000001b9cc038c00
# instanceKlass java/lang/invoke/LambdaForm$MH+0x000001b9cc038800
# instanceKlass java/lang/invoke/LambdaForm$MH+0x000001b9cc038400
# instanceKlass java/lang/invoke/LambdaForm$MH+0x000001b9cc038000
instanceKlass  @bci com/android/tools/r8/graph/y1 c (I)Lcom/android/tools/r8/graph/K0$b; 15 <appendix> argL0 ; # com/android/tools/r8/graph/y1$$Lambda+0x000001b9cc0348c0
instanceKlass com/android/tools/r8/internal/cl
instanceKlass com/android/tools/r8/internal/is
instanceKlass com/android/tools/r8/internal/Nr
instanceKlass com/android/tools/r8/internal/EK
instanceKlass com/android/tools/r8/internal/sK
instanceKlass com/android/tools/r8/internal/yS
instanceKlass com/android/tools/r8/internal/ZU
instanceKlass com/android/tools/r8/internal/Pt
instanceKlass com/android/tools/r8/internal/qK
instanceKlass com/android/tools/r8/utils/structural/a
instanceKlass com/android/tools/r8/utils/structural/z
instanceKlass com/android/tools/r8/utils/structural/o
instanceKlass com/android/tools/r8/utils/structural/n
instanceKlass com/android/tools/r8/dex/X
instanceKlass com/android/tools/r8/utils/L
instanceKlass com/android/tools/r8/internal/ar
instanceKlass com/android/tools/r8/internal/C
instanceKlass com/android/tools/r8/internal/Pq
instanceKlass com/android/tools/r8/internal/Tj
instanceKlass com/android/tools/r8/internal/O00
instanceKlass com/android/tools/r8/graph/X1
instanceKlass com/android/tools/r8/graph/y1
instanceKlass com/android/tools/r8/utils/structural/r
instanceKlass  @bci com/android/tools/r8/BaseCommand$Builder build ()Lcom/android/tools/r8/BaseCommand; 16 <appendix> member <vmtarget> ; # com/android/tools/r8/BaseCommand$Builder$$Lambda+0x000001b9cc026a10
instanceKlass com/android/tools/r8/utils/S0$a
instanceKlass com/android/tools/r8/utils/O
instanceKlass com/android/tools/r8/utils/J0
instanceKlass com/android/tools/r8/utils/P2
instanceKlass  @bci com/android/tools/r8/o b (Lcom/android/tools/r8/BaseCompilerCommand$Builder;Ljava/lang/String;[Ljava/lang/String;ILcom/android/tools/r8/origin/Origin;)I 6 <appendix> member <vmtarget> ; # com/android/tools/r8/o$$Lambda+0x000001b9cc025ba0
instanceKlass com/android/tools/r8/internal/qM
instanceKlass com/android/tools/r8/position/Position
instanceKlass com/android/tools/r8/shaking/K0
instanceKlass com/android/tools/r8/utils/ArchiveResourceProvider
instanceKlass com/android/tools/r8/DataResourceProvider
instanceKlass  @bci com/android/tools/r8/BaseCommand$Builder addProgramFiles (Ljava/util/Collection;)Lcom/android/tools/r8/BaseCommand$Builder; 4 <appendix> member <vmtarget> ; # com/android/tools/r8/BaseCommand$Builder$$Lambda+0x000001b9cc024f20
instanceKlass  @bci com/android/tools/r8/dex/W <clinit> ()V 13 <appendix> form vmentry <vmtarget> ; # java/lang/invoke/LambdaForm$MH+0x000001b9cc029c00
# instanceKlass java/lang/invoke/LambdaForm$MH+0x000001b9cc029800
instanceKlass  @bci com/android/tools/r8/dex/W <clinit> ()V 13 <appendix> argL3 form vmentry <vmtarget> ; # java/lang/invoke/LambdaForm$MH+0x000001b9cc029400
instanceKlass java/lang/invoke/MethodHandles$1
instanceKlass java/lang/Long$LongCache
# instanceKlass java/lang/invoke/LambdaForm$MH+0x000001b9cc029000
instanceKlass  @bci com/android/tools/r8/internal/Iz b (Lcom/android/tools/r8/graph/K2;Ljava/lang/String;)[Ljava/lang/String; 36 <appendix> argL2 form vmentry <vmtarget> ; # java/lang/invoke/LambdaForm$MH+0x000001b9cc028c00
# instanceKlass java/lang/invoke/LambdaForm$MH+0x000001b9cc028800
instanceKlass  @bci com/android/tools/r8/internal/Fz a (Lcom/android/tools/r8/graph/z0;Ljava/util/List;Lcom/android/tools/r8/graph/y1;)Lcom/android/tools/r8/internal/Cm; 42 <appendix> argL1 argL0 form vmentry <vmtarget> ; # java/lang/invoke/LambdaForm$MH+0x000001b9cc028400
# instanceKlass java/lang/invoke/LambdaForm$MH+0x000001b9cc028000
instanceKlass com/android/tools/r8/b
instanceKlass com/android/tools/r8/internal/Pb
instanceKlass com/android/tools/r8/internal/v0
instanceKlass com/android/tools/r8/internal/fk
instanceKlass com/android/tools/r8/internal/fL
instanceKlass com/android/tools/r8/internal/Fm
instanceKlass com/android/tools/r8/internal/S4
instanceKlass com/android/tools/r8/utils/u0
instanceKlass com/android/tools/r8/utils/R3
instanceKlass java/util/zip/ZipFile$ZipEntryIterator
instanceKlass  @bci com/android/tools/r8/utils/q1 <init> (Ljava/nio/file/Path;)V 1 <appendix> argL0 ; # com/android/tools/r8/utils/q1$$Lambda+0x000001b9cc01d690
instanceKlass com/android/tools/r8/utils/q1
instanceKlass com/android/tools/r8/utils/Y0
instanceKlass  @bci com/android/tools/r8/BaseCommand$Builder addLibraryFiles (Ljava/util/Collection;)Lcom/android/tools/r8/BaseCommand$Builder; 4 <appendix> member <vmtarget> ; # com/android/tools/r8/BaseCommand$Builder$$Lambda+0x000001b9cc01fce0
instanceKlass  @cpi com/android/tools/r8/dex/M 842 form vmentry <vmtarget> ; # java/lang/invoke/LambdaForm$DMH+0x000001b9cc01c800
instanceKlass sun/nio/fs/WindowsPath$1
instanceKlass  @bci com/android/tools/r8/s a ([Ljava/lang/String;Lcom/android/tools/r8/origin/Origin;Lcom/android/tools/r8/D8Command$Builder;)Lcom/android/tools/r8/D8Command$Builder; 949 <appendix> member <vmtarget> ; # com/android/tools/r8/s$$Lambda+0x000001b9cc01fab8
instanceKlass  @cpi com/android/tools/r8/s 475 form vmentry <vmtarget> ; # java/lang/invoke/LambdaForm$DMH+0x000001b9cc01c400
instanceKlass  @bci com/android/tools/r8/s a ([Ljava/lang/String;Lcom/android/tools/r8/origin/Origin;Lcom/android/tools/r8/D8Command$Builder;)Lcom/android/tools/r8/D8Command$Builder; 943 <appendix> member <vmtarget> ; # com/android/tools/r8/s$$Lambda+0x000001b9cc01f890
instanceKlass com/android/tools/r8/utils/b3
instanceKlass com/android/tools/r8/utils/b1
instanceKlass  @bci com/android/tools/r8/s a ([Ljava/lang/String;Lcom/android/tools/r8/origin/Origin;Lcom/android/tools/r8/D8Command$Builder;)Lcom/android/tools/r8/D8Command$Builder; 23 <appendix> member <vmtarget> ; # com/android/tools/r8/s$$Lambda+0x000001b9cc01f028
instanceKlass java/util/function/Consumer
instanceKlass com/android/tools/r8/internal/rm
instanceKlass java/util/Spliterator
instanceKlass com/android/tools/r8/r$a
instanceKlass com/android/tools/r8/r
instanceKlass  @bci com/android/tools/r8/BaseCompilerCommand$Builder <init> (Lcom/android/tools/r8/DiagnosticsHandler;)V 69 <appendix> argL0 ; # com/android/tools/r8/BaseCompilerCommand$Builder$$Lambda+0x000001b9cc01ac68
instanceKlass java/util/function/BiPredicate
instanceKlass com/android/tools/r8/utils/p$a
instanceKlass com/android/tools/r8/DataResource
instanceKlass com/android/tools/r8/DataResourceProvider$Visitor
instanceKlass com/android/tools/r8/internal/nb
instanceKlass com/android/tools/r8/utils/p
instanceKlass com/android/tools/r8/utils/Q2
instanceKlass com/android/tools/r8/q
instanceKlass com/android/tools/r8/GlobalSyntheticsConsumer
instanceKlass com/android/tools/r8/PartitionMapConsumer
# instanceKlass java/lang/invoke/LambdaForm$DMH+0x000001b9cc01c000
instanceKlass java/lang/invoke/MethodHandle$1
instanceKlass com/android/tools/r8/ClassFileConsumer$ForwardingConsumer
instanceKlass com/android/tools/r8/ClassFileConsumer
instanceKlass com/android/tools/r8/DexFilePerClassFileConsumer$ForwardingConsumer
instanceKlass com/android/tools/r8/DexFilePerClassFileConsumer
instanceKlass com/android/tools/r8/U
instanceKlass com/android/tools/r8/DataResourceConsumer
instanceKlass com/android/tools/r8/DexIndexedConsumer$ForwardingConsumer
instanceKlass com/android/tools/r8/DexIndexedConsumer
instanceKlass com/android/tools/r8/ByteBufferProvider
instanceKlass com/android/tools/r8/internal/sf
instanceKlass com/android/tools/r8/ProgramConsumer
instanceKlass com/android/tools/r8/internal/LM
instanceKlass com/android/tools/r8/internal/G10
instanceKlass com/android/tools/r8/internal/hl
instanceKlass com/android/tools/r8/internal/bs
instanceKlass com/android/tools/r8/internal/cs
instanceKlass com/android/tools/r8/internal/in
instanceKlass com/android/tools/r8/profile/art/ArtProfileProvider
instanceKlass com/android/tools/r8/profile/art/ArtProfileConsumer
instanceKlass com/android/tools/r8/StringConsumer
instanceKlass com/android/tools/r8/m0
instanceKlass com/android/tools/r8/Resource
instanceKlass com/android/tools/r8/ClassFileResourceProvider
instanceKlass com/android/tools/r8/o
instanceKlass com/android/tools/r8/naming/P
instanceKlass com/android/tools/r8/M
instanceKlass com/android/tools/r8/utils/P0
instanceKlass com/android/tools/r8/DiagnosticsHandler
instanceKlass com/android/tools/r8/utils/S0
instanceKlass  @bci com/android/tools/r8/D8 main ([Ljava/lang/String;)V 6 <appendix> member <vmtarget> ; # com/android/tools/r8/D8$$Lambda+0x000001b9cc00e480
instanceKlass  @cpi com/android/tools/r8/dex/code/b1 108 form vmentry <vmtarget> ; # java/lang/invoke/LambdaForm$DMH+0x000001b9cc010000
instanceKlass com/android/tools/r8/utils/T0
instanceKlass java/lang/PublicMethods$Key
instanceKlass java/lang/PublicMethods$MethodList
instanceKlass java/util/concurrent/ExecutorService
instanceKlass java/util/concurrent/Executor
instanceKlass com/android/tools/r8/internal/GW
instanceKlass com/android/tools/r8/internal/b1
instanceKlass com/android/tools/r8/internal/qd
instanceKlass com/android/tools/r8/internal/x1
instanceKlass com/android/tools/r8/graph/h5
instanceKlass com/android/tools/r8/graph/r0
instanceKlass com/android/tools/r8/ProgramResourceProvider
instanceKlass com/android/tools/r8/dex/k
instanceKlass com/android/tools/r8/Diagnostic
instanceKlass com/android/tools/r8/internal/Im
instanceKlass com/android/tools/r8/graph/s0
instanceKlass com/android/tools/r8/graph/Z0
instanceKlass com/android/tools/r8/utils/structural/x
instanceKlass com/android/tools/r8/utils/structural/s
instanceKlass com/android/tools/r8/utils/structural/k
instanceKlass com/android/tools/r8/graph/B5
instanceKlass com/android/tools/r8/graph/w5
instanceKlass com/android/tools/r8/graph/C5
instanceKlass com/android/tools/r8/graph/x5
instanceKlass com/android/tools/r8/graph/j1
instanceKlass com/android/tools/r8/graph/Y
instanceKlass com/android/tools/r8/graph/O
instanceKlass com/android/tools/r8/graph/j0
instanceKlass com/android/tools/r8/BaseCommand$Builder
instanceKlass com/android/tools/r8/origin/Origin
instanceKlass com/android/tools/r8/naming/p0
instanceKlass com/android/tools/r8/BaseCommand
instanceKlass jdk/internal/misc/PreviewFeatures
instanceKlass jdk/internal/misc/MainMethodFinder
instanceKlass com/android/tools/r8/D8
instanceKlass java/security/SecureClassLoader$DebugHolder
instanceKlass java/security/PermissionCollection
instanceKlass java/security/SecureClassLoader$1
instanceKlass java/util/zip/Checksum$1
instanceKlass java/util/zip/CRC32
instanceKlass java/util/zip/Checksum
instanceKlass sun/nio/ByteBuffered
instanceKlass sun/security/util/ManifestEntryVerifier$SunProviderHolder
instanceKlass java/lang/Package$VersionInfo
instanceKlass java/lang/NamedPackage
instanceKlass java/util/Base64$Encoder
instanceKlass java/util/Base64$Decoder
instanceKlass java/util/Base64
instanceKlass javax/crypto/SecretKey
instanceKlass sun/security/util/Length
instanceKlass sun/security/util/KeyUtil
instanceKlass java/security/interfaces/XECKey
instanceKlass java/security/interfaces/ECKey
instanceKlass sun/security/util/JarConstraintsParameters
instanceKlass sun/security/util/ConstraintsParameters
instanceKlass java/security/CodeSigner
instanceKlass java/security/Timestamp
instanceKlass sun/security/timestamp/TimestampToken
instanceKlass java/security/cert/CertPath
# instanceKlass java/lang/invoke/LambdaForm$MH+0x000001b9cc001800
instanceKlass java/math/MutableBigInteger
instanceKlass sun/security/rsa/RSAPadding
instanceKlass sun/security/rsa/RSACore
instanceKlass java/security/interfaces/RSAPrivateCrtKey
instanceKlass sun/security/pkcs/PKCS8Key
instanceKlass sun/security/util/InternalPrivateKey
instanceKlass java/security/interfaces/RSAPrivateKey
instanceKlass java/security/PrivateKey
instanceKlass javax/security/auth/Destroyable
instanceKlass jdk/internal/icu/util/CodePointTrie$Data
instanceKlass jdk/internal/icu/util/CodePointMap
instanceKlass jdk/internal/icu/util/VersionInfo
instanceKlass  @bci jdk/internal/module/SystemModuleFinders$SystemModuleReader open (Ljava/lang/String;)Ljava/util/Optional; 6 <appendix> member <vmtarget> ; # jdk/internal/module/SystemModuleFinders$SystemModuleReader$$Lambda+0x000001b9cc06a5e0
instanceKlass jdk/internal/jimage/ImageLocation
instanceKlass jdk/internal/jimage/decompressor/Decompressor
instanceKlass jdk/internal/jimage/ImageStringsReader
instanceKlass jdk/internal/jimage/ImageStrings
instanceKlass jdk/internal/jimage/ImageHeader
instanceKlass jdk/internal/jimage/NativeImageBuffer$1
instanceKlass jdk/internal/jimage/NativeImageBuffer
instanceKlass jdk/internal/jimage/BasicImageReader$1
instanceKlass jdk/internal/jimage/BasicImageReader
instanceKlass jdk/internal/jimage/ImageReader
instanceKlass jdk/internal/jimage/ImageReaderFactory$1
instanceKlass java/nio/file/FileSystems$DefaultFileSystemHolder$1
instanceKlass java/nio/file/FileSystems$DefaultFileSystemHolder
instanceKlass java/nio/file/FileSystems
instanceKlass java/nio/file/Paths
instanceKlass jdk/internal/jimage/ImageReaderFactory
instanceKlass jdk/internal/module/SystemModuleFinders$SystemImage
instanceKlass jdk/internal/module/SystemModuleFinders$SystemModuleReader
instanceKlass java/lang/module/ModuleReader
instanceKlass jdk/internal/loader/BuiltinClassLoader$5
instanceKlass jdk/internal/module/Checks
instanceKlass jdk/internal/module/Resources
instanceKlass jdk/internal/icu/impl/ICUBinary$1
instanceKlass jdk/internal/icu/impl/ICUBinary
instanceKlass jdk/internal/icu/impl/NormalizerImpl$IsAcceptable
instanceKlass jdk/internal/icu/impl/ICUBinary$Authenticate
instanceKlass jdk/internal/icu/impl/NormalizerImpl
instanceKlass jdk/internal/icu/impl/Norm2AllModes$Norm2AllModesSingleton
instanceKlass jdk/internal/icu/impl/Norm2AllModes$NFKCSingleton
instanceKlass jdk/internal/icu/impl/Norm2AllModes
instanceKlass jdk/internal/icu/text/Normalizer2
instanceKlass jdk/internal/icu/text/NormalizerBase$ModeImpl
instanceKlass jdk/internal/icu/text/NormalizerBase$NFKDModeImpl
instanceKlass jdk/internal/icu/text/NormalizerBase$1
instanceKlass jdk/internal/icu/text/NormalizerBase$Mode
instanceKlass jdk/internal/icu/text/NormalizerBase
instanceKlass java/text/Normalizer
instanceKlass sun/security/x509/AVAKeyword
instanceKlass java/util/StringJoiner
instanceKlass sun/security/jca/ServiceId
instanceKlass java/security/Signature$1
instanceKlass jdk/internal/access/JavaSecuritySignatureAccess
instanceKlass java/security/SignatureSpi
instanceKlass sun/security/util/SignatureUtil
instanceKlass java/lang/invoke/VarHandle$AccessDescriptor
instanceKlass sun/security/provider/ByteArrayAccess$BE
instanceKlass sun/security/provider/ByteArrayAccess
instanceKlass sun/security/util/MessageDigestSpi2
instanceKlass java/security/MessageDigestSpi
instanceKlass sun/security/pkcs/SigningCertificateInfo$ESSCertId
instanceKlass sun/security/pkcs/SigningCertificateInfo
instanceKlass sun/security/pkcs/PKCS9Attribute
instanceKlass sun/security/pkcs/PKCS9Attributes
instanceKlass java/time/Instant
instanceKlass java/time/zone/ZoneOffsetTransition
instanceKlass java/time/LocalTime
instanceKlass java/time/temporal/ValueRange
instanceKlass java/time/Duration
instanceKlass java/time/temporal/TemporalAmount
instanceKlass java/time/temporal/TemporalUnit
instanceKlass java/time/temporal/TemporalField
instanceKlass java/time/LocalDate
instanceKlass java/time/chrono/ChronoLocalDate
instanceKlass java/time/ZonedDateTime
instanceKlass java/time/chrono/ChronoZonedDateTime
instanceKlass java/time/LocalDateTime
instanceKlass java/time/chrono/ChronoLocalDateTime
instanceKlass java/time/temporal/Temporal
instanceKlass java/time/zone/ZoneOffsetTransitionRule
instanceKlass java/time/zone/ZoneRules
instanceKlass  @bci java/time/ZoneOffset ofTotalSeconds (I)Ljava/time/ZoneOffset; 37 <appendix> argL0 ; # java/time/ZoneOffset$$Lambda+0x80000000c
instanceKlass java/time/temporal/TemporalAdjuster
instanceKlass java/time/temporal/TemporalAccessor
instanceKlass java/time/ZoneId
instanceKlass  @bci java/util/regex/Pattern Single (I)Ljava/util/regex/Pattern$BmpCharPredicate; 1 <appendix> member <vmtarget> ; # java/util/regex/Pattern$$Lambda+0x800000029
instanceKlass  @bci java/util/regex/CharPredicates ASCII_DIGIT ()Ljava/util/regex/Pattern$BmpCharPredicate; 0 <appendix> argL0 ; # java/util/regex/CharPredicates$$Lambda+0x800000025
instanceKlass  @bci java/util/regex/CharPredicates ASCII_SPACE ()Ljava/util/regex/Pattern$BmpCharPredicate; 0 <appendix> argL0 ; # java/util/regex/CharPredicates$$Lambda+0x800000026
instanceKlass java/util/regex/Pattern$BmpCharPredicate
instanceKlass java/util/regex/CharPredicates
instanceKlass sun/security/util/DisabledAlgorithmConstraints$Constraints$Holder
instanceKlass sun/security/util/DisabledAlgorithmConstraints$Constraint
instanceKlass java/util/StringTokenizer
instanceKlass java/util/Collections$UnmodifiableCollection
instanceKlass java/security/spec/ECFieldF2m
instanceKlass java/security/spec/ECParameterSpec
instanceKlass java/security/spec/ECPoint
instanceKlass java/security/spec/EllipticCurve
instanceKlass java/security/spec/ECFieldFp
instanceKlass java/security/spec/ECField
instanceKlass sun/security/util/CurveDB
instanceKlass sun/security/util/DisabledAlgorithmConstraints$Constraints
instanceKlass java/util/regex/IntHashSet
instanceKlass java/util/regex/Matcher
instanceKlass java/util/regex/MatchResult
instanceKlass java/util/TreeMap$PrivateEntryIterator
instanceKlass java/util/Arrays$ArrayItr
instanceKlass java/util/NavigableSet
instanceKlass java/util/SortedSet
instanceKlass sun/security/util/AbstractAlgorithmConstraints$1
instanceKlass sun/security/util/AlgorithmDecomposer
instanceKlass sun/security/util/DisabledAlgorithmConstraints$JarHolder
instanceKlass java/util/regex/Pattern$TreeInfo
instanceKlass  @bci java/util/regex/Pattern DOT ()Ljava/util/regex/Pattern$CharPredicate; 0 <appendix> argL0 ; # java/util/regex/Pattern$$Lambda+0x000001b9cc05d7f0
instanceKlass java/util/regex/Pattern$CharPredicate
instanceKlass java/util/regex/ASCII
instanceKlass java/util/regex/Pattern$Node
instanceKlass java/util/regex/Pattern
instanceKlass sun/security/util/AbstractAlgorithmConstraints
instanceKlass java/security/AlgorithmConstraints
instanceKlass sun/security/pkcs/SignerInfo
instanceKlass java/security/cert/PolicyQualifierInfo
instanceKlass sun/security/x509/CertificatePolicyId
instanceKlass sun/security/x509/PolicyInformation
instanceKlass sun/security/x509/DistributionPoint
instanceKlass sun/security/x509/DNSName
instanceKlass java/net/URI$Parser
instanceKlass sun/security/x509/URIName
instanceKlass sun/security/x509/GeneralName
instanceKlass sun/security/x509/AccessDescription
instanceKlass sun/security/x509/GeneralNames
instanceKlass java/lang/invoke/VarForm
instanceKlass java/lang/invoke/VarHandleGuards
instanceKlass java/lang/invoke/VarHandles
instanceKlass java/lang/System$Logger
instanceKlass jdk/internal/event/EventHelper
instanceKlass sun/security/jca/JCAUtil
instanceKlass sun/security/util/MemoryCache$CacheEntry
instanceKlass sun/security/x509/KeyIdentifier
instanceKlass java/util/TreeMap$Entry
# instanceKlass java/lang/invoke/LambdaForm$MH+0x000001b9cc001400
instanceKlass  @bci com/android/tools/r8/internal/Fz a (Lcom/android/tools/r8/graph/w;Lcom/android/tools/r8/graph/z0;)Lcom/android/tools/r8/utils/w2; 133 <appendix> form vmentry <vmtarget> ; # java/lang/invoke/LambdaForm$MH+0x000001b9cc001000
instanceKlass sun/security/x509/OIDMap$OIDInfo
instanceKlass sun/security/x509/PKIXExtensions
instanceKlass sun/security/x509/OIDMap
instanceKlass sun/security/x509/Extension
instanceKlass java/security/cert/Extension
instanceKlass java/util/Collections$SynchronizedMap
instanceKlass java/util/NavigableMap
instanceKlass java/util/SortedMap
instanceKlass sun/security/x509/CertificateExtensions
instanceKlass sun/security/rsa/RSAUtil
instanceKlass java/security/interfaces/RSAPublicKey
instanceKlass java/security/interfaces/RSAKey
instanceKlass java/security/spec/PSSParameterSpec
instanceKlass java/security/spec/AlgorithmParameterSpec
instanceKlass java/security/spec/RSAPrivateKeySpec
instanceKlass java/security/spec/RSAPublicKeySpec
instanceKlass java/security/KeyFactorySpi
instanceKlass sun/security/rsa/SunRsaSignEntries
instanceKlass sun/security/jca/ProviderList$ServiceList$1
instanceKlass java/security/KeyFactory
instanceKlass  @bci java/security/spec/EncodedKeySpec <clinit> ()V 0 <appendix> argL0 ; # java/security/spec/EncodedKeySpec$$Lambda+0x000001b9cc053bc0
instanceKlass  @cpi java/security/spec/EncodedKeySpec 79 form vmentry <vmtarget> ; # java/lang/invoke/LambdaForm$DMH+0x000001b9cc000c00
instanceKlass jdk/internal/access/JavaSecuritySpecAccess
instanceKlass java/security/spec/EncodedKeySpec
instanceKlass java/security/spec/KeySpec
instanceKlass sun/security/util/BitArray
instanceKlass sun/security/x509/X509Key
instanceKlass java/security/PublicKey
instanceKlass java/security/Key
instanceKlass sun/security/x509/CertificateX509Key
instanceKlass java/util/Date
instanceKlass sun/util/calendar/CalendarUtils
instanceKlass sun/util/calendar/CalendarDate
instanceKlass sun/util/calendar/CalendarSystem$GregorianHolder
instanceKlass sun/util/calendar/CalendarSystem
instanceKlass sun/security/x509/CertificateValidity
instanceKlass sun/security/x509/AVA
instanceKlass sun/security/x509/RDN
instanceKlass javax/security/auth/x500/X500Principal
instanceKlass  @bci sun/security/x509/X500Name <clinit> ()V 153 <appendix> argL0 ; # sun/security/x509/X500Name$$Lambda+0x000001b9cc0515e0
instanceKlass sun/security/x509/X500Name
instanceKlass sun/security/x509/GeneralNameInterface
instanceKlass sun/security/x509/CertificateAlgorithmId
instanceKlass sun/security/x509/SerialNumber
instanceKlass sun/security/x509/CertificateSerialNumber
instanceKlass sun/security/x509/CertificateVersion
instanceKlass sun/security/x509/X509CertInfo
instanceKlass sun/security/util/Cache$EqualByteArray
instanceKlass java/security/cert/X509Extension
instanceKlass java/lang/Byte$ByteCache
instanceKlass  @bci sun/security/util/DerInputStream seeOptionalContextSpecific (I)Z 2 <appendix> member <vmtarget> ; # sun/security/util/DerInputStream$$Lambda+0x000001b9cc04f010
instanceKlass  @cpi sun/security/util/DerInputStream 295 form vmentry <vmtarget> ; # java/lang/invoke/LambdaForm$DMH+0x000001b9cc000800
instanceKlass java/util/function/Predicate
instanceKlass sun/security/jca/GetInstance$Instance
instanceKlass jdk/internal/reflect/MethodHandleAccessorFactory$LazyStaticHolder
instanceKlass sun/security/util/Cache
instanceKlass jdk/internal/event/Event
instanceKlass sun/security/jca/GetInstance
instanceKlass java/security/cert/CertificateFactorySpi
instanceKlass java/security/cert/CertificateFactory
instanceKlass sun/security/x509/AlgorithmId
instanceKlass sun/security/util/ByteArrayTagOrder
instanceKlass sun/security/util/ByteArrayLexOrder
instanceKlass sun/security/util/DerValue
instanceKlass sun/security/util/ObjectIdentifier
instanceKlass sun/security/pkcs/ContentInfo
instanceKlass sun/security/util/DerEncoder
instanceKlass sun/security/util/DerInputStream
instanceKlass sun/security/pkcs/PKCS7
instanceKlass java/util/Collections$EmptyIterator
instanceKlass java/util/LinkedHashMap$LinkedHashIterator
instanceKlass sun/security/util/SecurityProviderConstants
instanceKlass java/security/Provider$UString
instanceKlass java/security/Provider$Service
instanceKlass sun/security/provider/NativePRNG$NonBlocking
instanceKlass sun/security/provider/NativePRNG$Blocking
instanceKlass sun/security/provider/NativePRNG
instanceKlass sun/security/provider/SunEntries$1
instanceKlass sun/security/provider/SunEntries
instanceKlass java/security/Permission
instanceKlass java/security/Guard
instanceKlass sun/security/util/SecurityConstants
instanceKlass java/security/Security$1
instanceKlass jdk/internal/access/JavaSecurityPropertiesAccess
instanceKlass java/util/concurrent/ConcurrentHashMap$MapEntry
instanceKlass java/io/FileInputStream$1
instanceKlass java/util/Properties$LineReader
instanceKlass  @bci java/security/Security <clinit> ()V 9 <appendix> argL0 ; # java/security/Security$$Lambda+0x80000000b
instanceKlass java/security/Security
instanceKlass sun/security/jca/ProviderList$2
instanceKlass java/util/SequencedSet
instanceKlass jdk/internal/math/FloatingDecimal$ASCIIToBinaryBuffer
instanceKlass jdk/internal/math/FloatingDecimal$PreparedASCIIToBinaryBuffer
instanceKlass jdk/internal/math/FloatingDecimal$ASCIIToBinaryConverter
instanceKlass jdk/internal/math/FloatingDecimal$BinaryToASCIIBuffer
instanceKlass jdk/internal/math/FloatingDecimal$ExceptionalBinaryToASCIIBuffer
instanceKlass jdk/internal/math/FloatingDecimal$BinaryToASCIIConverter
instanceKlass jdk/internal/math/FloatingDecimal
instanceKlass javax/security/auth/login/Configuration$Parameters
instanceKlass java/security/Policy$Parameters
instanceKlass java/security/cert/CertStoreParameters
instanceKlass java/security/SecureRandomParameters
instanceKlass java/security/Provider$EngineDescription
instanceKlass java/security/Provider$ServiceKey
instanceKlass sun/security/jca/ProviderConfig
instanceKlass sun/security/jca/ProviderList
instanceKlass sun/security/jca/Providers
instanceKlass  @bci com/android/tools/r8/graph/q5 <init> (Lcom/android/tools/r8/graph/w;Lcom/android/tools/r8/graph/q5;Lcom/android/tools/r8/internal/DB;Ljava/util/Collection;Ljava/util/Collection;Ljava/util/Collection;Ljava/util/Collection;Ljava/util/Collection;Ljava/util/Collection;Ljava/util/Collection;Ljava/util/Collection;ILcom/android/tools/r8/utils/A3;)V 248 <appendix> form vmentry <vmtarget> ; # java/lang/invoke/LambdaForm$MH+0x000001b9cc000400
instanceKlass jdk/internal/org/objectweb/asm/FieldVisitor
instanceKlass java/lang/invoke/InvokerBytecodeGenerator$ClassData
instanceKlass jdk/internal/org/objectweb/asm/Frame
instanceKlass java/lang/invoke/LambdaFormBuffer
instanceKlass java/lang/invoke/LambdaFormEditor$TransformKey
instanceKlass java/lang/invoke/LambdaFormEditor
instanceKlass java/lang/invoke/DelegatingMethodHandle$Holder
instanceKlass java/lang/invoke/DirectMethodHandle$2
instanceKlass java/lang/invoke/ClassSpecializer$Factory
instanceKlass java/lang/invoke/ClassSpecializer$SpeciesData
instanceKlass java/lang/invoke/ClassSpecializer$1
instanceKlass java/lang/invoke/ClassSpecializer
instanceKlass sun/invoke/empty/Empty
instanceKlass sun/invoke/util/VerifyType
instanceKlass  @bci sun/security/util/ManifestDigester <init> ([B)V 350 <appendix> argL0 ; # sun/security/util/ManifestDigester$$Lambda+0x000001b9cc042f70
instanceKlass java/lang/invoke/MethodHandles$Lookup$ClassDefiner
instanceKlass java/lang/invoke/MethodHandles$Lookup$ClassFile
instanceKlass jdk/internal/org/objectweb/asm/AnnotationVisitor
instanceKlass jdk/internal/org/objectweb/asm/Attribute
instanceKlass jdk/internal/org/objectweb/asm/Handler
instanceKlass jdk/internal/org/objectweb/asm/Label
instanceKlass jdk/internal/org/objectweb/asm/MethodVisitor
instanceKlass java/lang/invoke/LambdaProxyClassArchive
instanceKlass jdk/internal/org/objectweb/asm/ByteVector
instanceKlass jdk/internal/org/objectweb/asm/Symbol
instanceKlass jdk/internal/org/objectweb/asm/SymbolTable
instanceKlass jdk/internal/org/objectweb/asm/ClassVisitor
instanceKlass java/lang/invoke/InfoFromMemberName
instanceKlass java/lang/invoke/MethodHandleInfo
instanceKlass jdk/internal/org/objectweb/asm/ConstantDynamic
instanceKlass sun/invoke/util/BytecodeDescriptor
instanceKlass jdk/internal/org/objectweb/asm/Handle
instanceKlass sun/security/action/GetBooleanAction
instanceKlass jdk/internal/org/objectweb/asm/Type
instanceKlass java/lang/invoke/AbstractValidatingLambdaMetafactory
instanceKlass java/lang/invoke/MethodHandleImpl$1
instanceKlass jdk/internal/access/JavaLangInvokeAccess
instanceKlass java/lang/invoke/Invokers$Holder
instanceKlass java/lang/invoke/BootstrapMethodInvoker
instanceKlass java/lang/invoke/InvokerBytecodeGenerator$1
instanceKlass java/lang/invoke/InvokerBytecodeGenerator
instanceKlass java/lang/invoke/LambdaForm$Holder
instanceKlass java/lang/invoke/LambdaForm$Name
instanceKlass java/lang/invoke/Invokers
instanceKlass java/lang/invoke/MethodHandleImpl
instanceKlass sun/invoke/util/ValueConversions
instanceKlass java/lang/invoke/DirectMethodHandle$Holder
instanceKlass java/lang/invoke/LambdaForm$NamedFunction
instanceKlass sun/invoke/util/Wrapper$Format
instanceKlass java/lang/invoke/MethodTypeForm
instanceKlass java/lang/Void
instanceKlass jdk/internal/util/StrongReferenceKey
instanceKlass jdk/internal/util/ReferenceKey
instanceKlass jdk/internal/util/ReferencedKeyMap
instanceKlass java/lang/invoke/MethodType$1
instanceKlass java/lang/invoke/LambdaMetafactory
instanceKlass sun/security/util/ManifestDigester$Section
instanceKlass sun/security/util/ManifestDigester$Entry
instanceKlass sun/security/util/ManifestDigester$Position
instanceKlass sun/security/util/ManifestDigester
instanceKlass sun/security/util/ManifestEntryVerifier
instanceKlass jdk/internal/misc/ThreadTracker
instanceKlass java/util/jar/JarFile$ThreadTrackHolder
instanceKlass java/lang/reflect/Array
instanceKlass java/util/jar/Attributes$Name
instanceKlass java/util/SequencedMap
instanceKlass java/util/jar/Attributes
instanceKlass java/util/jar/JarVerifier
instanceKlass jdk/internal/loader/Resource
instanceKlass java/util/ArrayList$Itr
instanceKlass sun/security/action/GetIntegerAction
instanceKlass sun/security/util/Debug
instanceKlass sun/security/util/SignatureFileVerifier
instanceKlass java/util/zip/ZipFile$InflaterCleanupAction
instanceKlass java/util/zip/Inflater$InflaterZStreamRef
instanceKlass java/util/zip/Inflater
instanceKlass java/util/zip/ZipEntry
instanceKlass java/util/zip/ZipFile$2
instanceKlass java/nio/Bits$1
instanceKlass jdk/internal/misc/VM$BufferPool
instanceKlass java/nio/Bits
instanceKlass sun/nio/ch/DirectBuffer
instanceKlass jdk/internal/perf/PerfCounter$CoreCounters
instanceKlass jdk/internal/perf/Perf
instanceKlass jdk/internal/perf/Perf$GetPerfAction
instanceKlass jdk/internal/perf/PerfCounter
instanceKlass sun/util/locale/LocaleObjectCache
instanceKlass sun/util/locale/BaseLocale$Key
instanceKlass sun/util/locale/LocaleUtils
instanceKlass sun/util/locale/BaseLocale
instanceKlass java/util/Locale
instanceKlass java/nio/file/attribute/FileTime
instanceKlass java/util/zip/ZipUtils
instanceKlass java/util/zip/ZipFile$Source$End
instanceKlass java/io/RandomAccessFile$2
instanceKlass jdk/internal/access/JavaIORandomAccessFileAccess
instanceKlass java/io/RandomAccessFile
instanceKlass java/io/DataInput
instanceKlass java/io/DataOutput
instanceKlass sun/nio/fs/WindowsNativeDispatcher$CompletionStatus
instanceKlass sun/nio/fs/WindowsNativeDispatcher$AclInformation
instanceKlass sun/nio/fs/WindowsNativeDispatcher$Account
instanceKlass sun/nio/fs/WindowsNativeDispatcher$DiskFreeSpace
instanceKlass sun/nio/fs/WindowsNativeDispatcher$VolumeInformation
instanceKlass sun/nio/fs/WindowsNativeDispatcher$FirstStream
instanceKlass sun/nio/fs/WindowsNativeDispatcher$FirstFile
instanceKlass java/util/Enumeration
instanceKlass java/util/concurrent/ConcurrentHashMap$Traverser
instanceKlass jdk/internal/loader/NativeLibraries$3
instanceKlass jdk/internal/loader/NativeLibrary
instanceKlass java/util/ArrayDeque$DeqIterator
instanceKlass jdk/internal/loader/NativeLibraries$NativeLibraryContext$1
instanceKlass jdk/internal/loader/NativeLibraries$NativeLibraryContext
instanceKlass jdk/internal/loader/NativeLibraries$2
instanceKlass jdk/internal/loader/NativeLibraries$1
instanceKlass jdk/internal/loader/NativeLibraries$LibraryPaths
instanceKlass sun/nio/fs/WindowsNativeDispatcher
instanceKlass sun/nio/fs/NativeBuffer$Deallocator
instanceKlass sun/nio/fs/NativeBuffer
instanceKlass java/lang/ThreadLocal$ThreadLocalMap
instanceKlass java/lang/ThreadLocal
instanceKlass sun/nio/fs/NativeBuffers
instanceKlass sun/nio/fs/WindowsFileAttributes
instanceKlass java/nio/file/attribute/DosFileAttributes
instanceKlass sun/nio/fs/AbstractBasicFileAttributeView
instanceKlass sun/nio/fs/DynamicFileAttributeView
instanceKlass sun/nio/fs/WindowsFileAttributeViews
instanceKlass sun/nio/fs/Util
instanceKlass java/nio/file/attribute/BasicFileAttributeView
instanceKlass java/nio/file/attribute/FileAttributeView
instanceKlass java/nio/file/attribute/AttributeView
instanceKlass java/nio/file/Files
instanceKlass java/nio/file/CopyOption
instanceKlass java/nio/file/attribute/BasicFileAttributes
instanceKlass sun/nio/fs/WindowsPath
instanceKlass java/nio/file/Path
instanceKlass java/nio/file/Watchable
instanceKlass java/util/zip/ZipFile$Source$Key
instanceKlass java/util/concurrent/ForkJoinPool$ManagedBlocker
instanceKlass java/util/concurrent/locks/AbstractQueuedSynchronizer$Node
instanceKlass sun/nio/fs/WindowsPathParser$Result
instanceKlass sun/nio/fs/WindowsPathParser
instanceKlass java/nio/file/FileSystem
instanceKlass java/nio/file/OpenOption
instanceKlass java/nio/file/spi/FileSystemProvider
instanceKlass sun/nio/fs/DefaultFileSystemProvider
instanceKlass java/util/zip/ZipFile$Source
instanceKlass java/lang/ref/Cleaner$Cleanable
instanceKlass jdk/internal/ref/CleanerImpl
instanceKlass java/lang/ref/Cleaner$1
instanceKlass java/lang/ref/Cleaner
instanceKlass jdk/internal/ref/CleanerFactory$1
instanceKlass java/util/concurrent/ThreadFactory
instanceKlass jdk/internal/ref/CleanerFactory
instanceKlass java/util/zip/ZipCoder
instanceKlass java/util/zip/ZipFile$CleanableResource
instanceKlass java/lang/Runtime$Version
instanceKlass java/util/jar/JavaUtilJarAccessImpl
instanceKlass jdk/internal/access/JavaUtilJarAccess
instanceKlass java/nio/charset/CoderResult
instanceKlass java/lang/Readable
instanceKlass jdk/internal/loader/FileURLMapper
instanceKlass jdk/internal/loader/URLClassPath$JarLoader$1
instanceKlass java/util/zip/ZipFile$1
instanceKlass jdk/internal/access/JavaUtilZipFileAccess
instanceKlass java/util/zip/ZipFile
instanceKlass java/util/zip/ZipConstants
instanceKlass jdk/internal/loader/URLClassPath$Loader
instanceKlass jdk/internal/loader/URLClassPath$3
instanceKlass java/security/PrivilegedExceptionAction
instanceKlass sun/net/util/URLUtil
instanceKlass java/lang/StringCoding
instanceKlass sun/nio/cs/ArrayDecoder
instanceKlass java/nio/charset/CharsetDecoder
instanceKlass sun/launcher/LauncherHelper
instanceKlass java/lang/invoke/StringConcatFactory
instanceKlass java/lang/ModuleLayer$Controller
instanceKlass java/util/concurrent/CopyOnWriteArrayList
instanceKlass jdk/internal/module/ServicesCatalog$ServiceProvider
instanceKlass jdk/internal/loader/AbstractClassLoaderValue$Memoizer
instanceKlass java/util/ImmutableCollections$ListItr
instanceKlass java/util/ListIterator
instanceKlass java/lang/ModuleLayer
instanceKlass jdk/internal/module/ModuleLoaderMap$Modules
instanceKlass jdk/internal/module/ModuleLoaderMap$Mapper
instanceKlass jdk/internal/module/ModuleLoaderMap
instanceKlass java/util/AbstractMap$1$1
instanceKlass java/lang/module/ResolvedModule
instanceKlass java/lang/module/Configuration
instanceKlass jdk/internal/loader/BuiltinClassLoader$LoadedModule
instanceKlass jdk/internal/loader/AbstractClassLoaderValue
instanceKlass jdk/internal/module/ServicesCatalog
instanceKlass java/util/Deque
instanceKlass java/util/Queue
instanceKlass sun/net/util/IPAddressUtil$MASKS
instanceKlass sun/net/util/IPAddressUtil
instanceKlass java/net/URLStreamHandler
instanceKlass sun/net/www/ParseUtil
instanceKlass java/net/URL$3
instanceKlass jdk/internal/access/JavaNetURLAccess
instanceKlass java/net/URL$DefaultFactory
instanceKlass java/net/URLStreamHandlerFactory
instanceKlass jdk/internal/loader/URLClassPath
instanceKlass java/security/Principal
instanceKlass java/security/ProtectionDomain$Key
instanceKlass java/security/ProtectionDomain$JavaSecurityAccessImpl
instanceKlass jdk/internal/access/JavaSecurityAccess
instanceKlass java/lang/ClassLoader$ParallelLoaders
instanceKlass java/security/cert/Certificate
instanceKlass jdk/internal/loader/ArchivedClassLoaders
instanceKlass java/util/concurrent/ConcurrentHashMap$CollectionView
instanceKlass jdk/internal/loader/ClassLoaderHelper
instanceKlass jdk/internal/loader/NativeLibraries
instanceKlass java/lang/Module$EnableNativeAccess
instanceKlass jdk/internal/loader/BootLoader
instanceKlass java/util/Optional
instanceKlass jdk/internal/module/SystemModuleFinders$SystemModuleFinder
instanceKlass java/lang/module/ModuleFinder
instanceKlass jdk/internal/module/SystemModuleFinders$3
instanceKlass jdk/internal/module/ModuleHashes$HashSupplier
instanceKlass jdk/internal/module/SystemModuleFinders$2
instanceKlass java/util/function/Supplier
instanceKlass java/lang/module/ModuleReference
instanceKlass jdk/internal/module/ModuleResolution
instanceKlass java/util/Collections$UnmodifiableMap
instanceKlass jdk/internal/module/ModuleHashes$Builder
instanceKlass jdk/internal/module/ModuleHashes
instanceKlass jdk/internal/module/ModuleTarget
instanceKlass java/util/ImmutableCollections$Set12$1
instanceKlass java/lang/reflect/AccessFlag$18
instanceKlass java/lang/reflect/AccessFlag$17
instanceKlass java/lang/reflect/AccessFlag$16
instanceKlass java/lang/reflect/AccessFlag$15
instanceKlass java/lang/reflect/AccessFlag$14
instanceKlass java/lang/reflect/AccessFlag$13
instanceKlass java/lang/reflect/AccessFlag$12
instanceKlass java/lang/reflect/AccessFlag$11
instanceKlass java/lang/reflect/AccessFlag$10
instanceKlass java/lang/reflect/AccessFlag$9
instanceKlass java/lang/reflect/AccessFlag$8
instanceKlass java/lang/reflect/AccessFlag$7
instanceKlass java/lang/reflect/AccessFlag$6
instanceKlass java/lang/reflect/AccessFlag$5
instanceKlass java/lang/reflect/AccessFlag$4
instanceKlass java/lang/reflect/AccessFlag$3
instanceKlass java/lang/reflect/AccessFlag$2
instanceKlass java/lang/reflect/AccessFlag$1
instanceKlass java/lang/module/ModuleDescriptor$Version
instanceKlass java/lang/module/ModuleDescriptor$Provides
instanceKlass java/lang/module/ModuleDescriptor$Opens
instanceKlass java/util/ImmutableCollections$SetN$SetNIterator
instanceKlass java/lang/module/ModuleDescriptor$Exports
instanceKlass java/lang/module/ModuleDescriptor$Requires
instanceKlass jdk/internal/module/Builder
instanceKlass jdk/internal/module/SystemModules$default
instanceKlass jdk/internal/module/SystemModules
instanceKlass jdk/internal/module/SystemModulesMap
instanceKlass java/net/URI$1
instanceKlass jdk/internal/access/JavaNetUriAccess
instanceKlass java/net/URI
instanceKlass jdk/internal/module/SystemModuleFinders
instanceKlass jdk/internal/module/ArchivedModuleGraph
instanceKlass jdk/internal/module/ArchivedBootLayer
instanceKlass jdk/internal/module/ModuleBootstrap$Counters
instanceKlass jdk/internal/module/ModulePatcher
instanceKlass java/io/FileSystem
instanceKlass java/io/DefaultFileSystem
instanceKlass java/io/File
instanceKlass java/lang/module/ModuleDescriptor$1
instanceKlass jdk/internal/access/JavaLangModuleAccess
instanceKlass sun/invoke/util/VerifyAccess
instanceKlass java/util/KeyValueHolder
instanceKlass java/util/ImmutableCollections$MapN$MapNIterator
instanceKlass java/lang/StrictMath
instanceKlass java/lang/invoke/MethodHandles$Lookup
instanceKlass java/lang/invoke/MemberName$Factory
instanceKlass java/lang/invoke/MethodHandles
instanceKlass java/lang/module/ModuleDescriptor
instanceKlass jdk/internal/module/ModuleBootstrap
instanceKlass java/lang/Character$CharacterCache
instanceKlass java/util/HexFormat
instanceKlass jdk/internal/util/ClassFileDumper
instanceKlass sun/security/action/GetPropertyAction
instanceKlass java/lang/invoke/MethodHandleStatics
instanceKlass jdk/internal/misc/Blocker
instanceKlass java/util/concurrent/locks/AbstractQueuedSynchronizer$ConditionObject
instanceKlass java/util/concurrent/locks/Condition
instanceKlass java/util/Collections
instanceKlass java/lang/Thread$ThreadIdentifiers
instanceKlass sun/io/Win32ErrorMode
instanceKlass jdk/internal/misc/OSEnvironment
instanceKlass java/lang/Integer$IntegerCache
instanceKlass jdk/internal/misc/Signal$NativeHandler
instanceKlass java/util/Hashtable$Entry
instanceKlass jdk/internal/misc/Signal
instanceKlass java/lang/Terminator$1
instanceKlass jdk/internal/misc/Signal$Handler
instanceKlass java/lang/Terminator
instanceKlass java/nio/ByteOrder
instanceKlass java/nio/Buffer$2
instanceKlass jdk/internal/access/JavaNioAccess
instanceKlass java/nio/Buffer$1
instanceKlass jdk/internal/misc/ScopedMemoryAccess
instanceKlass java/nio/charset/CodingErrorAction
instanceKlass sun/nio/cs/SingleByte
instanceKlass java/lang/StringUTF16
instanceKlass sun/nio/cs/MS1252$Holder
instanceKlass sun/nio/cs/ArrayEncoder
instanceKlass java/nio/charset/CharsetEncoder
instanceKlass java/io/Writer
instanceKlass java/io/PrintStream$1
instanceKlass jdk/internal/access/JavaIOPrintStreamAccess
instanceKlass jdk/internal/misc/InternalLock
instanceKlass java/io/OutputStream
instanceKlass java/io/Flushable
instanceKlass java/io/FileDescriptor$1
instanceKlass jdk/internal/access/JavaIOFileDescriptorAccess
instanceKlass java/io/FileDescriptor
instanceKlass jdk/internal/util/StaticProperty
instanceKlass jdk/internal/reflect/MethodHandleAccessorFactory
instanceKlass java/lang/reflect/Modifier
instanceKlass java/lang/Class$1
instanceKlass java/lang/Class$Atomic
instanceKlass java/lang/Class$ReflectionData
instanceKlass java/nio/charset/StandardCharsets
instanceKlass sun/nio/cs/HistoricallyNamedCharset
instanceKlass java/nio/charset/spi/CharsetProvider
instanceKlass java/nio/charset/Charset
instanceKlass java/util/HashMap$HashIterator
instanceKlass java/util/concurrent/locks/LockSupport
instanceKlass java/util/concurrent/ConcurrentHashMap$Node
instanceKlass java/util/concurrent/ConcurrentHashMap$CounterCell
instanceKlass java/util/concurrent/locks/ReentrantLock
instanceKlass java/util/concurrent/locks/Lock
instanceKlass java/lang/CharacterData
instanceKlass java/util/Arrays
instanceKlass jdk/internal/util/Preconditions$3
instanceKlass jdk/internal/util/Preconditions$2
instanceKlass jdk/internal/util/Preconditions$4
instanceKlass java/util/function/BiFunction
instanceKlass jdk/internal/util/Preconditions$1
instanceKlass java/util/function/Function
instanceKlass jdk/internal/util/Preconditions
instanceKlass java/lang/Runtime
instanceKlass java/lang/VersionProps
instanceKlass java/lang/StringConcatHelper
instanceKlass java/util/HashMap$Node
instanceKlass java/util/Map$Entry
instanceKlass jdk/internal/util/ArraysSupport
instanceKlass jdk/internal/util/SystemProps$Raw
instanceKlass jdk/internal/util/SystemProps
instanceKlass java/lang/System$2
instanceKlass jdk/internal/access/JavaLangAccess
instanceKlass java/lang/ref/NativeReferenceQueue$Lock
instanceKlass java/lang/ref/ReferenceQueue
instanceKlass java/lang/ref/Reference$1
instanceKlass jdk/internal/access/JavaLangRefAccess
instanceKlass jdk/internal/reflect/ReflectionFactory
instanceKlass java/lang/Math
instanceKlass java/lang/StringLatin1
instanceKlass jdk/internal/reflect/Reflection
instanceKlass jdk/internal/reflect/ReflectionFactory$GetReflectionFactoryAction
instanceKlass java/security/PrivilegedAction
instanceKlass jdk/internal/access/SharedSecrets
instanceKlass java/lang/reflect/ReflectAccess
instanceKlass jdk/internal/access/JavaLangReflectAccess
instanceKlass java/util/ImmutableCollections
instanceKlass java/util/Objects
instanceKlass java/util/Set
instanceKlass jdk/internal/misc/CDS
instanceKlass java/lang/Module$ArchivedData
instanceKlass jdk/internal/misc/VM
instanceKlass java/lang/String$CaseInsensitiveComparator
instanceKlass java/util/Comparator
instanceKlass java/io/ObjectStreamField
instanceKlass jdk/internal/vm/FillerObject
instanceKlass jdk/internal/vm/vector/VectorSupport$VectorPayload
instanceKlass jdk/internal/vm/vector/VectorSupport
instanceKlass java/lang/reflect/RecordComponent
instanceKlass java/util/Iterator
instanceKlass java/lang/Number
instanceKlass java/lang/Character
instanceKlass java/lang/Boolean
instanceKlass java/util/concurrent/locks/AbstractOwnableSynchronizer
instanceKlass java/lang/LiveStackFrame
instanceKlass java/lang/StackFrameInfo
instanceKlass java/lang/StackWalker$StackFrame
instanceKlass java/lang/StackStreamFactory$AbstractStackWalker
instanceKlass java/lang/StackWalker
instanceKlass java/nio/Buffer
instanceKlass java/lang/StackTraceElement
instanceKlass java/util/RandomAccess
instanceKlass java/util/List
instanceKlass java/util/SequencedCollection
instanceKlass java/util/AbstractCollection
instanceKlass java/util/Collection
instanceKlass java/lang/Iterable
instanceKlass java/util/concurrent/ConcurrentMap
instanceKlass java/util/AbstractMap
instanceKlass java/security/CodeSource
instanceKlass jdk/internal/loader/ClassLoaders
instanceKlass java/util/jar/Manifest
instanceKlass java/lang/Enum
instanceKlass java/net/URL
instanceKlass java/io/InputStream
instanceKlass java/io/Closeable
instanceKlass java/lang/AutoCloseable
instanceKlass jdk/internal/module/Modules
instanceKlass jdk/internal/misc/Unsafe
instanceKlass jdk/internal/misc/UnsafeConstants
instanceKlass java/lang/AbstractStringBuilder
instanceKlass java/lang/Appendable
instanceKlass java/lang/AssertionStatusDirectives
instanceKlass java/lang/invoke/MethodHandleNatives$CallSiteContext
instanceKlass jdk/internal/foreign/abi/ABIDescriptor
instanceKlass jdk/internal/foreign/abi/NativeEntryPoint
instanceKlass java/lang/invoke/CallSite
instanceKlass java/lang/invoke/MethodType
instanceKlass java/lang/invoke/TypeDescriptor$OfMethod
instanceKlass java/lang/invoke/LambdaForm
instanceKlass java/lang/invoke/MethodHandleNatives
instanceKlass java/lang/invoke/ResolvedMethodName
instanceKlass java/lang/invoke/MemberName
instanceKlass java/lang/invoke/VarHandle
instanceKlass java/lang/invoke/MethodHandle
instanceKlass jdk/internal/reflect/CallerSensitive
instanceKlass java/lang/annotation/Annotation
instanceKlass jdk/internal/reflect/FieldAccessor
instanceKlass jdk/internal/reflect/ConstantPool
instanceKlass jdk/internal/reflect/ConstructorAccessor
instanceKlass jdk/internal/reflect/MethodAccessor
instanceKlass jdk/internal/reflect/MagicAccessorImpl
instanceKlass jdk/internal/vm/StackChunk
instanceKlass jdk/internal/vm/Continuation
instanceKlass jdk/internal/vm/ContinuationScope
instanceKlass java/lang/reflect/Parameter
instanceKlass java/lang/reflect/Member
instanceKlass java/lang/reflect/AccessibleObject
instanceKlass java/lang/Module
instanceKlass java/util/Map
instanceKlass java/util/Dictionary
instanceKlass java/lang/ThreadGroup
instanceKlass java/lang/Thread$UncaughtExceptionHandler
instanceKlass java/lang/Thread$Constants
instanceKlass java/lang/Thread$FieldHolder
instanceKlass java/lang/Thread
instanceKlass java/lang/Runnable
instanceKlass java/lang/ref/Reference
instanceKlass java/lang/Record
instanceKlass java/security/AccessController
instanceKlass java/security/AccessControlContext
instanceKlass java/security/ProtectionDomain
instanceKlass java/lang/SecurityManager
instanceKlass java/lang/Throwable
instanceKlass java/lang/System
instanceKlass java/lang/ClassLoader
instanceKlass java/lang/Cloneable
instanceKlass java/lang/Class
instanceKlass java/lang/invoke/TypeDescriptor$OfField
instanceKlass java/lang/invoke/TypeDescriptor
instanceKlass java/lang/reflect/Type
instanceKlass java/lang/reflect/GenericDeclaration
instanceKlass java/lang/reflect/AnnotatedElement
instanceKlass java/lang/String
instanceKlass java/lang/constant/ConstantDesc
instanceKlass java/lang/constant/Constable
instanceKlass java/lang/CharSequence
instanceKlass java/lang/Comparable
instanceKlass java/io/Serializable
ciInstanceKlass java/lang/Object 1 1 124 7 1 10 12 1 1 10 7 12 1 1 1 10 7 12 1 1 1 10 12 1 1 8 1 10 12 1 1 10 7 12 1 1 1 10 12 1 10 12 1 1 10 7 12 1 1 1 10 12 1 10 12 1 100 1 10 7 12 1 1 1 10 12 1 1 10 12 1 100 1 8 1 10 12 1 3 8 1 7 1 5 0 1 1 1 1 1 1 1 1 1 1 1 1 1 1 1 1 100 1 1 1 1 1 1 1 1 1 1 7 1 1 1 1 1 1 1 1 1 1 3 1 1
ciMethod java/lang/Object equals (Ljava/lang/Object;)Z 768 0 583781 0 -1
ciMethod java/lang/Object hashCode ()I 256 0 128 0 -1
ciInstanceKlass java/io/Serializable 1 0 7 100 1 100 1 1 1
ciInstanceKlass java/lang/System 1 1 834 10 7 12 1 1 1 9 7 12 1 1 1 10 12 1 10 12 1 1 10 12 1 1 10 12 1 9 12 1 1 10 7 12 1 1 1 11 100 12 1 1 1 10 100 12 1 1 1 10 12 1 1 10 12 1 1 100 1 8 1 10 12 1 10 7 12 1 1 1 10 7 12 1 1 1 18 12 1 1 10 7 12 1 1 1 7 1 10 12 1 1 10 7 12 1 1 1 10 12 1 10 7 12 1 1 1 9 100 12 1 1 1 10 7 12 1 1 1 11 7 12 1 1 1 10 12 1 1 10 7 12 1 1 1 7 1 10 10 12 1 1 8 1 10 12 1 8 1 10 12 1 9 12 1 1 8 1 10 7 12 1 1 1 10 12 1 1 100 1 8 1 10 9 12 1 1 8 1 10 12 1 1 10 100 12 1 1 1 8 1 10 12 1 7 1 10 12 1 8 1 10 12 1 10 12 1 1 100 1 10 12 10 12 1 9 12 1 1 9 12 1 1 10 7 12 1 1 1 10 7 12 1 1 1 10 12 1 1 10 12 1 10 12 1 10 7 12 1 1 1 10 12 1 100 1 100 1 8 1 10 12 1 10 12 1 1 7 1 10 12 1 100 1 8 1 10 10 12 1 100 1 8 1 10 8 1 10 100 12 1 1 8 1 10 12 100 1 8 1 10 10 12 1 1 10 7 12 1 1 1 100 1 18 12 1 100 1 9 100 12 1 1 1 10 12 1 100 1 10 12 1 1 10 12 1 1 10 7 12 1 1 1 10 12 1 1 10 12 1 10 12 1 10 12 1 1 10 12 1 7 1 10 12 1 9 7 12 1 1 1 10 7 12 1 1 1 10 12 1 10 12 1 10 7 12 1 1 1 7 1 8 1 10 9 12 1 9 12 1 10 12 1 10 7 12 1 1 10 12 1 10 12 1 1 8 1 10 12 1 1 8 1 11 12 1 10 12 11 12 1 1 11 7 12 1 1 1 11 7 12 1 1 11 12 1 1 7 1 11 12 1 10 12 1 8 1 10 12 1 1 8 1 8 1 8 1 8 1 11 12 1 10 12 1 10 12 1 10 12 1 8 1 10 12 1 1 8 1 9 12 1 8 1 10 7 12 1 1 8 1 7 1 9 7 12 1 1 1 10 12 1 7 1 9 12 10 9 12 7 1 10 12 9 12 1 1 8 1 10 12 1 1 8 1 10 7 12 1 1 10 12 1 10 12 1 1 11 7 12 1 1 10 12 10 7 12 1 1 1 9 12 1 1 7 1 8 1 10 12 1 1 10 7 12 1 1 1 7 1 10 12 1 1 10 12 1 8 1 8 1 10 8 1 8 1 8 1 8 1 10 10 7 12 1 1 10 12 1 10 12 1 1 10 12 1 1 10 12 1 10 100 12 1 1 1 10 7 1 8 1 10 10 10 12 1 1 10 12 1 1 8 1 10 12 1 8 1 8 1 10 12 1 10 7 12 1 1 1 10 12 1 1 7 1 10 10 12 1 10 12 1 9 12 1 1 3 1 3 1 1 1 1 1 1 1 1 1 1 1 1 100 1 1 100 1 1 1 1 1 1 1 1 1 1 1 100 1 7 1 1 1 1 1 1 1 1 1 1 1 1 1 1 1 1 1 1 1 1 1 1 1 1 1 1 1 1 1 1 1 1 1 1 1 1 1 1 1 1 1 1 1 1 1 1 1 1 1 1 1 1 1 1 1 1 1 1 100 1 1 1 1 1 1 1 1 1 1 1 1 1 1 1 1 1 1 1 1 1 1 1 1 1 1 1 1 1 1 1 1 1 100 1 1 16 15 10 12 1 1 16 15 10 12 16 1 15 10 100 12 1 1 1 1 1 1 1 1 1 100 1 100 1 1
staticfield java/lang/System in Ljava/io/InputStream; java/io/BufferedInputStream
staticfield java/lang/System out Ljava/io/PrintStream; java/io/PrintStream
staticfield java/lang/System err Ljava/io/PrintStream; java/io/PrintStream
ciInstanceKlass java/lang/SecurityManager 0 0 576 10 7 12 1 1 1 9 7 12 1 1 1 10 7 12 1 1 1 100 1 8 1 10 12 1 10 12 1 1 10 7 12 1 1 1 10 7 1 10 100 1 10 9 100 12 1 1 1 10 7 12 1 1 1 10 12 1 1 10 7 12 1 1 100 1 8 1 10 9 12 1 1 9 12 1 8 1 9 12 1 7 1 10 8 1 10 12 1 1 10 12 1 10 12 1 1 100 1 10 10 12 1 1 100 1 8 1 10 12 1 8 1 8 1 8 1 8 1 8 1 8 1 10 12 1 8 1 8 1 8 1 8 1 8 1 10 7 12 1 1 1 10 12 1 1 8 1 100 1 8 1 10 8 1 8 1 8 1 8 1 8 1 10 100 12 1 1 8 1 100 1 8 1 8 1 10 8 1 10 12 1 100 1 8 1 10 10 12 1 1 10 12 1 10 12 1 10 12 1 10 100 12 1 1 1 10 12 1 10 100 12 1 1 11 100 12 1 1 1 18 12 1 1 11 100 12 1 1 1 18 12 1 1 11 12 1 1 18 18 11 12 1 18 12 1 11 12 1 1 9 12 1 1 9 12 1 9 12 1 9 12 1 100 1 10 100 12 1 1 10 12 1 10 12 1 18 12 1 18 10 100 12 1 1 1 18 12 1 10 12 1 18 18 8 1 10 12 1 9 12 1 1 11 7 12 1 1 1 8 1 100 1 10 12 1 10 12 1 1 10 12 1 1 9 12 1 1 10 12 1 10 12 1 1 8 1 100 1 10 9 12 1 8 1 10 12 1 8 1 100 1 10 10 100 12 1 1 10 100 1 9 7 12 1 1 1 11 12 1 1 10 12 1 11 12 1 10 12 1 7 1 10 10 12 1 1 10 12 1 1 1 1 1 1 1 1 1 1 1 7 1 1 1 1 1 1 1 1 1 1 1 1 1 1 1 1 1 1 1 1 1 1 1 1 1 1 1 1 1 1 1 1 1 1 1 1 1 1 1 1 1 1 1 1 1 1 1 1 1 1 1 1 1 1 1 1 3 1 1 1 1 1 1 1 1 1 1 100 1 1 1 1 1 1 1 1 1 1 1 1 1 1 1 1 1 1 1 1 1 1 1 1 1 1 1 1 1 1 1 1 1 1 1 1 1 1 16 15 10 7 12 1 1 1 16 1 16 15 10 12 16 1 15 10 12 16 15 11 7 1 16 1 16 1 15 10 12 16 15 10 12 16 15 10 12 1 16 1 15 11 12 1 15 10 12 16 15 10 16 1 15 10 100 12 1 1 1 1 1 1 100 1 100 1 1
ciInstanceKlass java/security/AccessController 1 1 295 10 7 12 1 1 1 10 7 12 1 1 1 10 7 12 1 1 1 10 12 1 1 10 12 1 1 10 7 12 1 1 1 10 12 1 1 10 12 1 10 12 1 1 10 12 1 100 1 8 1 10 12 1 10 12 1 10 12 1 1 10 12 1 7 1 7 1 10 12 1 1 10 12 1 10 12 1 10 12 1 1 10 7 12 1 1 1 10 12 1 1 9 100 12 1 1 1 10 7 12 1 1 1 10 12 1 10 12 1 9 100 12 1 1 1 10 12 1 10 12 1 1 9 12 1 1 10 100 1 10 11 7 12 1 1 1 10 7 12 1 1 11 7 1 100 1 10 12 1 10 12 1 10 12 1 8 1 10 12 1 1 8 1 10 100 12 1 1 1 8 1 7 1 10 10 12 1 1 10 12 1 10 7 12 1 1 1 10 12 1 8 1 10 7 12 1 1 8 1 8 1 10 12 1 8 1 10 12 1 10 12 1 1 10 12 1 1 1 1 1 1 1 1 1 1 1 1 1 1 1 1 1 1 1 1 1 1 1 1 1 1 1 1 100 1 1 1 1 1 1 1 1 1 1 1 1 1 1 1 1 1 1 1 1 1 1 1 1 1 1 1 1 1 1 1 1 1 1 100 1 100 1 1 1 1 1 1 1 1 1 3 1 1 1
staticfield java/security/AccessController $assertionsDisabled Z 1
ciInstanceKlass java/security/ProtectionDomain 1 1 348 10 7 12 1 1 1 9 7 12 1 1 1 7 1 10 9 12 1 1 9 12 1 1 9 12 1 1 10 7 12 1 1 7 1 9 12 1 9 12 1 1 7 1 9 12 1 1 9 12 1 10 100 12 1 1 10 100 12 1 1 1 10 12 1 1 10 12 1 9 12 1 9 100 12 1 1 10 12 1 1 10 100 1 10 12 1 1 8 1 7 1 8 1 10 12 1 10 11 10 7 12 1 1 1 10 12 1 1 8 1 11 8 1 10 12 1 8 1 8 1 10 12 1 1 10 12 1 10 12 1 1 10 12 1 8 1 10 12 1 8 1 8 1 10 7 12 1 1 1 9 100 12 1 1 1 10 12 1 1 9 100 12 1 1 1 10 7 12 1 1 1 100 1 18 12 1 1 10 7 12 1 1 1 10 7 1 10 12 1 10 12 1 1 11 100 12 1 1 11 12 1 100 1 11 7 12 1 1 1 10 12 1 10 11 12 1 1 11 12 1 1 10 12 1 10 7 12 1 1 10 100 12 1 1 11 12 1 10 12 10 12 1 8 1 8 1 10 7 12 1 1 1 7 1 10 10 7 12 1 1 1 1 1 1 1 1 1 1 7 1 1 7 1 1 1 1 1 1 1 1 1 1 1 1 1 1 1 1 1 1 1 1 1 1 1 1 1 1 1 1 1 1 1 1 1 1 1 1 1 1 1 1 1 1 1 1 7 1 1 1 1 1 1 100 1 1 16 15 10 12 16 15 10 100 12 1 1 1 1 1 1 1 100 1 100 1 1
staticfield java/security/ProtectionDomain filePermCompatInPD Z 0
ciInstanceKlass java/security/CodeSource 1 1 398 10 7 12 1 1 1 9 7 12 1 1 1 9 12 1 1 9 12 1 1 9 12 1 1 10 7 12 1 1 1 9 12 1 1 10 7 12 1 1 10 7 10 7 12 1 1 1 10 100 12 1 1 1 10 12 1 1 7 1 10 10 7 12 1 1 1 10 7 12 1 1 1 10 12 1 1 7 1 10 12 1 1 10 12 1 1 10 12 1 1 10 12 1 10 10 10 12 1 1 10 7 12 1 1 1 10 12 1 10 12 1 10 12 1 8 1 10 12 1 10 12 1 10 12 1 1 10 12 1 8 1 10 12 1 1 10 7 1 10 10 12 1 1 8 1 10 12 1 10 12 1 10 12 1 8 1 8 1 9 12 1 1 100 1 8 1 10 12 1 10 12 1 1 8 1 10 12 1 8 1 8 1 8 1 10 100 12 1 1 10 12 1 1 10 12 1 10 12 1 1 10 12 1 1 10 12 1 1 100 1 100 1 10 12 1 10 12 10 12 1 1 10 100 12 1 1 10 12 1 7 1 10 12 10 100 12 1 1 1 10 8 1 10 12 1 10 12 1 10 12 1 1 100 1 10 12 1 1 100 1 7 1 8 1 8 1 10 10 12 1 1 10 100 12 1 1 1 7 1 10 12 10 12 1 1 11 7 12 1 1 10 10 12 1 11 10 12 1 8 1 100 1 10 12 1 10 12 1 1 10 12 1 11 12 1 1 7 1 1 1 1 5 0 1 1 1 1 1 1 1 1 1 1 1 1 1 1 1 1 1 1 1 1 1 1 1 1 1 1 1 1 1 1 1 1 1 1 1 1 1 1 1 1 1 1 1 1 1 1 1 1 1 1 1 1 1 1 1 1 1 1 1 1 1 1 1 1 1 1 100 1 1 1 1 1 1 1
ciInstanceKlass java/lang/Boolean 1 1 152 10 7 12 1 1 1 9 7 12 1 1 1 10 12 1 1 10 12 1 8 1 10 7 12 1 1 9 12 1 1 9 12 1 10 12 1 1 10 12 1 1 10 12 1 1 10 7 12 1 1 1 100 1 100 1 10 12 1 1 9 100 12 1 1 9 12 10 100 12 1 1 1 10 12 1 1 8 1 10 7 12 1 1 1 9 12 1 1 7 1 7 1 7 1 1 1 1 1 1 5 0 1 1 1 1 1 1 1 1 1 1 3 1 1 1 1 1 1 1 1 1 1 1 1 1 1 1 1 1 1 7 1 1 1 1 1 1 1 1 1 1 100 1 1 1 1 1 1 1 1 1
staticfield java/lang/Boolean TRUE Ljava/lang/Boolean; java/lang/Boolean
staticfield java/lang/Boolean FALSE Ljava/lang/Boolean; java/lang/Boolean
staticfield java/lang/Boolean TYPE Ljava/lang/Class; java/lang/Class
ciInstanceKlass java/lang/Comparable 1 0 12 100 1 100 1 1 1 1 1 1 1 1
ciInstanceKlass java/lang/constant/Constable 1 0 11 100 1 100 1 1 1 1 1 1 1
ciInstanceKlass java/util/Map 1 1 263 11 7 12 1 1 1 11 12 1 1 10 7 12 1 1 11 12 1 1 11 7 12 1 1 1 11 7 12 1 1 1 11 12 1 1 7 1 11 12 1 11 12 1 100 1 100 1 10 12 1 1 11 7 12 1 1 1 11 100 12 1 1 1 11 12 1 11 12 1 10 12 1 1 11 12 1 11 7 12 1 9 7 12 1 1 1 100 1 10 12 7 1 7 1 10 12 1 7 1 10 7 1 11 12 1 11 12 1 1 11 12 1 1 7 1 11 12 1 1 1 1 1 1 1 1 1 1 1 1 1 1 1 1 1 1 1 1 1 1 1 1 1 1 1 1 1 1 1 1 1 1 1 1 1 1 1 1 1 1 1 1 1 1 1 1 1 1 1 1 1 1 1 1 1 1 1 1 1 1 1 1 1 1 1 1 1 1 1 1 1 1 1 1 1 1 1 1 1 1 1 1 1 1 1 1 1 1 1 1 1 1 1 1 1 1 1 1 1 1 1 1 1 1 1 1 1 1 1 1 1 1 1 1 1 1 1 1 1 1 1 1 1 1 100 1 1 1 1 1 1 1 1 1 1 1 1 1 1 1 1 1 1
ciInstanceKlass java/lang/Class 1 1 1698 10 7 12 1 1 1 9 7 12 1 1 1 9 12 1 1 10 12 1 1 8 1 10 12 1 8 1 8 1 10 12 1 1 10 7 12 1 1 1 10 12 1 7 1 10 10 12 1 10 12 1 1 10 12 1 1 10 12 1 1 10 100 12 1 1 10 12 1 10 12 1 10 12 1 8 1 10 12 1 8 1 10 12 1 8 1 8 1 10 12 1 1 10 100 12 1 1 1 18 12 1 1 11 100 12 1 1 1 8 1 8 1 8 1 10 100 12 1 1 1 11 12 1 1 8 1 10 12 1 10 11 100 12 1 1 1 11 7 12 1 1 1 11 8 1 18 8 1 10 12 1 10 7 12 1 1 10 12 1 1 10 7 12 1 1 1 10 12 1 1 10 12 1 1 10 7 12 1 1 1 10 12 9 100 12 1 1 1 10 7 12 1 1 1 10 12 1 10 7 12 1 1 1 10 12 1 1 18 12 1 1 10 7 12 1 1 1 10 7 12 1 10 12 1 1 10 7 1 7 1 10 12 1 1 9 12 1 1 100 1 8 1 10 12 1 10 12 1 1 10 12 1 1 10 7 12 1 1 1 7 1 10 12 1 100 1 100 1 10 10 12 1 1 10 12 1 1 100 1 10 7 12 1 1 1 10 12 1 1 10 12 1 1 9 12 1 1 10 12 1 10 12 1 1 9 12 1 1 9 12 1 1 10 12 1 1 10 100 1 10 12 1 10 12 1 10 12 1 1 10 9 12 1 10 12 1 8 1 10 12 1 1 10 12 1 1 10 12 1 10 12 1 1 10 12 1 1 10 12 1 1 9 7 12 1 1 1 10 100 12 1 1 10 12 10 12 1 10 12 1 10 12 1 10 12 1 9 100 12 1 1 1 9 12 1 10 12 1 10 100 12 1 1 1 10 12 1 1 10 100 12 1 1 10 12 1 10 12 1 1 10 100 12 1 1 1 10 12 1 10 12 1 1 10 12 1 10 12 1 10 12 1 1 10 7 1 10 10 10 12 1 1 10 12 1 1 10 12 10 10 12 1 1 7 1 8 1 10 10 12 1 1 10 12 1 100 1 11 12 1 10 100 12 1 1 10 12 1 10 12 1 10 100 12 1 1 10 10 12 1 1 8 1 10 12 1 10 12 1 1 8 1 10 12 1 9 12 1 10 12 1 10 12 1 10 12 1 10 12 7 1 9 12 1 10 12 1 9 12 1 10 12 1 10 12 1 10 12 1 10 10 12 1 10 12 1 10 100 12 1 1 10 12 1 10 12 1 10 12 1 1 10 12 1 10 12 1 10 12 1 100 1 10 12 1 10 12 1 1 10 12 1 1 10 12 1 1 10 12 1 1 10 12 1 1 10 12 1 1 100 1 10 10 12 1 1 10 12 1 1 10 12 1 1 10 10 12 1 10 12 1 1 10 12 1 1 10 12 1 1 10 12 1 1 7 1 10 10 12 11 7 12 1 1 10 12 1 10 12 1 10 7 12 1 1 1 10 12 1 1 10 10 12 1 1 7 1 10 10 12 1 1 10 7 12 1 1 1 100 1 100 1 10 12 1 1 10 12 1 10 10 12 1 1 10 12 1 10 12 1 10 12 1 10 100 12 1 1 1 11 100 12 1 1 10 12 1 10 12 1 9 12 1 10 12 1 1 10 12 1 9 12 1 1 100 1 10 9 12 1 1 10 12 7 1 10 12 1 9 12 1 10 100 12 1 1 1 10 12 1 10 12 1 10 100 12 1 1 1 10 12 1 10 12 10 12 1 1 100 1 10 8 1 10 12 1 11 11 12 1 1 11 7 12 1 1 11 12 1 8 1 10 12 1 10 12 1 1 9 12 1 9 12 1 1 10 7 12 1 1 9 12 1 10 12 1 1 10 10 12 1 10 7 12 1 1 1 10 100 12 1 1 10 100 12 1 1 9 12 1 1 10 12 1 9 12 1 10 12 1 10 12 1 1 9 12 1 1 9 12 1 10 12 1 10 12 1 1 9 12 1 100 1 10 10 12 1 1 7 1 10 12 1 1 100 11 7 1 9 12 1 1 9 12 1 7 1 10 12 1 9 12 1 1 9 12 1 10 12 1 10 12 1 1 9 12 1 100 1 10 10 12 1 1 10 10 12 1 10 12 10 10 12 1 9 12 1 10 12 1 1 10 7 12 1 1 1 10 12 1 1 10 12 1 8 10 100 8 1 18 8 1 8 1 10 12 1 9 12 1 9 12 1 1 10 12 1 7 1 7 1 10 12 1 9 12 1 1 7 1 10 10 12 1 10 7 1 9 12 1 8 1 10 12 1 7 1 10 12 1 10 12 1 1 100 1 7 1 9 12 1 100 1 8 1 10 10 7 12 1 1 1 10 12 11 7 12 1 1 1 10 12 1 10 12 1 1 10 8 1 8 1 10 12 1 1 9 100 12 1 1 11 12 7 1 11 7 12 1 1 9 12 1 10 100 12 1 1 1 10 100 12 1 1 10 12 1 1 9 12 1 9 10 12 1 1 10 12 1 1 10 12 1 1 10 12 1 1 10 12 1 1 11 12 1 100 1 11 12 1 10 100 12 1 1 1 10 12 1 11 12 1 10 100 12 1 1 1 10 12 1 10 100 12 1 1 1 11 12 1 11 12 1 1 10 12 1 10 12 1 1 9 12 1 1 9 100 12 1 1 10 12 1 10 100 12 1 1 1 10 12 1 1 10 12 1 10 12 1 10 12 1 10 7 12 1 1 1 10 12 1 8 1 10 12 1 10 12 1 10 12 1 100 1 10 12 10 100 12 1 1 1 11 100 12 1 1 1 10 12 1 1 10 12 1 18 12 1 1 11 12 1 1 18 11 12 1 18 12 1 11 12 1 10 12 1 1 10 12 1 10 12 1 10 12 1 10 12 1 10 12 10 12 1 8 1 10 12 1 7 1 9 12 1 1 7 1 7 1 7 1 7 1 1 1 3 1 3 1 3 1 1 1 1 1 1 1 5 0 1 1 1 1 1 1 1 1 1 1 1 1 1 1 1 1 1 1 1 1 1 1 1 1 100 1 1 1 1 1 1 1 100 1 1 1 1 1 7 1 1 1 1 1 1 1 1 1 1 1 1 1 1 1 1 1 1 1 1 1 1 1 1 1 1 1 1 1 1 1 1 1 1 1 1 1 1 1 1 1 1 100 1 1 1 1 1 1 1 1 1 1 1 1 1 1 1 1 1 1 1 1 1 1 1 1 1 1 1 1 1 1 1 100 1 1 1 1 1 1 1 1 1 1 1 1 1 1 1 1 1 1 1 1 3 1 1 1 1 1 1 1 1 1 1 1 1 1 1 1 1 1 1 1 1 1 1 1 1 1 1 1 1 1 1 1 1 1 1 1 7 1 7 1 1 1 1 1 1 1 1 1 1 1 1 1 1 1 1 1 1 1 1 1 1 1 1 1 1 1 1 1 1 1 1 1 1 1 1 1 1 1 1 1 1 1 1 1 1 1 1 1 1 1 1 1 1 1 1 1 1 1 1 1 1 1 1 1 1 1 1 1 1 1 1 1 1 1 1 1 1 1 1 1 1 1 1 1 1 1 1 1 1 1 1 1 1 1 1 1 1 1 1 1 1 1 1 1 1 1 1 1 1 1 1 1 1 1 1 1 1 1 1 1 1 1 1 1 1 1 1 1 1 1 1 16 15 10 12 16 15 11 12 16 1 16 15 16 15 10 12 16 16 15 10 12 16 15 16 1 15 10 12 16 15 10 100 12 1 1 1 1 1 1 1 1 1 1 1 1 7 1 1 100 1 100 1 1 100 1 100 1 1 100 1 100 1 1
staticfield java/lang/Class EMPTY_CLASS_ARRAY [Ljava/lang/Class; 0 [Ljava/lang/Class;
staticfield java/lang/Class serialPersistentFields [Ljava/io/ObjectStreamField; 0 [Ljava/io/ObjectStreamField;
ciInstanceKlass java/lang/reflect/AnnotatedElement 1 1 164 11 7 12 1 1 1 11 12 1 1 7 1 10 100 12 1 1 1 10 12 1 1 10 12 1 1 10 12 1 10 100 12 1 1 1 11 12 1 1 11 7 12 1 1 10 7 12 1 1 1 10 12 1 10 100 12 1 1 1 18 12 1 1 11 100 12 1 1 18 12 1 18 12 1 1 10 100 12 1 1 1 11 100 12 1 1 1 7 1 10 100 12 1 1 1 1 1 1 1 1 1 1 1 1 1 1 1 1 1 1 1 1 1 1 1 1 1 100 1 1 1 1 1 1 1 1 1 1 1 16 15 16 1 16 1 15 11 12 16 16 1 15 10 100 12 1 1 1 16 1 15 10 100 12 1 1 1 1 100 1 100 1 1
ciInstanceKlass java/lang/invoke/TypeDescriptor 1 0 17 100 1 100 1 1 1 1 1 1 100 1 100 1 1 1 1
ciInstanceKlass java/lang/reflect/GenericDeclaration 1 0 30 7 1 7 1 7 1 1 1 1 1 1 1 1 100 1 8 1 1 12 10 1 1 1 8 1 1 1 8 1
ciInstanceKlass java/lang/reflect/Type 1 1 17 11 100 12 1 1 1 100 1 1 1 1 1 1 1 1 1
ciInstanceKlass java/lang/invoke/TypeDescriptor$OfField 1 0 21 100 1 100 1 100 1 1 1 1 1 1 1 1 1 1 1 1 1 1 1
ciInstanceKlass java/lang/StringBuilder 1 1 422 10 7 12 1 1 1 10 12 1 10 12 1 10 12 1 1 10 7 12 1 1 1 10 7 12 1 1 1 10 12 1 10 12 1 10 12 1 10 12 1 10 12 1 10 12 1 10 12 1 10 12 1 10 12 1 10 12 1 10 12 1 10 12 1 10 12 1 10 12 1 1 10 12 1 10 12 1 1 10 12 1 1 10 12 1 10 12 1 10 12 1 10 12 1 10 12 1 10 12 1 10 12 1 10 12 10 12 1 10 12 1 10 12 1 10 12 1 1 10 12 1 10 12 1 10 12 10 12 1 1 10 12 1 10 12 1 10 12 1 10 100 12 1 1 1 9 12 1 1 10 12 1 10 12 1 1 10 12 1 1 9 12 1 1 10 100 12 1 1 1 10 100 1 10 12 1 1 10 100 12 1 1 10 12 1 10 12 1 1 100 1 100 1 8 1 10 10 12 1 1 10 12 1 10 12 1 10 12 1 1 10 12 1 10 12 1 10 12 1 10 12 1 10 12 1 10 12 10 12 1 10 12 1 10 12 1 10 12 1 10 12 1 10 12 1 10 12 1 10 12 1 10 12 1 1 10 12 1 1 10 12 1 10 12 1 10 12 1 10 12 10 12 10 12 1 10 12 1 10 12 1 10 12 10 12 1 10 12 1 10 12 1 10 12 1 10 12 1 10 12 1 10 12 1 10 12 1 10 12 1 1 10 12 1 10 12 1 1 10 12 1 10 12 1 1 10 12 1 10 12 1 1 10 12 1 10 12 1 10 12 1 10 10 12 1 10 12 1 7 1 7 1 7 1 7 1 1 1 1 5 0 1 1 1 1 1 1 1 1 1 1 1 1 1 1 1 1 1 1 1 1 1 1 1 1 1 1 1 1 1 1 1 1 1 1 1 1 1 1 1 1 1 1 1 1 100 1 1 1 7 1 1 1 1 1 1 1 1 1 1 1
instanceKlass java/lang/StringBuilder
instanceKlass java/lang/StringBuffer
ciInstanceKlass java/lang/AbstractStringBuilder 1 1 605 7 1 10 7 12 1 1 1 9 7 12 1 1 1 9 12 1 9 12 1 1 9 12 1 1 10 100 12 1 1 1 10 12 1 1 7 1 3 3 10 12 1 10 12 1 1 11 7 1 100 1 7 1 10 8 1 10 12 1 10 12 1 10 12 1 1 10 12 1 10 12 1 9 12 1 10 12 1 9 12 1 1 10 12 1 1 10 7 12 1 1 1 10 10 12 1 10 12 1 10 12 1 1 10 12 1 1 10 7 12 1 1 1 10 7 12 1 1 1 7 1 8 1 10 10 12 1 1 100 1 10 12 10 12 1 1 10 10 12 1 1 10 12 1 1 10 12 1 1 10 12 1 1 10 10 7 12 1 1 1 10 12 1 100 1 10 10 7 12 1 1 1 9 12 1 1 9 12 1 10 12 1 1 10 10 12 1 1 10 12 10 12 1 10 12 1 1 10 12 1 1 10 12 1 1 10 12 1 10 12 1 1 10 12 1 1 10 12 1 10 12 1 1 8 1 10 12 1 1 10 12 1 10 12 1 10 12 1 10 12 1 10 12 1 10 12 1 10 7 12 1 1 10 12 1 10 12 1 10 100 12 1 1 1 100 1 100 1 10 12 1 10 100 12 1 1 10 12 1 10 12 1 10 12 1 10 12 1 1 10 12 1 10 12 1 1 10 12 1 1 10 10 7 12 1 1 1 10 12 1 10 12 1 10 12 1 1 10 12 1 10 12 1 10 12 1 10 12 1 10 12 1 10 12 1 10 12 1 10 12 1 10 12 1 1 10 12 1 10 12 1 10 12 10 12 1 1 18 12 1 1 100 1 10 100 12 1 1 1 18 10 12 1 1 10 12 1 10 12 1 1 11 12 1 1 10 12 1 10 12 10 12 1 10 10 10 12 1 10 5 0 10 10 12 1 1 100 1 8 1 10 10 12 1 1 10 100 12 1 1 1 10 12 1 10 12 1 1 100 1 10 12 100 1 10 100 1 10 7 1 1 1 1 1 1 1 1 1 1 1 100 1 1 1 1 1 1 1 1 1 1 1 1 1 1 1 1 1 1 1 1 1 1 1 1 1 1 1 1 1 1 1 1 1 1 1 1 1 1 1 1 1 1 1 1 1 1 1 1 1 1 1 1 1 1 1 1 1 1 1 1 1 1 1 1 1 1 1 1 1 1 1 1 1 1 1 1 1 1 1 1 1 1 1 1 1 1 1 1 1 1 1 1 1 1 1 1 1 1 1 1 100 1 1 1 1 1 1 1 1 1 1 1 1 1 1 1 1 1 100 1 1 1 1 1 1 7 1 1 16 1 15 10 12 16 15 10 12 15 10 100 12 1 1 1 1 1 1 1 100 1 100 1 1
staticfield java/lang/AbstractStringBuilder EMPTYVALUE [B 0
ciInstanceKlass java/lang/Appendable 1 0 14 100 1 100 1 1 1 1 100 1 1 1 1 1
ciInstanceKlass java/lang/CharSequence 1 1 131 11 7 12 1 1 1 18 12 1 1 100 1 10 100 12 1 1 1 18 10 100 12 1 1 1 11 12 1 1 11 7 1 11 12 1 1 10 100 12 1 1 1 11 12 1 1 100 1 10 12 1 1 10 100 12 1 1 1 100 1 10 10 12 1 1 7 1 1 1 1 1 1 1 1 1 1 1 1 1 1 1 1 1 1 1 1 1 1 1 1 1 1 1 1 1 1 1 1 1 16 1 15 11 12 16 15 11 12 15 10 100 12 1 1 1 1 1 100 1 100 1 1 100 1 1 100 1 100 1 1
ciInstanceKlass java/lang/AutoCloseable 1 0 12 100 1 100 1 1 1 1 100 1 1 1
ciInstanceKlass java/io/Closeable 1 0 14 100 1 100 1 100 1 1 1 1 100 1 1 1
instanceKlass com/android/tools/r8/internal/mA
instanceKlass java/security/GeneralSecurityException
instanceKlass java/lang/InterruptedException
instanceKlass com/android/tools/r8/shaking/H3
instanceKlass java/lang/CloneNotSupportedException
instanceKlass com/android/tools/r8/internal/WS
instanceKlass sun/nio/fs/WindowsException
instanceKlass com/android/tools/r8/ResourceException
instanceKlass com/android/tools/r8/CompilationFailedException
instanceKlass java/util/concurrent/ExecutionException
instanceKlass java/io/IOException
instanceKlass java/lang/ReflectiveOperationException
instanceKlass java/lang/RuntimeException
ciInstanceKlass java/lang/Exception 1 1 40 10 7 12 1 1 1 10 12 1 10 12 1 10 12 1 10 12 1 100 1 1 1 1 5 0 1 1 1 1 1 1 1 1 1 1 1 1 1 1
instanceKlass java/lang/Exception
instanceKlass java/lang/Error
ciInstanceKlass java/lang/Throwable 1 1 404 10 7 12 1 1 1 9 7 12 1 1 1 9 12 1 1 9 12 1 9 12 1 1 9 12 1 10 12 1 1 9 12 1 1 10 12 1 1 10 12 1 100 1 7 1 10 8 1 10 12 1 1 8 1 10 100 12 1 1 10 10 12 1 100 1 8 1 10 10 12 1 1 10 7 12 1 1 10 12 1 8 1 9 7 12 1 1 1 10 12 1 1 100 1 10 12 10 12 1 10 100 12 1 1 1 100 1 10 12 10 12 1 10 12 1 100 1 10 10 7 12 1 1 1 11 100 12 1 1 1 10 12 1 1 10 12 1 1 8 1 10 12 1 10 12 1 1 8 1 8 1 10 12 1 1 10 12 1 8 1 8 1 9 12 1 1 10 12 1 1 100 1 10 11 12 1 8 1 8 1 10 7 12 1 1 8 1 10 12 1 8 1 100 1 10 12 1 9 12 1 1 10 12 1 10 100 12 1 9 12 1 1 10 12 1 1 100 1 8 1 10 12 1 10 100 12 1 1 10 12 1 1 7 1 10 100 12 1 1 1 10 12 1 11 7 12 1 1 1 11 7 12 1 1 11 12 1 8 1 10 12 1 1 8 1 10 10 9 100 12 1 1 1 8 1 10 12 1 1 11 10 100 1 8 1 10 11 12 1 1 8 1 9 12 1 10 100 12 1 1 11 9 12 1 1 11 12 1 1 100 10 12 1 10 12 1 1 7 1 1 1 1 5 0 1 1 1 1 1 1 1 1 1 1 1 1 1 7 1 1 1 1 1 1 1 1 1 1 1 1 1 1 1 1 1 1 1 1 1 1 1 1 1 1 1 1 1 1 1 1 1 1 1 1 1 1 1 1 1 1 1 1 100 1 7 1 1 1 1 1 1 1 1 1 1 1 1 1 1 1 1 1 1
staticfield java/lang/Throwable UNASSIGNED_STACK [Ljava/lang/StackTraceElement; 0 [Ljava/lang/StackTraceElement;
staticfield java/lang/Throwable SUPPRESSED_SENTINEL Ljava/util/List; java/util/Collections$EmptyList
staticfield java/lang/Throwable EMPTY_THROWABLE_ARRAY [Ljava/lang/Throwable; 0 [Ljava/lang/Throwable;
staticfield java/lang/Throwable $assertionsDisabled Z 1
instanceKlass java/security/Provider
ciInstanceKlass java/util/Properties 1 1 690 10 7 12 1 1 1 100 1 10 7 12 1 1 7 1 10 12 1 9 12 1 1 9 12 1 1 9 12 1 1 10 7 12 1 1 1 10 12 1 1 8 1 10 7 12 1 1 1 7 1 10 12 1 10 12 1 1 8 1 10 12 1 7 1 10 12 10 12 1 1 9 12 1 1 10 12 1 1 7 1 10 12 1 10 12 1 10 12 1 1 100 1 8 1 10 12 1 10 12 1 10 12 1 1 10 12 1 7 1 3 10 10 100 12 1 1 1 10 12 1 10 12 1 1 8 1 10 12 1 10 12 1 1 8 1 10 100 12 1 1 10 12 1 1 10 12 1 10 12 1 1 100 1 10 12 1 10 12 1 1 100 1 9 100 12 1 1 1 10 12 1 10 12 1 1 10 12 1 1 10 12 1 1 100 1 9 12 1 1 7 1 7 1 10 12 1 7 1 11 7 12 1 1 1 11 12 1 1 11 7 12 1 1 1 11 7 12 1 1 1 11 12 1 1 11 12 1 11 12 1 10 12 1 1 8 1 10 12 1 10 100 12 1 1 10 12 1 100 1 10 10 12 1 10 12 1 100 1 10 10 12 1 1 10 7 12 1 1 9 100 12 1 1 10 12 1 1 10 100 12 1 1 1 100 1 100 1 100 1 10 8 1 8 1 10 12 1 10 12 1 10 12 1 1 10 10 12 1 1 10 12 1 1 7 1 10 10 12 1 11 7 12 1 1 10 7 12 1 1 1 8 1 10 100 12 1 1 11 11 7 1 8 1 10 100 1 11 10 12 1 10 10 12 1 10 12 1 1 10 12 1 1 10 12 1 1 10 12 1 10 12 1 10 10 12 1 10 12 1 10 12 1 10 10 12 1 1 10 12 1 1 10 10 12 1 10 12 1 10 12 1 10 12 1 10 12 1 1 10 12 1 1 10 12 1 10 12 1 10 12 1 1 10 12 10 12 1 1 10 12 1 1 10 12 1 10 12 1 1 10 12 1 1 10 12 10 11 12 1 4 11 10 12 1 1 10 100 12 1 1 11 12 1 10 12 1 1 10 100 12 1 1 10 12 1 100 1 8 1 10 12 1 10 10 100 12 1 1 1 100 1 6 0 10 12 1 1 11 100 12 1 1 1 10 12 1 10 12 1 1 1 1 1 5 0 1 1 1 1 1 1 1 1 1 1 1 1 1 1 1 1 1 1 1 1 1 1 1 1 1 1 1 1 1 1 1 1 1 1 1 1 1 1 1 100 1 1 1 1 1 1 1 1 1 1 1 1 1 1 1 1 1 1 1 1 100 1 1 1 1 1 1 1 1 1 1 1 1 7 1 7 1 1 1 1 1 100 1 1 1 1 1 1 1 1 1 1 1 1 1 1 1 1 1 1 1 1 1 1 1 1 1 1 1 1 1 1 1 1 1 1 1 1 1 1 1 1 1 1 1 1 1 1 1 1 1 1 1 1 1 1 1 1 1 1 1 1 1 1 1 1 1 1 1 1 1 1 1 1 1 1 1 1 1 7 1 1 1 1 1 1 1 1 1 1 1 100 1 1
staticfield java/util/Properties UNSAFE Ljdk/internal/misc/Unsafe; jdk/internal/misc/Unsafe
instanceKlass java/util/Hashtable
ciInstanceKlass java/util/Dictionary 1 1 36 10 7 12 1 1 1 100 1 1 1 1 1 1 1 1 1 1 1 1 1 1 1 1 1 1 1 1 1 1 1 1 1 1 1 1
instanceKlass java/util/Properties
ciInstanceKlass java/util/Hashtable 1 1 516 7 1 10 7 12 1 1 1 9 7 12 1 1 1 100 1 7 1 10 8 1 10 12 1 1 10 12 1 10 12 1 1 10 12 1 10 7 12 1 1 1 8 1 10 12 1 9 12 1 1 7 1 9 12 1 1 4 10 7 12 1 1 1 9 12 1 4 10 12 1 11 7 12 1 1 1 10 12 1 1 10 12 1 1 9 12 1 10 12 1 1 100 1 10 9 12 1 1 10 7 12 1 1 1 9 12 1 1 10 12 1 10 12 1 3 9 12 1 9 12 1 3 10 12 1 10 12 1 10 12 1 1 11 12 1 1 11 100 12 1 1 1 11 7 12 1 1 1 11 12 1 100 1 11 12 1 11 12 1 10 12 1 1 10 12 1 1 10 12 1 9 12 1 1 9 12 9 12 1 1 10 100 1 7 1 10 12 1 10 8 1 10 10 12 1 8 1 10 8 1 10 100 12 1 1 1 7 1 10 12 1 10 12 1 100 1 10 12 1 10 12 1 1 100 1 10 100 1 10 10 12 1 1 11 12 1 1 11 12 1 7 1 10 10 10 100 12 1 1 11 100 12 1 1 1 100 1 10 11 100 12 1 1 11 100 12 1 10 12 1 10 12 1 1 10 100 12 1 1 10 12 1 1 10 12 1 1 10 12 1 1 10 100 12 1 1 1 8 10 100 12 1 1 100 1 8 1 10 4 4 10 12 1 1 10 12 1 8 1 4 10 12 10 100 12 1 1 1 100 1 11 100 12 1 1 1 10 100 12 1 1 1 10 12 1 10 12 1 1 10 7 1 7 1 1 1 1 1 1 5 0 1 1 1 1 1 3 1 3 1 3 1 1 1 1 1 1 1 1 1 1 1 1 1 1 1 1 1 1 1 1 1 1 1 1 1 100 1 1 1 1 1 1 1 1 1 1 1 1 1 1 1 1 1 1 1 1 1 1 1 1 1 1 1 1 1 7 1 1 1 1 1 1 1 1 1 1 1 1 1 1 7 1 1 1 1 1 1 1 1 1 1 1 1 1 1 1 1 1 1 1 1 1 1 1 1 1 1 1 1 1 1 1 1 1 1 1 1 1 1 1 1 1 1 1 1 100 1 1 1 7 1 1 1 1 1 7 1 1 1 1 1 1 1 1 1 1 1 1 1 1 1 1 1 1
ciInstanceKlass java/lang/String 1 1 1443 10 7 12 1 1 1 8 1 9 7 12 1 1 1 9 12 1 1 9 12 1 1 9 12 1 1 10 12 1 10 12 1 1 10 12 1 1 9 12 1 10 7 12 1 1 1 10 7 1 10 7 12 1 1 1 10 12 1 1 10 12 1 1 10 12 1 10 12 1 1 10 12 1 10 7 12 1 1 1 7 1 9 7 12 1 1 1 10 7 12 1 1 1 10 7 12 1 1 1 10 12 1 1 10 12 1 1 10 12 1 1 10 12 1 1 9 7 12 1 1 10 12 9 7 12 1 1 10 12 1 1 3 10 12 1 1 7 1 11 12 1 1 11 12 1 11 12 1 1 10 100 12 1 1 1 10 12 1 1 9 100 12 1 1 1 10 12 1 1 10 12 1 11 12 1 1 10 12 1 1 10 12 10 12 1 1 10 7 12 1 1 1 10 12 1 1 10 12 1 1 100 1 7 1 10 12 1 10 12 1 10 12 1 1 100 1 10 12 1 1 100 1 10 12 1 1 10 12 1 1 10 12 1 10 10 12 1 100 1 100 1 100 1 10 12 1 10 12 1 1 10 12 1 1 10 12 1 10 12 1 1 10 12 1 1 10 100 12 1 1 100 1 11 10 7 12 1 1 11 12 1 11 12 1 10 12 1 1 10 12 1 10 12 10 12 1 1 10 10 100 12 1 1 1 10 100 12 1 1 10 12 1 1 10 100 12 1 1 10 12 1 10 12 1 1 10 12 1 1 10 12 1 10 12 1 10 12 1 1 100 1 10 12 1 1 10 12 10 12 1 10 12 1 1 10 12 1 1 10 7 12 1 1 1 10 12 1 10 12 1 1 10 12 1 10 12 1 3 3 10 12 1 1 10 12 1 10 12 1 1 10 12 1 1 10 12 1 1 10 12 1 10 12 1 1 10 12 1 1 10 12 1 10 12 1 10 12 1 10 12 1 1 10 12 1 10 12 1 10 12 1 10 12 1 10 12 1 10 12 1 10 7 1 10 8 1 10 12 1 1 10 12 1 8 1 10 12 1 1 10 12 10 12 1 8 1 10 10 12 1 1 10 12 1 1 10 12 1 1 10 7 1 10 10 12 1 10 12 1 10 12 1 10 10 12 1 10 12 1 10 12 1 10 12 1 10 12 1 10 12 1 10 12 1 1 10 12 1 1 10 12 1 1 10 10 12 1 1 10 10 12 1 100 1 10 10 12 1 1 10 12 1 1 10 7 1 10 12 1 10 12 1 10 7 12 1 1 1 10 12 1 10 12 1 1 10 12 1 11 7 1 11 12 10 12 1 10 12 1 1 10 12 1 1 10 10 12 1 10 12 1 9 12 1 1 11 7 12 1 1 1 10 12 10 10 12 1 10 12 1 1 10 10 12 1 10 12 1 10 12 1 1 10 12 1 1 10 10 12 1 1 10 12 1 10 10 12 1 10 12 10 10 12 10 10 12 1 10 12 1 10 10 12 10 7 12 1 1 1 10 12 10 10 12 10 12 1 10 12 10 12 10 10 12 1 10 12 1 1 10 12 1 1 10 10 12 1 10 7 12 1 1 1 10 12 1 1 10 10 100 12 1 1 1 11 10 12 1 10 12 1 1 10 12 1 1 10 100 12 1 1 1 10 12 1 10 12 1 10 12 1 10 12 1 10 12 1 10 12 1 100 1 7 1 8 1 10 10 10 12 1 10 12 1 1 8 1 10 12 1 3 3 10 12 1 10 12 1 1 10 12 7 1 10 10 12 1 1 10 12 1 10 12 1 10 12 1 1 10 12 1 1 11 7 12 1 1 1 7 1 10 12 1 10 12 1 1 8 1 10 12 1 1 10 12 1 11 7 12 1 1 1 11 7 12 1 1 11 12 1 10 12 1 10 12 1 1 10 10 100 12 1 1 1 10 12 1 10 12 1 10 10 12 10 12 1 1 10 10 12 1 10 10 12 1 10 10 12 1 10 10 12 1 10 12 1 1 10 10 12 1 8 1 10 12 1 1 18 12 1 1 11 100 12 1 1 1 7 1 3 18 12 1 18 12 1 8 1 10 100 12 1 1 1 11 12 1 1 10 12 10 10 12 1 10 11 12 1 1 10 12 1 1 11 12 1 18 3 11 10 12 1 11 11 10 12 1 10 12 1 1 8 1 10 12 1 10 12 1 10 12 1 1 10 10 12 1 11 100 12 1 100 1 100 1 10 12 100 1 10 10 100 12 1 1 1 100 1 10 7 1 10 10 12 1 10 10 12 1 8 1 10 10 12 1 8 1 8 1 10 12 1 10 12 1 10 10 12 10 7 12 1 1 10 7 12 1 1 10 7 12 1 1 8 1 10 12 1 10 12 1 10 9 12 1 10 12 9 7 12 1 1 1 10 12 1 10 12 1 10 12 1 10 12 1 10 12 1 8 1 10 100 12 1 1 1 10 12 10 12 1 1 10 12 10 10 12 10 12 7 1 9 12 1 1 7 1 10 7 1 7 1 7 1 7 1 1 1 1 1 1 5 0 1 1 1 1 1 3 1 3 1 1 1 1 1 1 1 1 1 1 1 1 1 1 1 100 1 1 1 1 1 1 1 1 1 1 1 1 1 1 1 1 1 1 1 1 1 1 1 1 1 1 1 1 1 1 1 100 1 1 1 1 1 1 1 1 1 1 7 1 1 1 1 1 1 1 1 1 1 1 1 1 1 1 1 1 1 1 1 1 1 1 1 1 1 1 1 1 1 1 1 1 1 1 1 1 1 1 1 1 1 1 1 1 1 1 1 1 1 1 1 1 1 1 1 1 1 1 1 1 1 1 1 1 1 1 1 1 1 1 1 1 1 1 1 1 1 1 1 1 1 1 1 1 1 1 1 1 1 1 1 1 1 1 1 1 1 1 1 1 1 1 1 1 1 1 1 1 1 1 1 1 1 1 1 1 1 1 1 1 1 1 1 1 1 1 1 1 1 1 1 1 1 1 1 1 1 1 1 1 1 1 1 1 1 1 1 1 1 1 1 1 1 1 1 1 1 1 1 1 1 1 1 1 1 1 1 1 1 1 1 1 1 1 100 1 1 1 1 1 1 1 1 1 1 1 1 1 1 1 1 1 1 1 1 1 1 1 100 1 1 1 1 1 1 1 1 1 1 1 1 1 1 1 7 1 1 1 1 1 1 1 1 1 1 1 1 1 1 1 16 15 10 12 16 15 10 12 15 10 12 15 10 12 15 10 100 12 1 1 1 1 1 1 1 100 1 100 1 1 1
staticfield java/lang/String COMPACT_STRINGS Z 1
staticfield java/lang/String serialPersistentFields [Ljava/io/ObjectStreamField; 0 [Ljava/io/ObjectStreamField;
staticfield java/lang/String CASE_INSENSITIVE_ORDER Ljava/util/Comparator; java/lang/String$CaseInsensitiveComparator
ciInstanceKlass java/lang/constant/ConstantDesc 1 0 37 100 1 100 1 1 1 1 100 1 1 1 1 100 1 100 1 100 1 100 1 100 1 100 1 100 1 100 1 100 1 1 100 1 100 1 1
ciInstanceKlass java/lang/InternalError 0 0 34 10 100 12 1 1 1 10 12 1 10 12 1 10 12 1 100 1 1 1 1 5 0 1 1 1 1 1 1 1 1 1 1 1
instanceKlass java/lang/AssertionError
instanceKlass java/lang/VirtualMachineError
instanceKlass java/lang/LinkageError
ciInstanceKlass java/lang/Error 1 1 40 10 7 12 1 1 1 10 12 1 10 12 1 10 12 1 10 12 1 100 1 1 1 1 5 0 1 1 1 1 1 1 1 1 1 1 1 1 1 1
instanceKlass java/lang/StackOverflowError
instanceKlass java/lang/OutOfMemoryError
instanceKlass java/lang/InternalError
ciInstanceKlass java/lang/VirtualMachineError 1 1 34 10 100 12 1 1 1 10 12 1 10 12 1 10 12 1 100 1 1 1 1 5 0 1 1 1 1 1 1 1 1 1 1 1
ciInstanceKlass java/util/Iterator 1 1 53 100 1 8 1 10 12 1 1 10 7 12 1 1 1 11 7 12 1 1 1 11 12 1 1 11 7 12 1 1 1 7 1 1 1 1 1 1 1 1 1 1 1 1 1 1 1 1 1 1 1 1 1
instanceKlass java/util/jar/JarVerifier$VerifierStream
instanceKlass java/util/zip/ZipFile$ZipFileInputStream
instanceKlass java/io/FilterInputStream
instanceKlass java/io/FileInputStream
instanceKlass java/io/ByteArrayInputStream
ciInstanceKlass java/io/InputStream 1 1 195 7 1 10 7 12 1 1 1 100 1 10 10 7 12 1 1 1 10 7 12 1 1 1 10 12 1 100 1 3 10 12 1 1 100 1 8 1 10 12 1 10 7 12 1 1 1 3 7 1 8 1 10 10 7 12 1 1 1 7 1 10 11 7 12 1 1 1 10 12 1 1 11 12 1 1 11 7 12 1 1 1 11 12 1 1 7 1 10 7 12 1 1 1 5 0 10 12 1 10 12 1 1 100 1 10 8 1 10 8 1 8 1 10 12 1 1 10 100 12 1 1 1 7 1 5 0 10 12 1 100 1 7 1 1 1 1 3 1 3 1 1 1 1 1 1 1 1 1 1 1 1 1 1 1 1 1 1 1 1 1 1 1 1 1 1 1 1 1 1 1 1 1 1 1 1 1 1 1 1 1 1 1 1 1 1 1 1 1 1 1 1 1 1 1
ciInstanceKlass jdk/internal/misc/Unsafe 1 1 1287 10 7 12 1 1 1 9 7 12 1 1 1 9 12 1 1 10 12 1 1 10 7 12 1 1 1 10 12 1 1 10 12 1 1 10 12 1 1 10 12 1 1 10 12 1 1 10 12 1 1 10 12 1 1 10 12 1 1 10 12 1 1 10 12 1 1 10 12 1 1 10 12 1 1 10 12 1 1 10 12 1 10 12 1 100 1 10 10 12 1 1 10 12 1 1 5 0 10 12 1 1 10 12 1 1 10 7 12 1 1 1 10 12 1 1 10 12 1 10 12 1 10 12 1 1 10 12 1 1 10 12 1 10 12 1 7 1 7 1 10 8 1 10 12 1 1 10 12 1 8 1 10 12 1 1 10 12 1 10 12 1 10 12 1 1 10 12 1 10 12 1 1 10 12 1 1 10 12 1 10 12 1 10 12 1 10 12 1 1 10 12 1 10 12 1 10 12 1 1 10 12 1 5 0 5 0 5 0 10 12 1 10 12 1 10 12 1 10 12 1 10 12 1 10 12 1 10 12 1 10 12 1 10 12 1 1 10 12 1 10 12 1 7 1 8 1 10 100 1 10 10 12 1 1 10 12 1 1 10 12 1 10 12 1 1 10 12 1 1 10 12 1 10 12 1 1 10 12 1 9 7 12 1 1 9 12 1 100 1 10 10 12 1 1 8 1 10 8 1 8 1 10 12 1 1 9 7 12 1 1 1 9 7 1 9 7 1 9 7 1 9 9 7 1 9 7 1 9 7 1 10 12 1 1 10 12 1 1 10 12 1 1 10 12 1 1 5 0 5 0 9 12 1 1 10 12 1 10 12 1 10 12 1 1 10 12 1 1 10 12 1 8 1 3 10 12 1 1 10 12 1 1 10 12 1 10 12 1 1 10 12 1 1 10 12 1 10 12 1 10 12 1 10 12 1 10 12 1 10 12 1 1 10 12 1 1 10 12 1 10 12 1 10 12 1 10 12 1 10 12 1 10 12 1 1 10 12 1 1 10 12 1 10 12 1 10 12 1 10 12 1 10 12 1 10 12 1 1 10 12 1 1 10 12 1 1 10 12 1 1 10 12 1 10 12 1 10 12 1 10 12 1 10 12 1 10 12 1 10 12 1 1 10 12 1 1 10 12 1 10 12 1 10 12 1 10 12 1 10 12 1 10 12 1 10 12 1 1 10 12 1 1 10 12 1 10 12 1 10 12 1 10 12 1 10 12 1 10 12 1 10 12 1 10 12 1 1 10 12 1 10 12 1 10 12 1 10 12 1 10 12 1 1 10 12 1 10 12 1 10 12 1 10 12 1 10 12 1 10 12 1 10 12 1 10 12 1 1 10 12 1 10 12 1 10 12 1 10 12 1 10 12 1 10 12 1 1 10 12 1 10 12 1 10 12 1 1 10 12 1 10 12 1 10 12 1 10 12 1 10 12 1 10 12 1 10 12 1 10 12 1 10 12 1 10 12 1 10 12 1 10 12 1 10 12 1 10 12 1 10 12 1 10 12 1 10 12 1 10 12 1 10 12 1 10 12 1 10 12 1 10 12 1 10 12 1 100 1 10 100 1 10 9 12 1 5 0 10 12 1 1 5 0 10 12 1 5 0 10 12 1 10 12 1 10 12 1 1 10 12 1 1 10 12 1 10 12 1 10 12 1 10 12 1 1 10 12 1 10 12 1 10 12 1 10 12 1 10 12 1 1 10 12 1 10 12 1 10 12 1 10 12 1 1 10 12 1 10 12 1 10 12 1 1 10 12 1 10 12 1 10 12 1 10 12 1 1 10 12 1 10 10 12 1 1 10 12 1 10 12 1 1 10 12 1 10 12 5 0 5 0 5 0 10 12 1 1 10 12 1 10 12 1 10 12 10 100 12 1 1 8 1 100 1 11 12 1 1 8 1 11 12 1 1 10 100 12 1 1 10 12 1 10 12 1 10 12 1 10 12 1 10 12 1 1 10 12 1 10 12 1 10 12 1 10 12 1 10 12 1 10 12 1 10 7 1 10 12 1 9 12 1 7 1 9 12 1 7 1 9 12 1 7 1 9 12 1 7 1 9 12 1 7 1 9 12 1 7 1 9 12 1 7 1 9 12 1 7 1 9 12 1 10 12 1 9 12 1 9 12 1 9 12 1 9 12 1 9 12 1 9 12 1 9 12 1 9 12 1 9 12 1 9 12 1 1 1 3 1 1 1 1 1 1 1 1 1 1 1 1 1 1 1 1 1 1 1 1 1 1 1 1 1 1 1 1 1 1 1 1 1 1 1 1 1 1 1 1 1 1 1 1 1 1 1 1 1 1 1 1 1 1 1 1 1 1 1 1 1 1 1 1 1 1 1 1 1 1 1 1 1 1 1 1 1 1 1 1 1 1 1 1 1 1 1 1 1 100 1 1 1 1 1 1 1 1 1 1 1 1 1 1 1 1 1 1 1 1 1 1 1 1 1 1 1 1 1 1 1 1 1 1 1 1 1 1 1 1 1 1 1 1 1 1 1 1 1 1 1 1 1 1 1 1 1 1 1 1 1 1 1 1 1 1 1 1 1 1 1 1 1 1 1 1 1 1 1 1 1 1 1 1 1 1 1 1 1 1 1 1 1 1 1 1 1 1 1 1 1 1 1 1 1 1 1 1 1 1 1 1 1 1 1 1 1 1 1 1 1 1 1 1 1 1 1 1 1 1 1 1 1 1 1 1 1 1 1 1 1 1 1 1 1 1 1 1 1 1 1 1 1 1 1 1 1 1 1 1 1 1 1 1 1 1 1 1 1 1 1 1 1 1 1 1 1 1 1 1 1 1 1 1 1 1 1 1 1 1 1 1 1 1 1 1 1 1 1 1 1 1 1 1 1 1 3 1 1 1 1 1 1 1 1 1 1 1 1 1 1 1 1 1 1 1 1 1
staticfield jdk/internal/misc/Unsafe theUnsafe Ljdk/internal/misc/Unsafe; jdk/internal/misc/Unsafe
staticfield jdk/internal/misc/Unsafe ARRAY_BOOLEAN_BASE_OFFSET I 16
staticfield jdk/internal/misc/Unsafe ARRAY_BYTE_BASE_OFFSET I 16
staticfield jdk/internal/misc/Unsafe ARRAY_SHORT_BASE_OFFSET I 16
staticfield jdk/internal/misc/Unsafe ARRAY_CHAR_BASE_OFFSET I 16
staticfield jdk/internal/misc/Unsafe ARRAY_INT_BASE_OFFSET I 16
staticfield jdk/internal/misc/Unsafe ARRAY_LONG_BASE_OFFSET I 16
staticfield jdk/internal/misc/Unsafe ARRAY_FLOAT_BASE_OFFSET I 16
staticfield jdk/internal/misc/Unsafe ARRAY_DOUBLE_BASE_OFFSET I 16
staticfield jdk/internal/misc/Unsafe ARRAY_OBJECT_BASE_OFFSET I 16
staticfield jdk/internal/misc/Unsafe ARRAY_BOOLEAN_INDEX_SCALE I 1
staticfield jdk/internal/misc/Unsafe ARRAY_BYTE_INDEX_SCALE I 1
staticfield jdk/internal/misc/Unsafe ARRAY_SHORT_INDEX_SCALE I 2
staticfield jdk/internal/misc/Unsafe ARRAY_CHAR_INDEX_SCALE I 2
staticfield jdk/internal/misc/Unsafe ARRAY_INT_INDEX_SCALE I 4
staticfield jdk/internal/misc/Unsafe ARRAY_LONG_INDEX_SCALE I 8
staticfield jdk/internal/misc/Unsafe ARRAY_FLOAT_INDEX_SCALE I 4
staticfield jdk/internal/misc/Unsafe ARRAY_DOUBLE_INDEX_SCALE I 8
staticfield jdk/internal/misc/Unsafe ARRAY_OBJECT_INDEX_SCALE I 4
staticfield jdk/internal/misc/Unsafe ADDRESS_SIZE I 8
instanceKlass jdk/internal/reflect/DelegatingClassLoader
instanceKlass java/security/SecureClassLoader
ciInstanceKlass java/lang/ClassLoader 1 1 1108 9 7 12 1 1 1 10 7 12 1 1 1 9 12 1 1 10 7 12 1 1 1 7 1 10 12 1 1 10 12 1 1 9 12 1 1 10 12 1 1 100 1 10 12 1 10 12 1 1 10 7 12 1 1 1 100 1 8 1 10 12 1 10 7 12 1 1 1 10 7 12 1 10 7 1 10 7 1 7 1 7 1 10 12 1 10 12 1 9 12 1 1 10 10 7 12 1 1 1 9 12 1 1 9 12 1 9 12 1 1 9 12 1 9 12 1 1 9 12 1 1 7 1 10 12 1 9 12 1 1 10 12 1 1 10 7 12 1 1 1 9 12 1 9 12 1 1 9 12 1 10 12 1 1 9 12 10 12 1 1 7 1 10 8 1 10 12 1 1 10 12 1 10 7 1 7 1 10 12 1 1 10 7 12 1 1 1 8 1 10 12 1 10 12 1 10 12 1 1 10 12 1 1 10 12 1 1 10 12 1 1 10 12 1 1 10 12 1 7 1 10 12 1 10 100 12 1 1 1 10 12 1 1 10 12 1 10 12 1 10 12 1 10 12 1 10 12 1 1 10 10 12 1 10 12 1 10 100 12 1 1 10 12 1 1 10 12 1 1 10 12 1 100 1 10 12 1 7 1 10 12 1 10 7 12 1 1 1 10 10 12 1 1 10 12 1 1 7 1 8 1 10 8 1 10 12 1 10 12 1 100 1 8 1 10 12 1 1 10 12 1 1 10 10 12 1 1 10 12 1 1 10 12 1 1 10 7 1 10 12 1 1 10 12 1 1 10 12 1 1 10 12 1 1 10 12 1 1 10 12 1 1 10 12 1 10 100 12 1 1 1 10 12 1 10 12 1 10 12 1 1 10 12 1 10 12 1 10 12 1 10 12 1 1 10 12 1 10 12 1 1 8 1 9 12 1 10 12 1 1 8 1 8 1 10 7 12 1 1 100 1 10 10 12 10 12 1 10 12 1 10 12 1 10 12 1 1 10 7 12 1 1 10 12 1 10 7 1 7 1 10 12 1 1 10 12 1 10 7 1 10 12 1 100 1 18 12 1 10 100 12 1 1 1 10 100 12 1 1 1 10 7 12 1 1 10 12 1 10 12 1 100 1 10 12 1 8 1 10 10 12 1 1 10 12 1 10 12 1 1 100 1 10 12 1 10 12 1 1 10 7 12 1 1 10 12 1 8 1 100 1 10 10 12 1 9 12 1 10 7 12 1 1 10 12 1 7 1 8 1 10 12 1 10 8 1 8 1 10 12 1 1 10 12 1 1 10 12 1 1 10 7 12 1 1 7 1 100 1 10 12 1 1 7 1 7 1 10 7 12 1 1 10 12 1 10 12 1 1 10 12 1 10 12 1 1 10 12 1 1 9 100 12 1 1 1 10 12 1 1 10 12 1 10 12 1 10 12 1 1 10 12 1 8 1 7 1 18 12 1 1 10 12 1 1 10 12 1 10 12 1 10 12 1 8 1 10 12 1 10 12 1 18 12 1 11 100 12 1 1 1 100 1 10 12 1 1 10 12 1 10 11 12 1 1 10 18 10 12 1 1 11 7 12 1 18 12 1 11 12 1 1 10 12 10 12 1 1 10 12 1 1 100 1 8 1 10 10 12 1 8 1 8 1 10 100 12 1 1 10 12 1 100 1 10 10 12 1 8 1 8 1 8 1 10 12 1 10 12 1 1 10 12 1 10 7 12 1 1 1 11 7 12 1 1 100 1 10 11 10 12 1 10 12 1 10 12 1 1 9 7 12 1 1 9 12 1 1 9 12 9 12 1 9 12 1 9 12 1 8 10 12 1 1 10 7 12 1 1 1 10 12 1 1 10 12 1 1 10 12 1 10 10 12 1 11 12 1 1 10 100 12 1 1 1 100 1 10 12 1 10 12 1 10 12 1 1 1 1 1 1 1 1 1 1 1 1 1 1 1 1 1 1 1 1 1 1 1 1 1 1 1 1 100 1 1 1 1 1 1 1 1 1 1 1 1 1 1 1 1 1 1 1 1 1 100 1 1 1 1 1 1 1 1 1 1 100 1 1 1 1 1 1 1 1 1 1 1 1 1 1 1 1 1 1 1 1 1 1 1 1 1 1 1 1 1 1 1 1 1 1 1 1 1 1 1 1 1 100 1 1 1 1 1 1 1 1 1 1 1 1 1 1 1 1 1 1 1 7 1 1 1 1 1 1 1 1 1 1 1 1 1 1 1 1 1 1 1 1 1 1 1 1 1 1 1 1 1 1 1 1 1 1 1 1 1 1 1 1 1 1 1 1 1 1 1 1 1 1 100 1 1 1 1 1 1 1 1 1 1 1 1 1 1 1 1 1 1 1 1 1 1 1 1 1 1 1 1 1 1 1 1 1 1 1 1 1 1 1 1 1 1 1 1 1 1 16 1 15 10 12 16 1 16 15 10 12 16 1 16 1 15 10 12 16 15 10 12 16 15 10 12 16 15 10 100 12 1 1 1 1 1 100 1 100 1 1
staticfield java/lang/ClassLoader nocerts [Ljava/security/cert/Certificate; 0 [Ljava/security/cert/Certificate;
staticfield java/lang/ClassLoader $assertionsDisabled Z 1
ciInstanceKlass java/lang/reflect/Constructor 1 1 439 10 100 12 1 1 1 10 100 12 1 1 9 7 12 1 1 1 10 12 1 1 10 12 1 1 10 100 12 1 1 9 12 1 1 10 7 12 1 1 1 9 12 1 1 9 12 1 1 9 12 1 9 12 1 1 9 12 1 9 12 1 1 9 12 1 1 9 12 1 100 1 8 1 10 12 1 10 12 1 9 12 1 1 10 7 12 1 1 10 7 12 1 1 1 10 12 1 1 10 12 1 1 10 12 1 7 1 100 1 8 1 10 10 12 1 10 12 1 10 12 1 1 10 12 1 1 9 100 12 1 1 1 10 7 12 1 1 10 12 1 1 10 12 1 10 12 1 1 10 7 12 1 1 1 10 100 12 1 1 10 12 1 1 10 12 1 10 7 12 1 1 1 8 1 10 10 12 1 100 1 8 1 10 12 1 10 12 1 1 10 12 1 1 10 12 1 10 12 1 10 12 1 1 10 12 1 1 9 12 1 1 10 12 1 1 10 12 1 1 10 12 1 1 11 7 12 1 1 1 10 12 1 1 10 12 1 10 12 1 10 12 1 8 1 9 12 1 1 10 7 12 1 1 1 10 7 12 1 1 10 12 1 1 10 12 1 1 10 12 1 1 10 12 1 1 10 12 1 9 7 12 1 1 10 12 1 10 12 1 10 12 1 100 1 8 1 10 10 12 1 1 10 12 1 10 10 12 1 1 10 12 1 1 10 100 12 1 1 1 11 100 12 1 1 1 10 12 1 1 9 100 12 1 1 1 10 100 12 1 1 1 10 12 1 1 1 1 1 1 1 1 1 1 1 1 1 1 1 1 1 1 1 1 1 1 1 1 1 1 1 1 1 1 1 1 1 1 1 1 1 1 1 1 1 1 1 1 1 1 1 1 1 1 1 1 100 1 100 1 100 1 100 1 1 1 1 1 1 1 1 1 1 1 1 1 1 1 1 1 1 1 1 1 1 1 1 1 1 1 1 1 1 1 1 1 100 1 1
instanceKlass java/lang/reflect/Executable
instanceKlass java/lang/reflect/Field
ciInstanceKlass java/lang/reflect/AccessibleObject 1 1 400 10 7 12 1 1 1 9 100 12 1 1 1 10 7 12 1 1 1 10 7 12 1 1 10 7 12 1 1 1 10 100 12 1 1 1 10 12 1 1 10 12 1 1 9 12 1 1 7 1 10 7 12 1 1 1 11 12 1 7 1 10 12 1 7 1 100 1 10 12 1 10 12 1 1 10 12 1 1 10 12 1 1 10 12 1 1 7 1 10 7 12 1 1 1 10 12 1 1 11 10 7 12 1 1 1 10 12 1 1 10 12 1 10 12 1 10 12 1 1 10 12 1 8 1 7 1 7 1 10 10 12 1 1 8 1 10 12 1 10 12 1 8 1 8 1 8 1 8 1 8 1 8 1 8 1 8 1 8 1 100 1 10 12 1 10 12 1 9 12 1 1 10 12 1 1 10 12 1 10 7 1 100 1 8 1 10 8 1 10 12 1 8 1 10 12 1 10 12 1 1 10 100 1 8 1 10 11 7 12 1 1 1 10 12 1 1 10 12 1 1 10 12 1 1 9 12 1 1 100 1 10 12 1 7 1 10 12 1 10 12 1 1 10 100 1 10 12 1 10 12 10 12 1 10 12 1 10 12 1 1 10 12 1 9 12 1 10 100 12 1 1 8 1 10 100 12 1 1 1 8 1 10 7 12 1 1 1 9 12 1 7 1 10 7 1 10 10 7 12 1 1 1 7 1 10 10 7 12 1 1 1 7 1 9 12 1 1 1 1 1 1 1 1 1 1 1 1 1 1 1 1 1 1 1 1 1 1 1 1 1 1 1 1 1 1 1 1 1 1 1 1 1 1 1 1 1 1 1 1 1 1 1 1 1 1 1 1 1 1 1 1 1 1 1 1 1 1 1 1 1 1 1 1 1 1 1 1 1 1 1 1 1 1 1 1 1 1 1 1
staticfield java/lang/reflect/AccessibleObject reflectionFactory Ljdk/internal/reflect/ReflectionFactory; jdk/internal/reflect/ReflectionFactory
instanceKlass java/lang/reflect/Constructor
instanceKlass java/lang/reflect/Method
ciInstanceKlass java/lang/reflect/Executable 1 1 581 10 7 12 1 1 1 10 7 12 1 1 1 10 7 12 1 1 1 11 7 12 1 1 1 10 7 12 1 1 1 10 12 1 1 10 100 12 1 1 1 10 7 12 1 1 1 10 12 1 8 1 10 10 12 1 1 10 12 1 1 10 100 12 1 1 1 18 12 1 1 11 100 12 1 1 1 8 1 8 1 8 1 10 100 12 1 1 1 11 12 1 1 7 1 8 1 8 1 10 12 1 7 1 8 1 10 12 1 8 1 11 100 12 1 1 1 7 1 11 7 12 1 1 1 11 12 1 8 1 18 8 1 10 12 1 10 12 1 1 18 8 1 10 12 1 100 1 10 12 1 10 12 1 11 12 1 10 12 1 1 8 1 8 1 10 12 1 1 10 12 1 1 10 10 12 1 9 100 12 1 1 1 10 100 12 1 1 1 10 12 1 10 12 1 1 10 100 12 1 1 10 12 1 10 12 1 10 12 1 10 7 12 1 1 7 1 10 100 12 1 1 1 10 12 1 1 10 7 12 1 1 10 12 1 10 12 1 1 9 100 12 1 1 1 10 100 10 12 1 8 1 10 12 1 10 12 1 3 100 1 8 1 10 12 1 10 12 1 10 10 12 1 10 12 1 1 8 1 8 1 8 1 9 12 1 1 9 12 1 10 12 1 100 1 8 1 10 12 1 10 12 1 10 12 1 1 10 12 1 1 10 12 1 10 12 10 12 1 100 1 10 12 1 10 12 1 1 100 1 10 7 12 1 1 1 7 1 10 7 12 1 1 1 10 12 1 1 11 7 12 1 1 10 12 1 10 100 12 1 1 1 10 12 1 1 9 12 1 10 12 1 1 10 12 1 10 12 1 1 9 100 12 1 1 1 10 100 12 1 1 1 10 12 1 10 12 1 1 9 12 1 10 10 10 10 100 12 1 1 1 10 12 1 9 12 1 10 12 1 1 9 12 1 7 1 7 1 1 1 1 1 1 1 1 1 1 1 1 1 1 1 1 1 1 1 1 1 1 1 1 1 1 1 1 1 1 1 1 1 1 1 1 100 1 1 1 1 1 1 1 1 1 1 1 1 1 1 1 1 1 1 1 100 1 1 1 1 1 1 1 1 1 1 1 1 1 1 1 1 1 1 1 1 1 1 1 1 1 1 1 1 1 1 1 1 1 1 1 1 1 1 1 1 1 1 1 7 1 1 1 1 1 1 1 1 1 1 1 1 1 1 1 1 1 1 1 1 1 1 7 1 1 16 15 16 1 16 1 15 10 12 16 15 10 100 12 1 1 1 1 1 1 100 1 1 100 1 100 1 1
ciInstanceKlass java/lang/reflect/Member 1 1 37 100 1 10 12 1 1 100 1 100 1 1 1 1 3 1 3 1 1 1 1 1 1 1 1 1 1 1 1 1 1 1 1 1 1 1 1
instanceKlass java/util/logging/LogManager$Cleaner
instanceKlass jdk/internal/misc/InnocuousThread
instanceKlass java/util/concurrent/ForkJoinWorkerThread
instanceKlass java/lang/ref/Finalizer$FinalizerThread
instanceKlass java/lang/ref/Reference$ReferenceHandler
instanceKlass java/lang/BaseVirtualThread
ciInstanceKlass java/lang/Thread 1 1 870 10 7 12 1 1 1 9 12 1 1 10 7 12 1 1 10 12 1 10 100 12 1 1 100 1 8 1 10 12 1 1 9 12 1 9 12 1 1 9 12 1 1 7 1 10 12 1 1 10 12 1 10 100 12 1 1 1 10 12 9 12 1 1 10 12 1 7 1 10 12 1 100 1 8 1 10 9 100 12 1 1 1 10 12 1 1 10 12 1 1 10 12 1 1 10 12 1 10 12 1 1 3 8 1 7 1 5 0 10 7 12 1 1 1 9 12 1 10 12 1 1 10 7 12 1 1 1 10 7 12 1 1 1 10 12 1 1 10 12 1 1 9 12 1 1 10 7 1 8 1 10 7 1 10 12 1 9 12 1 1 10 7 12 1 1 1 10 10 12 1 1 9 100 12 1 1 1 10 12 1 1 10 12 1 1 10 7 12 1 1 10 12 1 10 12 1 10 7 12 1 1 9 12 1 10 7 12 1 1 1 10 12 1 1 9 12 1 1 9 12 1 1 10 7 12 1 1 1 9 12 1 1 10 100 12 1 1 10 100 12 1 1 1 10 12 1 10 12 1 10 7 12 1 1 9 12 1 8 1 9 7 12 1 1 9 12 1 1 5 0 100 1 10 100 1 10 100 1 10 7 1 10 8 1 10 12 1 1 10 100 12 1 10 12 1 10 12 1 100 1 8 1 10 10 12 1 10 12 1 1 10 100 12 1 1 1 10 100 12 1 1 1 10 12 1 7 1 9 12 1 1 100 1 10 10 12 1 9 12 1 1 10 12 1 1 10 12 1 1 10 12 1 10 12 1 9 12 1 1 10 10 12 1 1 10 12 1 1 11 7 12 1 1 10 7 12 1 1 9 12 1 9 12 1 1 9 12 1 1 10 100 12 1 1 10 12 1 1 9 100 12 1 1 1 10 100 12 1 1 10 12 1 10 12 1 100 1 10 10 12 9 12 1 1 10 12 1 11 100 12 1 1 10 12 1 10 12 1 10 12 1 9 12 1 10 10 12 1 10 12 1 1 9 12 1 9 12 10 12 1 8 1 10 12 1 10 12 1 10 12 1 10 12 1 10 12 1 1 10 12 1 10 12 1 1 10 12 1 10 12 1 10 12 1 10 12 1 10 12 1 1 9 7 12 1 1 1 8 1 10 9 12 1 10 12 1 7 1 8 1 10 10 12 1 8 1 10 12 1 1 9 12 10 12 8 1 10 10 12 1 10 12 1 8 1 10 12 1 10 8 1 10 100 12 1 1 10 12 1 1 100 1 8 1 10 9 12 1 9 12 1 1 10 12 1 1 10 10 12 1 10 12 1 100 10 7 12 1 1 1 9 12 1 10 12 1 1 10 12 1 1 10 100 12 1 1 1 11 7 12 1 1 1 9 100 12 1 1 1 10 100 12 1 1 1 7 1 10 12 1 100 1 10 12 1 10 12 1 1 10 12 1 1 8 1 9 12 1 10 12 1 10 12 1 1 11 7 12 1 1 1 10 12 1 1 1 1 3 1 3 1 3 1 3 1 1 1 1 1 1 1 1 1 1 1 1 1 1 1 1 1 1 1 1 1 7 1 1 1 1 1 1 1 1 1 1 1 1 1 1 1 1 1 1 1 1 1 1 100 1 1 1 1 1 1 1 1 1 1 1 1 1 1 1 1 7 1 7 1 1 1 1 1 1 1 1 1 1 1 1 1 1 1 1 1 1 1 1 1 1 1 1 1 1 1 1 1 1 1 1 1 1 1 1 1 1 1 1 1 1 1 1 1 1 1 1 1 1 1 1 1 1 1 1 1 1 1 1 1 1 1 1 1 1 1 1 1 1 1 1 1 1 1 1 100 100 1 1 1 1 1 1 1 1 1 1 1 1 1 1 1 1 1 1 1 1 1 1 1 1 1 1 100 1 100 1 100 1 100 1 100 1 1 100 1 1 1 1 1 1 1 1 1 1 1 1 1 1 1
staticfield java/lang/Thread NEW_THREAD_BINDINGS Ljava/lang/Object; java/lang/Class
staticfield java/lang/Thread EMPTY_STACK_TRACE [Ljava/lang/StackTraceElement; 0 [Ljava/lang/StackTraceElement;
ciInstanceKlass java/lang/Runnable 1 0 11 100 1 100 1 1 1 1 1 1 1
ciInstanceKlass java/net/URL 1 1 771 10 7 12 1 1 1 10 12 1 10 7 12 1 1 9 12 1 1 9 12 1 10 7 12 1 1 1 10 12 1 1 10 12 1 1 9 12 1 1 10 7 12 1 1 1 8 1 10 12 1 1 7 1 10 10 12 1 1 8 1 10 12 1 1 9 12 1 100 1 8 1 10 12 1 10 12 1 8 1 9 12 1 10 12 1 1 9 12 1 10 12 1 10 12 1 9 12 1 9 12 1 8 1 9 12 1 10 12 1 1 8 1 9 12 1 1 10 12 1 1 10 7 12 1 1 1 8 1 10 12 1 7 1 10 12 1 10 12 1 10 12 1 10 12 1 1 10 12 1 1 8 1 10 12 1 1 10 12 1 8 1 9 12 1 8 1 10 12 1 10 7 12 1 1 1 7 1 10 12 1 10 12 1 1 10 100 12 1 1 1 100 1 8 1 10 10 12 1 8 1 10 12 1 1 10 12 1 10 12 1 10 12 1 10 12 1 10 12 1 10 12 1 8 1 10 12 1 8 1 10 10 100 1 10 10 12 1 8 1 10 7 12 1 1 1 10 12 1 9 100 12 1 1 1 10 7 12 1 1 1 9 12 1 1 10 12 1 10 100 12 1 1 1 100 1 100 1 10 12 1 10 12 1 10 12 1 10 12 1 10 12 1 10 12 10 10 12 1 10 12 1 10 12 1 1 8 1 9 100 12 1 1 1 10 100 12 1 1 1 10 12 1 1 9 100 12 1 1 1 10 12 1 1 100 1 10 12 1 10 12 1 10 10 12 1 1 10 12 1 1 10 12 1 10 12 1 10 12 1 10 7 12 1 1 1 10 12 1 1 10 12 1 9 12 1 1 9 12 1 1 7 1 8 1 10 10 12 1 9 12 1 1 10 7 12 1 1 8 1 10 100 12 1 1 8 1 10 12 1 1 10 12 1 8 1 8 1 10 7 12 1 1 1 7 1 10 7 12 1 1 1 10 12 1 10 12 1 100 1 10 9 100 12 1 1 1 10 100 12 1 1 10 12 1 1 10 12 1 8 1 100 1 10 10 7 12 1 1 1 10 12 1 8 9 100 12 1 1 1 10 12 1 1 10 12 1 10 12 1 1 10 100 12 1 1 11 7 12 1 1 10 12 1 10 12 1 9 12 1 10 12 1 1 10 100 12 1 1 10 100 12 1 1 1 8 10 100 12 1 1 100 1 10 8 8 10 12 1 8 8 8 100 1 10 12 1 9 12 1 1 10 12 1 10 12 1 1 10 12 1 10 12 10 12 1 1 10 12 1 1 10 10 10 12 1 10 12 1 10 12 1 10 12 1 10 12 1 10 10 12 1 100 1 8 1 10 10 10 12 1 1 10 12 1 10 12 1 1 8 1 7 1 10 10 7 1 10 12 1 9 7 12 1 1 1 9 12 1 1 7 1 10 10 7 12 1 1 1 7 1 1 1 1 1 5 0 1 1 1 1 1 1 1 1 1 1 1 1 1 1 1 1 1 1 1 1 1 1 1 1 1 1 1 1 1 1 1 1 1 1 1 1 1 1 1 1 1 1 1 1 1 1 1 1 7 1 1 1 1 1 1 1 1 1 1 1 1 1 1 1 1 1 1 1 1 1 1 1 1 1 1 1 1 1 1 1 1 1 1 1 1 1 100 1 1 1 1 1 1 1 1 1 1 1 1 1 1 1 1 1 100 1 1 1 1 1 1 1 1 1 1 1 1 1 1 1 1 1 1 1
staticfield java/net/URL defaultFactory Ljava/net/URLStreamHandlerFactory; java/net/URL$DefaultFactory
staticfield java/net/URL streamHandlerLock Ljava/lang/Object; java/lang/Object
staticfield java/net/URL serialPersistentFields [Ljava/io/ObjectStreamField; 7 [Ljava/io/ObjectStreamField;
ciMethod java/lang/System identityHashCode (Ljava/lang/Object;)I 256 0 128 0 -1
ciInstanceKlass java/lang/Module 1 1 1070 10 7 12 1 1 1 9 7 12 1 1 1 10 7 12 1 1 1 9 12 1 9 12 1 1 9 12 1 1 10 12 1 1 10 12 1 10 12 1 1 10 7 12 1 1 1 7 1 10 7 12 1 1 1 10 12 1 1 11 7 12 1 1 1 10 12 1 1 10 7 12 1 1 1 10 12 1 1 10 7 12 1 1 1 9 100 12 1 1 1 10 7 12 1 1 1 10 12 1 8 1 10 7 12 1 1 1 10 7 12 1 1 1 10 7 12 1 1 1 10 12 1 10 12 1 9 12 1 1 10 100 12 1 1 100 1 7 1 10 8 1 10 12 1 1 10 12 1 10 12 10 12 1 10 7 12 1 1 8 1 8 1 10 8 1 8 1 9 12 1 1 8 1 10 100 12 1 1 1 10 12 1 9 12 1 1 11 12 1 9 100 12 1 1 10 100 12 1 1 1 10 100 12 1 1 1 10 12 1 1 8 1 10 12 1 1 10 12 1 10 12 1 1 9 7 12 1 1 1 10 12 1 1 10 12 1 1 9 12 1 10 12 1 10 12 1 9 12 1 1 11 7 12 1 1 10 12 1 1 9 12 1 9 12 1 10 12 1 10 12 1 100 1 8 1 10 10 12 1 1 10 12 1 8 1 10 12 1 1 8 1 8 1 10 12 1 1 10 12 1 10 12 1 1 18 12 1 1 10 12 1 1 11 12 1 9 12 1 11 12 10 100 12 1 1 100 1 8 1 10 11 12 1 1 10 7 12 1 1 1 10 12 1 10 12 1 1 11 12 1 1 11 7 12 1 1 11 12 1 1 9 12 1 11 12 1 10 12 1 1 10 12 1 1 9 12 1 10 12 10 7 12 1 1 10 7 1 18 12 1 1 11 100 12 1 1 1 18 12 1 11 12 1 1 10 100 12 1 1 1 11 12 1 1 10 7 12 1 1 7 1 11 12 1 7 1 7 1 10 12 1 10 7 12 1 1 1 10 11 7 12 1 8 1 10 10 12 1 1 10 7 12 1 1 10 12 1 10 12 1 7 1 10 12 1 10 11 12 1 1 10 12 10 12 1 1 9 12 1 1 100 1 10 10 12 1 1 11 7 1 10 12 1 1 11 12 1 10 10 12 1 11 10 12 1 1 10 12 1 1 10 12 1 1 10 7 12 1 1 10 12 1 10 12 1 1 10 10 12 1 1 10 12 1 18 12 1 11 12 1 18 12 1 10 12 1 10 12 1 10 12 7 1 10 12 1 10 12 1 10 12 1 9 12 1 7 1 10 10 10 10 12 1 10 12 1 10 12 1 10 12 1 1 10 12 1 1 10 12 1 9 12 1 18 12 1 1 10 7 12 1 1 1 100 1 8 1 10 12 1 1 10 12 1 1 10 7 12 1 1 7 1 10 12 1 1 7 1 8 1 10 12 1 1 100 1 11 12 1 1 10 100 12 1 1 1 18 12 1 1 11 100 12 1 1 1 100 1 10 12 1 10 12 1 1 7 1 7 1 10 12 8 1 10 12 1 1 10 12 1 1 10 100 12 1 1 10 12 1 1 10 12 1 10 12 10 12 1 1 7 1 10 10 12 1 1 10 7 12 1 1 1 100 1 10 12 1 1 10 7 12 1 1 8 1 18 12 1 1 100 1 100 1 9 12 1 1 9 12 1 9 12 1 11 100 12 1 1 1 100 1 11 12 1 1 100 1 10 12 1 8 1 10 12 1 10 12 10 12 1 8 1 10 10 100 12 1 1 7 1 10 10 12 1 10 7 12 1 1 9 12 1 9 12 1 9 12 1 9 12 1 10 12 11 12 1 10 12 1 7 1 1 1 1 1 1 1 1 1 1 1 1 1 1 1 1 1 1 1 100 1 1 1 1 1 1 1 1 1 1 1 1 1 1 1 1 1 1 1 1 1 1 1 1 1 1 1 1 1 1 1 1 1 1 1 1 1 1 1 1 1 1 1 1 1 1 1 1 1 1 1 1 1 1 1 1 1 1 1 1 1 1 1 1 1 1 1 1 1 1 1 1 1 1 1 1 1 1 1 1 1 1 1 1 1 1 1 1 1 1 1 1 1 1 1 100 100 1 1 1 1 1 1 1 1 1 1 1 1 1 1 1 1 1 1 1 1 1 1 1 1 1 1 1 100 1 100 1 1 1 1 1 1 1 1 1 1 1 1 1 1 1 1 1 1 1 1 100 1 1 1 1 1 1 1 1 1 1 1 1 1 1 1 1 1 1 1 1 1 1 1 16 15 10 12 16 16 15 10 12 16 16 15 10 16 1 15 10 12 16 1 15 10 12 16 1 16 15 10 12 16 16 1 15 10 12 16 15 10 100 12 1 1 1 15 10 100 12 1 1 1 1 1 1 1 1 1 1 1 100 1 100 1 1 100 1 100 1 1
staticfield java/lang/Module ALL_UNNAMED_MODULE Ljava/lang/Module; java/lang/Module
staticfield java/lang/Module ALL_UNNAMED_MODULE_SET Ljava/util/Set; java/util/ImmutableCollections$Set12
staticfield java/lang/Module EVERYONE_MODULE Ljava/lang/Module; java/lang/Module
staticfield java/lang/Module EVERYONE_SET Ljava/util/Set; java/util/ImmutableCollections$Set12
staticfield java/lang/Module $assertionsDisabled Z 1
ciInstanceKlass java/lang/Math 1 1 460 7 1 10 7 12 1 1 1 10 7 12 1 1 1 10 12 1 10 12 1 10 12 1 10 12 1 10 12 1 6 0 6 0 10 12 1 10 12 1 10 12 1 10 12 1 10 12 1 10 12 1 1 10 12 1 10 12 1 10 12 1 10 12 1 10 12 1 10 7 12 1 1 1 100 1 3 3 3 10 7 12 1 1 1 100 1 5 0 5 0 5 0 5 0 5 0 9 100 12 1 1 1 10 100 12 1 1 1 100 1 8 1 10 12 1 8 1 10 12 1 1 10 12 1 1 7 1 5 0 5 0 7 1 3 5 0 3 5 0 10 12 1 10 12 1 10 12 1 10 12 1 10 12 1 8 1 10 12 1 8 1 10 12 1 1 10 12 1 1 9 12 1 1 9 12 1 100 1 7 1 10 10 12 1 1 8 1 10 12 1 10 12 1 1 10 10 12 1 10 12 1 10 12 1 10 12 1 1 8 1 8 1 10 12 1 1 10 12 1 10 12 10 12 10 12 1 10 12 1 10 12 1 10 12 1 10 12 6 0 10 12 1 9 12 1 1 100 1 10 10 12 1 100 1 10 12 1 10 12 1 1 10 12 1 10 12 1 10 12 10 12 1 1 10 12 1 1 10 12 1 1 10 12 6 0 10 12 1 1 10 12 10 12 1 4 10 12 1 10 12 1 10 12 10 12 1 10 12 1 10 12 1 10 12 1 10 12 1 10 12 1 5 0 6 0 4 6 0 4 6 0 4 10 12 1 9 12 1 1 10 12 9 12 1 10 7 12 1 1 1 4 6 0 1 1 6 0 1 6 0 1 6 0 1 1 1 1 1 1 1 1 1 1 1 1 1 1 1 1 1 1 1 1 1 1 1 1 1 1 1 1 1 1 1 1 1 1 1 1 1 1 1 1 1 1 1 1 1 1 1 1 1 1 1 1 1 1 1 1 1 1 1 1 1 1 1 1 1 1 1 1 1 1 1 1 1 1 1 1 1 1 1 1 1 1 1 1 1 1 1 1 1 1 1 1 1 1 1 1
staticfield java/lang/Math negativeZeroFloatBits J -2147483648
staticfield java/lang/Math negativeZeroDoubleBits J -9223372036854775808
staticfield java/lang/Math $assertionsDisabled Z 1
ciInstanceKlass jdk/internal/util/ArraysSupport 1 1 378 7 1 7 1 8 1 10 12 1 1 10 12 1 1 10 7 12 1 1 9 7 12 1 1 1 9 12 1 1 10 7 12 1 1 1 9 12 1 1 10 7 12 1 1 1 9 12 1 10 12 9 12 1 10 12 1 1 10 12 7 1 10 12 1 1 10 12 1 100 1 10 12 1 1 10 12 100 1 10 12 1 100 1 10 12 1 100 1 7 1 10 8 1 10 12 1 1 10 12 1 10 12 1 1 10 9 12 1 1 11 100 12 1 1 1 9 12 1 9 12 1 10 12 1 1 9 12 1 9 12 1 9 12 1 9 12 1 9 12 1 9 12 1 9 12 1 10 12 1 1 10 7 12 1 1 1 9 12 1 9 12 1 10 12 1 1 10 12 1 9 12 1 10 12 1 10 7 12 1 1 1 9 12 1 9 12 1 10 12 1 10 12 1 10 7 12 1 1 1 3 10 12 1 7 1 8 1 8 1 8 1 10 10 100 12 1 1 1 11 7 12 1 1 1 10 12 1 10 7 12 1 1 1 10 12 1 1 10 12 1 1 9 12 1 10 12 1 9 12 1 9 12 1 9 12 1 9 12 1 9 12 1 9 12 1 9 12 1 7 1 10 7 12 1 1 1 1 1 3 1 3 1 3 1 3 1 3 1 3 1 3 1 3 1 1 1 1 1 1 1 1 1 1 1 1 1 1 1 1 1 1 1 1 1 1 1 1 1 1 1 1 1 1 1 1 1 1 1 1 1 1 1 1 1 1 1 1 1 1 1 1 1 1 1 1 1 1 1 1 1 1 1 1 1 1 1 1 1 1 1 1 1 1 1 1 1 1 1 1 1 1 1 100 1 1 1 1
staticfield jdk/internal/util/ArraysSupport U Ljdk/internal/misc/Unsafe; jdk/internal/misc/Unsafe
staticfield jdk/internal/util/ArraysSupport BIG_ENDIAN Z 0
staticfield jdk/internal/util/ArraysSupport LOG2_ARRAY_BOOLEAN_INDEX_SCALE I 0
staticfield jdk/internal/util/ArraysSupport LOG2_ARRAY_BYTE_INDEX_SCALE I 0
staticfield jdk/internal/util/ArraysSupport LOG2_ARRAY_CHAR_INDEX_SCALE I 1
staticfield jdk/internal/util/ArraysSupport LOG2_ARRAY_SHORT_INDEX_SCALE I 1
staticfield jdk/internal/util/ArraysSupport LOG2_ARRAY_INT_INDEX_SCALE I 2
staticfield jdk/internal/util/ArraysSupport LOG2_ARRAY_LONG_INDEX_SCALE I 3
staticfield jdk/internal/util/ArraysSupport LOG2_ARRAY_FLOAT_INDEX_SCALE I 2
staticfield jdk/internal/util/ArraysSupport LOG2_ARRAY_DOUBLE_INDEX_SCALE I 3
staticfield jdk/internal/util/ArraysSupport LOG2_BYTE_BIT_SIZE I 3
staticfield jdk/internal/util/ArraysSupport JLA Ljdk/internal/access/JavaLangAccess; java/lang/System$2
ciInstanceKlass java/lang/Character 1 1 604 7 1 7 1 100 1 9 12 1 1 8 1 9 12 1 1 7 1 9 12 1 1 10 7 12 1 1 1 10 100 12 1 1 1 10 100 12 1 1 1 10 7 12 1 1 1 9 7 12 1 1 1 10 12 1 10 12 1 1 10 12 1 1 10 7 12 1 1 10 12 1 1 3 3 3 3 3 10 12 1 1 10 12 1 3 11 7 12 1 1 1 11 12 1 1 10 12 1 1 10 12 1 1 100 1 10 10 12 1 3 10 12 1 1 10 12 1 10 12 1 1 100 1 8 1 10 12 1 1 10 12 1 10 12 1 10 12 1 10 100 12 1 1 1 10 12 1 10 12 1 10 12 1 1 10 12 1 10 7 12 1 1 10 10 12 1 10 10 12 1 10 12 1 1 10 12 1 10 10 12 1 10 12 1 10 12 1 10 12 1 10 12 1 10 12 1 10 12 1 10 12 10 10 12 10 10 12 1 10 10 12 1 10 10 12 1 10 10 12 1 10 12 1 10 12 1 10 12 1 10 12 1 10 12 1 10 12 1 10 10 12 1 10 10 12 1 10 10 12 1 1 10 10 12 1 10 5 0 10 12 1 10 12 1 10 10 12 1 10 10 12 1 1 10 10 12 1 10 10 12 1 9 12 1 1 100 1 10 10 12 1 10 12 1 1 3 10 100 12 1 1 1 10 12 1 10 100 12 1 1 7 1 10 10 12 1 1 10 12 1 1 10 12 1 1 8 1 10 12 1 9 100 12 1 1 1 10 12 1 10 10 12 1 10 12 1 1 10 12 1 10 10 12 1 1 10 10 12 1 1 7 1 8 1 10 12 1 1 10 7 12 1 1 1 8 1 10 12 1 1 9 12 1 1 7 1 7 1 7 1 1 1 1 3 1 3 1 3 1 3 1 1 1 1 1 3 1 1 3 1 3 1 3 1 3 1 3 1 3 1 3 1 3 1 3 1 3 1 3 1 3 1 3 1 3 1 3 1 3 1 3 1 3 1 3 1 3 1 3 1 3 1 3 1 3 1 3 1 3 1 3 1 3 1 1 1 1 1 1 1 1 1 1 1 1 1 1 1 1 1 1 1 3 1 1 1 1 1 1 1 3 1 1 3 1 1 1 1 1 3 1 1 5 0 1 1 1 1 1 1 1 1 1 1 1 1 1 1 1 1 1 1 1 1 1 1 1 1 1 1 1 1 1 1 1 1 1 1 1 1 1 1 1 1 1 1 1 1 1 1 1 1 1 1 1 1 1 1 1 1 1 1 1 1 1 1 1 1 1 1 1 1 1 1 1 1 1 1 1 1 1 1 1 1 1 1 1 1 1 1 1 1 1 1 100 1 100 1 1 1 1 1 1
staticfield java/lang/Character TYPE Ljava/lang/Class; java/lang/Class
staticfield java/lang/Character $assertionsDisabled Z 1
ciInstanceKlass java/util/Arrays 1 1 1029 10 7 12 1 1 1 10 100 12 1 1 1 10 7 12 1 1 1 10 12 1 10 12 1 10 12 1 10 12 1 10 12 1 10 12 1 10 100 12 1 1 1 100 1 7 1 10 8 1 10 12 1 1 10 12 1 8 1 8 1 10 12 1 1 10 12 1 100 1 10 12 1 9 100 12 1 1 1 10 7 12 1 1 100 1 10 12 1 1 10 7 12 1 1 10 7 12 1 1 1 100 1 10 12 1 10 12 1 1 7 1 9 7 12 1 1 1 10 12 1 1 10 100 12 1 1 10 12 1 10 12 1 1 10 12 1 10 12 1 1 7 1 11 12 1 1 10 12 1 10 7 12 1 1 1 10 12 10 12 1 10 12 1 10 12 10 12 1 11 100 12 1 1 1 10 7 12 1 1 1 100 1 10 12 1 10 100 1 10 12 1 10 100 1 10 12 1 10 100 1 10 12 1 10 10 12 1 1 10 12 1 10 12 1 10 12 1 10 12 1 10 12 1 10 7 12 1 1 1 10 12 1 10 7 12 1 1 1 10 12 1 10 12 1 10 7 12 1 1 1 10 12 1 10 12 1 10 12 1 10 12 1 10 12 1 10 12 1 10 12 1 10 12 1 10 12 1 10 12 1 10 12 1 10 12 1 10 12 1 10 12 1 10 12 1 10 12 1 1 10 12 1 1 10 7 12 1 1 1 10 7 1 10 100 1 10 7 1 10 100 1 10 100 1 10 100 1 10 100 1 10 100 1 10 12 1 8 1 10 12 1 1 10 12 1 1 10 12 1 1 10 12 1 1 10 12 1 1 10 12 1 1 10 12 1 1 10 12 1 1 10 12 1 1 7 1 10 12 10 12 1 1 10 12 1 10 12 1 1 10 12 1 1 9 7 12 1 1 1 10 12 1 9 7 1 10 12 1 9 7 1 10 12 1 9 7 1 10 12 1 9 7 1 10 12 1 9 7 1 10 12 1 9 10 12 1 10 12 1 10 12 1 9 12 1 100 1 10 10 12 1 1 10 12 1 10 12 1 10 12 1 10 12 1 10 12 1 10 12 1 10 12 1 10 12 1 10 12 1 8 1 8 1 10 12 1 10 12 1 8 1 10 12 1 10 12 1 10 12 1 10 7 12 1 1 1 3 10 100 1 10 10 12 1 1 11 100 12 1 1 10 12 1 1 10 12 1 10 12 1 10 12 1 10 12 1 10 12 1 10 12 1 10 12 1 10 12 1 11 12 1 8 1 10 11 12 1 11 100 12 1 1 1 11 100 12 1 1 1 11 12 1 1 18 12 1 1 11 12 1 1 11 100 12 1 1 1 18 12 1 11 100 12 1 1 1 18 12 1 11 100 12 1 1 1 18 12 1 100 1 10 100 12 1 1 1 10 12 1 10 12 1 10 12 1 10 12 1 10 12 1 10 12 1 10 12 1 10 12 1 1 10 12 1 10 100 12 1 1 10 12 1 10 12 1 10 12 1 1 10 12 1 10 12 1 10 12 1 1 10 12 1 10 12 1 10 12 1 1 10 12 1 10 12 1 10 12 1 10 12 1 10 12 10 12 1 10 12 10 12 10 12 1 10 12 10 12 1 10 12 1 10 12 1 1 1 1 3 1 3 1 1 1 1 1 1 1 1 1 1 1 1 1 1 1 1 1 1 1 1 1 1 1 1 1 1 1 1 1 1 1 1 1 1 1 1 1 1 1 1 1 1 1 1 1 1 1 1 1 1 1 1 1 1 1 1 1 1 1 1 1 1 1 1 1 1 1 1 1 1 1 1 1 1 1 1 1 1 1 1 1 1 1 1 1 1 1 1 1 1 1 1 1 1 1 1 1 1 1 1 1 1 1 1 1 1 1 1 1 1 1 1 1 1 1 1 1 1 1 1 1 1 1 1 1 1 1 1 1 1 1 1 1 1 1 1 1 1 1 1 1 1 1 1 1 1 1 1 1 1 1 1 1 1 1 1 1 1 1 1 1 1 1 1 1 1 1 1 1 1 1 1 1 1 1 1 1 1 1 1 1 1 1 1 1 1 1 1 1 1 1 1 1 1 1 1 1 1 1 1 1 1 1 1 1 1 1 1 1 1 1 1 1 1 1 1 1 1 1 1 1 1 1 1 1 1 1 1 1 1 1 1 1 1 1 1 1 1 1 1 1 1 1 1 1 1 1 1 1 1 1 1 1 1 100 1 1 16 15 10 12 15 10 12 15 10 12 15 10 12 15 10 100 12 1 1 1 1 1 100 1 100 1 1 1 1 100 1 1 1 1 1 1 100 1 1 100 1 1 100 1 1 1 100 1 100 1 1
staticfield java/util/Arrays $assertionsDisabled Z 1
ciInstanceKlass java/lang/OutOfMemoryError 1 1 26 10 100 12 1 1 1 10 12 1 100 1 1 1 1 5 0 1 1 1 1 1 1 1 1 1
ciInstanceKlass java/lang/Integer 1 1 453 7 1 7 1 7 1 7 1 10 12 1 1 9 12 1 1 9 12 1 1 10 100 12 1 1 1 10 12 1 1 10 100 12 1 1 1 10 10 12 1 1 10 7 12 1 1 1 10 12 1 10 12 1 1 10 7 12 1 1 1 10 12 1 1 10 12 1 1 10 12 1 10 12 1 10 12 1 1 10 10 12 1 9 12 1 1 9 12 1 100 1 8 1 10 12 1 7 1 10 12 1 8 1 10 12 1 1 10 12 1 8 1 10 12 1 8 1 10 12 1 1 3 10 12 1 1 3 10 12 1 1 10 12 1 1 10 7 12 1 1 1 11 7 1 10 12 1 1 11 10 12 1 1 8 1 10 12 1 1 8 1 7 1 10 12 1 1 10 12 1 1 5 0 8 1 10 12 1 10 12 1 10 12 1 10 12 1 1 7 1 9 12 1 1 9 12 1 1 10 12 1 10 7 1 9 12 1 10 12 1 10 12 1 10 12 1 1 10 7 12 1 1 1 100 1 100 1 10 12 1 1 10 12 1 1 8 1 8 1 10 12 1 1 8 1 8 1 8 1 8 1 8 1 8 1 10 12 1 10 12 1 5 0 3 3 3 3 10 12 1 10 12 1 3 10 12 1 10 100 12 1 1 1 10 12 1 1 10 12 1 1 8 1 10 7 12 1 1 1 9 12 1 1 7 1 7 1 7 1 1 1 1 3 1 1 1 3 1 3 1 1 5 0 1 1 1 1 1 1 1 1 1 100 1 1 1 1 1 1 1 1 1 1 1 1 1 1 1 1 1 1 1 1 1 1 1 1 1 1 1 1 1 1 1 1 1 1 1 1 1 1 1 1 3 1 1 1 1 1 1 1 1 1 1 1 1 1 1 1 1 7 1 1 1 1 1 1 1 1 1 1 1 1 1 1 1 1 1 1 1 1 1 1 1 1 1 1 1 1 1 1 1 1 1 1 1 1 1 1 1 1 1 1 1 1 1 1 7 1 1 1 1 1 1 1 1 1 100 1 100 1 1
staticfield java/lang/Integer TYPE Ljava/lang/Class; java/lang/Class
staticfield java/lang/Integer digits [C 36
staticfield java/lang/Integer DigitTens [B 100
staticfield java/lang/Integer DigitOnes [B 100
instanceKlass java/math/BigDecimal
instanceKlass com/android/tools/r8/internal/lB
instanceKlass java/math/BigInteger
instanceKlass java/util/concurrent/atomic/AtomicLong
instanceKlass java/util/concurrent/atomic/AtomicInteger
instanceKlass java/lang/Long
instanceKlass java/lang/Integer
instanceKlass java/lang/Short
instanceKlass java/lang/Byte
instanceKlass java/lang/Double
instanceKlass java/lang/Float
ciInstanceKlass java/lang/Number 1 1 37 10 7 12 1 1 1 10 100 12 1 1 1 100 1 1 1 1 5 0 1 1 1 1 1 1 1 1 1 1 1 1 1 1 1 1 1
ciInstanceKlass java/lang/Thread$FieldHolder 1 1 48 10 7 12 1 1 1 9 7 12 1 1 1 9 12 1 1 9 12 1 1 9 12 1 1 9 12 1 1 1 1 1 1 1 1 1 1 100 1 100 1 1 1 1 100 1 1 1
ciInstanceKlass java/lang/Thread$Constants 0 0 59 7 1 10 7 12 1 1 1 100 1 10 10 7 12 1 1 1 7 1 8 1 10 12 1 9 7 12 1 1 1 7 1 7 1 10 12 1 10 12 1 9 12 1 1 1 1 1 1 1 1 1 1 1 1 1 1 1 1
ciInstanceKlass java/lang/ThreadGroup 1 1 411 10 7 12 1 1 1 9 7 12 1 1 1 8 1 9 12 1 1 7 1 9 12 1 1 9 12 1 1 10 7 12 1 1 1 10 12 1 1 10 12 1 10 12 1 10 12 1 10 12 1 1 10 12 1 1 10 12 1 10 12 1 1 10 12 1 10 12 1 10 100 12 1 1 1 10 12 1 1 18 12 1 1 11 7 12 1 1 1 10 7 12 1 1 1 10 7 12 1 10 12 1 1 10 12 1 1 10 12 1 1 10 100 12 1 1 1 10 12 1 11 12 1 1 11 7 12 1 1 11 12 1 1 10 12 1 1 10 12 1 10 12 1 11 12 1 11 12 1 1 100 1 10 10 12 1 100 1 10 18 12 1 1 11 7 12 1 1 1 11 12 1 1 9 12 1 1 10 12 1 1 8 1 10 7 12 1 1 1 10 100 12 1 1 1 10 12 1 1 11 12 10 12 1 1 10 12 1 1 11 7 1 9 12 1 7 1 10 8 1 10 12 1 1 10 12 1 1 8 1 10 12 1 10 7 12 1 1 1 10 12 1 1 10 7 1 8 1 10 8 1 10 12 1 10 12 1 8 1 9 12 1 1 9 12 1 10 100 12 1 1 1 100 9 12 1 1 7 1 9 12 1 10 12 10 12 1 1 100 10 12 9 12 1 10 12 1 100 1 10 11 12 1 1 7 1 10 10 12 1 10 12 1 1 1 1 1 1 1 1 1 1 1 1 1 1 1 1 1 1 3 1 1 1 1 1 1 1 1 1 1 1 1 100 1 1 1 1 1 1 1 1 1 1 1 1 1 1 1 1 1 1 1 1 1 1 1 1 1 1 1 1 1 1 1 1 1 1 1 1 1 1 1 1 1 1 1 16 15 10 12 16 16 15 10 12 16 15 10 100 12 1 1 1 1 1 100 1 100 1 1
staticfield java/lang/ThreadGroup $assertionsDisabled Z 1
ciInstanceKlass java/lang/Thread$UncaughtExceptionHandler 1 0 16 100 1 100 1 1 1 1 1 1 1 1 100 1 1 1
ciInstanceKlass java/security/AccessControlContext 1 1 374 9 7 12 1 1 1 9 12 1 1 10 100 12 1 1 1 8 1 10 100 12 1 1 1 10 7 12 1 1 1 9 12 1 9 12 1 1 9 12 1 1 10 7 12 1 1 7 1 10 12 1 11 7 12 1 1 1 11 12 1 11 12 1 11 12 1 1 7 1 11 12 1 1 10 12 1 10 7 12 1 1 1 9 100 12 1 1 1 10 7 12 1 1 1 11 100 12 1 1 1 10 7 1 100 1 8 1 10 12 1 10 12 1 1 7 1 10 7 12 1 1 1 9 12 1 9 12 1 9 12 1 9 12 1 1 9 12 1 1 9 12 1 9 12 1 10 7 12 1 1 1 9 12 1 10 12 1 1 10 12 1 1 8 1 10 12 1 1 10 12 1 1 10 7 12 1 1 1 7 1 10 10 12 1 1 10 7 12 1 1 1 10 8 1 10 7 12 1 1 8 1 10 7 12 1 1 8 1 8 1 10 12 1 8 1 10 12 1 8 1 10 12 1 10 12 1 10 12 1 1 8 1 8 1 100 1 10 12 1 10 12 1 1 100 1 10 12 1 8 1 10 12 1 10 12 1 10 8 1 10 12 1 1 10 12 1 1 10 12 1 1 10 12 1 1 10 12 1 10 12 1 11 10 12 1 10 12 1 1 10 10 10 12 1 1 1 1 1 1 1 1 1 1 1 1 1 1 1 1 1 1 1 1 1 1 1 1 100 1 1 1 1 1 1 1 1 1 1 1 1 1 1 1 1 1 1 1 1 1 1 1 1 1 1 1 1 1 1 1 1 1 1 1 1 1 1 1 1 1 1 1 1 1 1 1 1 1 1 1 1 3 1 1
instanceKlass java/lang/ThreadBuilders$BoundVirtualThread
instanceKlass java/lang/VirtualThread
ciInstanceKlass java/lang/BaseVirtualThread 0 0 36 10 100 12 1 1 1 100 1 1 1 1 1 1 1 1 1 1 1 1 1 1 1 1 1 1 1 1 100 1 100 1 1 100 1 1
ciInstanceKlass java/lang/VirtualThread 0 0 907 9 7 12 1 1 1 10 7 12 1 1 1 10 100 12 1 1 1 10 7 12 1 1 1 9 12 1 1 9 12 1 1 100 1 10 12 1 9 12 1 1 18 12 1 1 9 12 1 1 10 12 1 1 100 1 10 12 1 10 12 1 1 10 12 1 1 10 12 1 1 10 12 1 10 7 12 1 10 12 1 10 12 1 10 12 1 10 12 1 11 100 12 1 1 1 100 1 10 12 1 1 10 100 12 1 1 1 10 100 12 1 1 1 10 12 1 100 1 10 10 12 1 10 12 1 1 9 12 1 1 10 12 1 1 9 12 1 1 10 12 1 9 12 1 1 9 12 1 100 1 10 10 12 1 10 100 12 1 1 10 9 10 10 12 1 1 10 12 1 1 10 100 12 1 1 10 100 1 10 9 10 10 12 1 7 1 10 12 1 1 10 12 1 10 12 1 10 12 1 1 9 12 1 10 12 1 10 12 1 9 12 1 1 10 12 1 10 12 1 9 12 1 1 10 12 1 10 12 1 10 12 1 11 100 12 1 1 10 12 1 1 10 12 1 1 10 12 1 1 9 12 1 10 100 1 10 12 1 1 10 12 1 1 10 12 1 10 12 1 10 12 1 10 12 9 12 1 1 10 100 12 1 1 10 12 1 10 12 1 1 10 100 12 1 1 10 12 1 100 1 8 1 10 12 1 10 12 1 1 10 12 1 10 12 1 10 100 12 1 1 10 12 1 10 12 1 1 10 12 1 10 12 1 1 10 7 12 1 1 10 12 1 1 10 12 1 1 100 1 10 10 12 1 7 1 9 12 1 1 10 7 12 1 1 10 9 12 1 1 18 9 100 12 1 1 1 11 100 12 1 1 1 11 100 1 11 12 10 12 1 10 12 1 1 10 12 1 100 1 10 10 12 1 10 12 1 1 10 12 1 1 10 12 1 10 12 1 10 12 1 9 12 1 1 11 100 12 1 1 10 12 9 100 12 1 1 1 9 12 1 10 12 1 1 9 12 1 9 12 1 9 12 1 7 1 10 10 12 1 1 10 12 1 10 12 7 1 7 1 10 8 1 10 12 1 1 10 12 1 10 12 1 10 10 12 1 8 1 10 10 12 1 10 12 1 10 7 12 1 1 8 1 8 1 10 9 100 12 1 1 1 10 12 1 1 10 12 1 10 10 10 12 9 12 1 10 12 1 1 9 12 1 10 12 1 1 9 12 1 10 12 1 1 18 12 1 1 18 12 1 10 7 12 1 1 1 8 1 10 100 12 1 1 1 10 7 12 1 1 1 18 12 1 10 100 12 1 1 1 100 1 10 12 1 8 1 10 12 1 8 1 10 12 1 1 8 1 8 1 10 100 12 1 1 8 1 10 12 1 8 1 8 1 10 100 12 1 1 1 10 12 1 10 12 1 1 10 12 1 18 12 1 1 18 12 1 1 5 0 9 12 1 10 12 1 18 12 1 100 1 10 12 10 7 12 1 1 10 12 1 1 7 1 8 1 10 10 12 1 10 12 1 1 10 12 1 9 12 1 8 10 12 1 1 8 8 9 12 1 8 10 12 1 1 3 1 3 1 3 1 3 1 3 1 3 1 3 1 3 1 3 1 3 1 3 1 3 3 1 3 1 1 1 1 1 1 1 1 1 1 1 1 1 1 7 1 1 1 1 1 1 1 1 1 1 1 1 1 1 7 1 1 1 1 1 1 1 1 1 1 1 7 1 1 1 1 1 1 1 1 1 1 1 1 1 1 1 1 1 1 1 1 1 1 1 1 1 1 1 1 1 1 1 1 1 1 1 1 1 1 1 100 1 1 1 1 1 1 1 1 1 1 1 1 1 1 1 1 1 1 1 1 1 1 1 1 1 1 1 1 1 1 1 1 1 1 1 100 1 1 1 1 1 1 1 1 1 1 1 1 1 1 100 1 1 16 15 10 12 15 16 15 10 12 16 15 10 12 16 16 15 10 12 16 15 10 12 16 15 10 12 16 15 10 12 16 1 15 10 100 12 1 1 1 1 1 1 1 7 1 1 100 1 100 1 1
ciInstanceKlass java/lang/ThreadBuilders$BoundVirtualThread 0 0 132 10 7 12 1 1 1 9 7 12 1 1 1 10 7 12 1 1 1 9 12 1 1 10 12 1 1 10 12 1 1 9 12 1 1 10 7 12 1 1 1 10 12 1 1 7 1 8 1 10 12 1 10 12 1 1 10 12 1 1 10 12 1 1 10 7 12 1 1 1 8 1 10 12 1 8 1 10 12 1 1 10 100 12 1 1 9 100 12 1 1 1 10 12 1 1 10 10 12 1 1 1 1 1 1 1 1 1 1 1 1 1 1 1 1 1 1 1 1 1 1 1 1 1 1 1 1 100 1 1 1 1
ciInstanceKlass jdk/internal/vm/ContinuationScope 0 0 50 10 100 12 1 1 1 10 100 12 1 1 1 100 1 9 100 12 1 1 1 10 12 1 1 10 100 12 1 1 1 10 12 1 1 10 12 1 1 1 1 1 1 1 1 1 1 1 1 1
ciInstanceKlass jdk/internal/vm/StackChunk 0 0 32 10 100 12 1 1 1 9 100 12 1 1 1 9 12 1 1 9 12 1 1 1 1 1 1 1 1 1 1 1 1 1
ciInstanceKlass java/lang/Float 1 1 279 7 1 7 1 10 100 12 1 1 1 10 100 12 1 1 1 4 7 1 10 12 1 1 10 12 1 1 8 1 8 1 10 7 12 1 1 1 10 12 1 1 10 12 1 1 10 100 1 4 10 7 12 1 1 9 12 1 1 10 12 1 1 10 12 1 10 10 12 1 1 10 12 1 10 12 1 3 3 100 1 4 4 4 3 10 12 1 1 9 12 1 1 100 1 10 3 3 4 4 10 12 1 3 3 3 10 12 1 1 10 12 1 1 10 12 1 10 100 12 1 1 1 10 12 1 1 10 12 1 1 10 7 12 1 1 1 8 1 10 12 1 1 9 12 1 1 7 1 7 1 7 1 1 1 1 4 1 4 1 1 1 4 1 1 3 1 3 1 3 1 3 1 3 1 1 1 1 5 0 1 1 1 1 1 1 1 1 1 1 100 1 1 1 1 1 1 1 1 1 1 1 1 1 3 1 1 1 1 1 1 1 1 1 1 1 1 1 1 1 1 1 1 1 1 1 1 1 1 1 1 1 1 1 1 1 1 1 1 1 1 1 1 1 1 1 1 1 1 1 1 1 1 1 1 1 1 1 1 1 1 1 1 1 1 1 7 1 1 1 1 1 1 1 100 1 100 1 1
staticfield java/lang/Float TYPE Ljava/lang/Class; java/lang/Class
staticfield java/lang/Float $assertionsDisabled Z 1
ciInstanceKlass java/lang/Double 1 1 290 7 1 7 1 10 100 12 1 1 1 10 12 1 1 10 7 1 10 12 1 1 10 100 12 1 1 1 6 0 8 1 10 12 1 1 8 1 10 12 1 1 8 1 6 0 10 12 1 1 100 1 5 0 5 0 8 1 8 1 10 7 12 1 1 1 10 7 12 1 1 1 8 1 10 12 1 1 8 1 8 1 8 1 10 12 1 1 10 12 1 10 12 1 1 10 12 1 10 12 1 10 12 1 1 10 12 1 10 7 1 6 0 10 7 12 1 1 9 12 1 1 10 12 1 10 12 1 10 12 1 10 12 1 10 12 1 5 0 10 12 1 1 10 12 1 10 12 1 10 100 12 1 1 1 10 12 1 1 10 12 1 1 8 1 10 7 12 1 1 1 9 12 1 1 7 1 7 1 7 1 1 1 6 0 1 6 0 1 6 0 1 1 1 6 0 1 1 3 1 3 1 3 1 3 1 3 1 1 1 1 5 0 1 1 1 1 1 1 1 1 1 1 1 1 1 1 1 1 100 1 1 1 1 1 1 1 1 1 1 1 1 3 1 1 1 1 1 1 1 1 1 1 1 1 1 1 1 1 1 1 1 1 1 1 1 1 1 1 1 1 1 1 1 1 1 1 7 1 1 1 1 1 1 1 100 1 100 1 1
staticfield java/lang/Double TYPE Ljava/lang/Class; java/lang/Class
ciInstanceKlass java/lang/Byte 1 1 213 7 1 100 1 10 7 12 1 1 1 9 12 1 1 8 1 9 12 1 1 7 1 10 12 1 1 10 12 1 1 10 100 12 1 1 1 10 100 12 1 1 1 9 7 12 1 1 1 10 12 1 1 100 1 7 1 10 12 1 1 8 1 10 12 1 1 8 1 10 12 1 10 12 1 10 12 1 10 12 1 1 10 12 1 10 12 1 10 12 1 1 10 8 1 8 1 10 7 1 9 12 1 1 10 12 1 1 10 12 1 1 10 12 1 1 10 12 1 5 0 10 12 1 1 8 1 10 7 12 1 1 1 9 12 1 1 7 1 7 1 1 1 3 1 3 1 1 1 1 3 1 3 1 1 5 0 1 1 1 1 1 1 1 1 1 1 1 1 1 1 1 1 1 1 1 1 1 1 1 1 1 1 1 1 1 1 1 1 1 1 1 1 1 1 1 1 1 1 1 1 1 1 1 1 1 1 1 1 1 1 1 1
staticfield java/lang/Byte TYPE Ljava/lang/Class; java/lang/Class
ciInstanceKlass java/lang/Short 1 1 222 7 1 7 1 100 1 10 7 12 1 1 1 10 12 1 1 100 1 7 1 10 12 1 1 8 1 10 12 1 1 8 1 10 12 1 10 12 1 10 12 1 10 12 1 1 10 12 1 1 10 12 1 9 12 1 1 8 1 9 12 1 1 7 1 10 12 1 1 10 12 1 10 100 12 1 1 1 10 100 12 1 1 1 9 100 12 1 1 1 10 12 1 10 12 1 1 10 8 1 8 1 10 7 1 9 12 1 1 10 12 1 1 10 12 1 1 10 12 1 1 10 12 1 3 3 5 0 10 12 1 1 8 1 10 7 12 1 1 1 9 12 1 1 7 1 7 1 1 1 3 1 3 1 1 1 1 3 1 3 1 1 5 0 1 1 1 1 1 1 1 1 1 1 1 1 1 1 1 1 1 1 1 1 1 1 1 1 1 1 1 3 1 1 1 1 1 1 1 1 1 1 1 1 1 1 1 1 1 1 1 1 1 1 1 1 1 1 1 1 1 1
staticfield java/lang/Short TYPE Ljava/lang/Class; java/lang/Class
ciInstanceKlass java/lang/Long 1 1 524 7 1 7 1 7 1 7 1 10 12 1 1 9 12 1 1 9 7 12 1 1 1 10 100 12 1 1 1 10 12 1 1 10 100 12 1 1 1 10 10 12 10 12 1 10 12 1 10 12 1 5 0 5 0 7 1 10 12 1 1 10 12 1 1 10 12 1 10 12 1 10 12 1 10 12 1 1 10 100 12 1 1 10 12 1 10 12 1 1 10 12 1 1 10 12 1 1 10 12 1 1 10 7 12 1 1 1 10 12 1 1 10 12 1 10 12 1 10 12 1 10 12 1 1 10 10 12 1 5 0 5 0 9 12 1 1 9 12 1 5 0 100 1 8 1 10 12 1 8 1 10 12 1 8 1 8 1 10 12 1 1 5 0 10 12 1 1 5 0 10 12 1 1 10 12 1 1 10 100 12 1 1 1 11 7 1 10 12 1 1 11 10 12 1 1 8 1 10 12 1 1 8 1 7 1 10 12 1 1 10 12 1 8 1 8 1 11 12 1 1 10 12 1 10 12 1 10 12 1 5 0 5 0 9 7 12 1 1 1 10 12 1 10 12 1 1 8 1 8 1 10 12 1 1 8 1 8 1 8 1 8 1 8 1 8 1 10 12 1 10 7 1 9 12 1 1 10 12 1 10 12 1 1 10 12 1 1 10 7 12 1 1 1 100 1 100 1 10 12 1 1 10 12 1 1 5 0 10 12 1 10 12 1 5 0 5 0 5 0 10 12 1 1 10 12 1 5 0 5 0 10 12 1 10 12 1 10 100 12 1 1 1 10 12 1 1 10 12 1 1 8 1 10 7 12 1 1 1 9 12 1 1 7 1 7 1 7 1 1 1 1 5 0 1 1 1 1 3 1 3 1 5 0 1 1 1 1 1 1 1 1 1 100 1 1 1 1 1 1 1 1 1 1 1 1 1 1 1 1 1 1 1 1 1 1 1 1 1 1 1 1 1 1 1 1 1 1 1 1 1 1 1 1 1 1 1 1 1 1 1 1 1 1 1 1 1 1 1 3 1 1 1 1 1 1 1 1 1 1 1 1 1 1 1 7 1 1 1 1 1 1 1 1 1 1 1 1 1 1 1 1 1 1 1 1 1 1 1 1 1 1 1 1 1 1 1 1 1 1 1 1 1 1 1 1 1 1 1 7 1 1 1 1 1 1 1 1 1 100 1 100 1 1
staticfield java/lang/Long TYPE Ljava/lang/Class; java/lang/Class
ciInstanceKlass jdk/internal/vm/vector/VectorSupport 0 0 573 100 1 10 100 12 1 1 1 9 12 1 1 10 12 1 1 100 1 10 12 1 11 100 12 1 1 1 11 100 12 1 1 1 11 100 12 1 1 11 100 12 1 1 11 100 12 1 1 1 11 100 12 1 1 11 100 12 1 1 11 100 12 1 1 11 100 12 1 1 11 100 12 1 1 11 100 12 1 1 11 100 12 1 1 1 11 100 12 1 1 11 100 12 1 1 1 11 100 12 1 1 1 11 100 12 1 1 11 100 12 1 1 1 11 100 12 1 1 100 1 10 12 1 1 11 100 12 1 1 11 100 12 1 1 11 100 12 1 1 11 100 12 1 1 11 100 12 1 1 11 100 12 1 1 9 12 1 1 10 100 12 1 1 11 100 12 1 1 10 12 1 1 10 100 12 1 1 1 10 12 1 10 12 1 1 10 12 1 1 1 1 1 3 1 3 1 3 1 3 1 3 1 3 1 3 1 3 1 3 1 3 1 3 1 3 1 3 1 3 1 3 1 3 1 3 1 3 1 3 1 3 1 3 1 3 1 3 1 3 1 3 1 3 1 3 1 3 1 3 1 3 1 3 1 3 1 3 1 3 1 3 1 3 1 3 1 3 1 3 1 3 1 3 1 3 1 3 1 3 1 3 1 3 1 3 1 3 1 3 1 3 1 3 1 3 1 3 1 1 1 1 1 1 1 1 1 1 1 1 1 1 1 1 1 1 1 1 1 1 1 1 1 1 1 1 1 1 1 1 1 1 1 1 1 1 1 1 1 1 1 1 1 1 1 1 1 1 1 1 1 1 1 1 1 1 1 1 1 1 1 1 1 1 1 1 1 1 1 1 1 1 1 1 1 1 1 1 1 1 1 1 1 1 1 1 1 1 1 1 1 1 1 1 1 1 1 1 1 1 1 1 1 1 1 1 1 1 1 1 1 1 1 1 1 1 1 1 1 1 1 1 1 1 1 1 1 1 1 1 1 1 1 1 1 1 1 1 1 1 1 1 1 1 1 1 1 1 1 1 1 1 1 1 1 1 1 1 1 1 1 1 1 1 1 1 1 1 1 1 1 1 1 1 1 1 1 1 1 1 1 1 1 1 1 1 1 1 1 1 1 1 1 1 1 1 1 1 1 1 1 1 1 1 1 1 1 1 1 1 1 1 1 1 1 1 1 1 1 1 1 1 1 1 1 1 1 1 1 1 1 1 1 100 1 100 1 100 1 100 1 100 1 1 1 1 1 1 1 1 1 1 1 1 1 1 1 1 1 1 1 1 1 1 1 1 1 1 1 1 1 1 1
instanceKlass jdk/internal/vm/vector/VectorSupport$VectorShuffle
instanceKlass jdk/internal/vm/vector/VectorSupport$VectorMask
instanceKlass jdk/internal/vm/vector/VectorSupport$Vector
ciInstanceKlass jdk/internal/vm/vector/VectorSupport$VectorPayload 0 0 32 10 100 12 1 1 1 9 100 12 1 1 1 10 100 12 1 1 1 1 1 1 1 1 1 1 1 1 1 1 1 1
ciInstanceKlass jdk/internal/vm/vector/VectorSupport$Vector 0 0 28 10 100 12 1 1 1 100 1 1 1 1 1 1 1 1 1 1 1 1 1 1 1 100 1 1 1 1
ciInstanceKlass jdk/internal/vm/vector/VectorSupport$VectorMask 0 0 28 10 100 12 1 1 1 100 1 1 1 1 1 1 1 1 1 1 1 1 1 1 1 100 1 1 1 1
ciInstanceKlass jdk/internal/vm/vector/VectorSupport$VectorShuffle 0 0 28 10 100 12 1 1 1 100 1 1 1 1 1 1 1 1 1 1 1 1 1 1 1 100 1 1 1 1
ciInstanceKlass jdk/internal/vm/FillerObject 0 0 16 10 100 12 1 1 1 100 1 1 1 1 1 1 1 1
instanceKlass java/lang/ref/PhantomReference
instanceKlass java/lang/ref/FinalReference
instanceKlass java/lang/ref/WeakReference
instanceKlass java/lang/ref/SoftReference
ciInstanceKlass java/lang/ref/Reference 1 1 190 9 7 12 1 1 1 9 7 12 1 1 10 12 1 1 10 12 1 1 9 12 1 1 10 12 1 1 9 12 1 1 9 12 1 1 7 1 10 12 1 10 7 12 1 1 10 12 1 10 12 1 1 10 12 1 7 1 8 1 10 12 1 1 7 1 10 12 1 1 10 12 1 1 10 12 1 9 12 1 10 12 1 1 10 12 1 10 12 1 9 12 1 7 1 100 1 10 12 9 12 1 9 12 1 100 1 10 10 12 1 10 10 7 12 1 1 7 1 10 10 7 12 1 1 1 1 1 1 1 1 1 1 1 1 1 1 1 1 1 1 1 7 1 1 1 100 1 1 1 1 1 1 1 1 1 1 1 1 1 1 1 1 1 1 1 1 1 1 1 1 1 1 1 1 1 1 1 1 1 1 1 7 1 7 1 7 1 1 1
staticfield java/lang/ref/Reference processPendingLock Ljava/lang/Object; java/lang/Object
staticfield java/lang/ref/Reference $assertionsDisabled Z 1
instanceKlass sun/security/util/MemoryCache$SoftCacheEntry
instanceKlass java/lang/invoke/LambdaFormEditor$Transform
instanceKlass sun/util/locale/LocaleObjectCache$CacheEntry
ciInstanceKlass java/lang/ref/SoftReference 1 1 47 10 7 12 1 1 1 9 7 12 1 1 1 9 12 1 10 12 1 10 12 1 1 1 1 1 1 1 1 1 1 1 1 1 1 1 1 1 1 1 1 100 1 1 1 1 1
instanceKlass java/util/logging/LogManager$LoggerWeakRef
instanceKlass java/util/logging/Level$KnownLevel
instanceKlass jdk/internal/util/WeakReferenceKey
instanceKlass java/lang/ThreadLocal$ThreadLocalMap$Entry
instanceKlass java/util/WeakHashMap$Entry
ciInstanceKlass java/lang/ref/WeakReference 1 1 31 10 7 12 1 1 1 10 12 1 100 1 1 1 1 1 1 1 1 1 1 1 1 1 1 1 1 1 1 1 1
instanceKlass java/lang/ref/Finalizer
ciInstanceKlass java/lang/ref/FinalReference 1 1 50 10 7 12 1 1 1 10 7 12 1 1 1 10 12 1 1 7 1 8 1 10 12 1 1 1 1 1 1 1 1 1 1 1 1 1 1 1 1 1 1 1 1 1 1 1 1 1 7 1
instanceKlass jdk/internal/ref/PhantomCleanable
instanceKlass jdk/internal/ref/Cleaner
ciInstanceKlass java/lang/ref/PhantomReference 1 1 39 10 100 12 1 1 1 10 7 12 1 1 1 1 1 1 1 1 1 1 1 1 1 1 1 1 1 1 1 1 1 1 1 1 1 1 1 1 1
ciInstanceKlass java/lang/ref/Finalizer 1 1 155 9 7 12 1 1 1 10 7 12 1 1 1 9 12 1 1 9 12 1 1 9 12 1 9 12 1 9 12 1 1 10 12 1 7 1 8 1 10 12 1 10 12 1 1 9 12 1 100 1 10 12 1 7 1 11 100 12 1 1 10 12 1 7 1 10 12 1 100 1 10 12 1 10 7 12 1 1 1 10 100 12 1 1 1 100 1 10 10 12 1 7 1 10 12 1 7 1 10 12 1 1 10 12 1 1 10 12 1 10 7 12 1 1 1 7 1 10 7 1 10 10 12 1 1 1 1 1 1 1 1 1 1 1 1 1 1 1 1 1 1 1 1 1 1 1 1 1 1 1 1 1 1 1 1
staticfield java/lang/ref/Finalizer lock Ljava/lang/Object; java/lang/Object
staticfield java/lang/ref/Finalizer ENABLED Z 1
staticfield java/lang/ref/Finalizer $assertionsDisabled Z 1
instanceKlass com/android/tools/r8/internal/Ot
instanceKlass java/util/Locale$Category
instanceKlass com/android/tools/r8/internal/QO
instanceKlass com/android/tools/r8/internal/tO
instanceKlass com/android/tools/r8/internal/RO
instanceKlass com/android/tools/r8/internal/KP
instanceKlass com/android/tools/r8/internal/EO
instanceKlass com/android/tools/r8/internal/DO
instanceKlass com/android/tools/r8/internal/LO
instanceKlass com/android/tools/r8/internal/jz
instanceKlass com/android/tools/r8/internal/FP
instanceKlass com/android/tools/r8/internal/EP
instanceKlass com/android/tools/r8/internal/mO
instanceKlass com/android/tools/r8/internal/lP
instanceKlass com/android/tools/r8/internal/iv
instanceKlass com/android/tools/r8/internal/Z20
instanceKlass com/android/tools/r8/internal/Y20
instanceKlass com/android/tools/r8/internal/uP
instanceKlass com/android/tools/r8/internal/il
instanceKlass com/android/tools/r8/internal/vj
instanceKlass com/android/tools/r8/graph/W2
instanceKlass com/android/tools/r8/ir/regalloc/i
instanceKlass com/android/tools/r8/internal/l20
instanceKlass java/util/stream/MatchOps$MatchKind
instanceKlass com/android/tools/r8/internal/p5
instanceKlass com/android/tools/r8/internal/Ai
instanceKlass com/android/tools/r8/internal/vt
instanceKlass com/android/tools/r8/internal/cM$a
instanceKlass com/android/tools/r8/internal/H4
instanceKlass com/android/tools/r8/utils/H1
instanceKlass com/android/tools/r8/graph/N2
instanceKlass com/android/tools/r8/internal/Gb
instanceKlass com/android/tools/r8/internal/ZF
instanceKlass com/android/tools/r8/internal/b7$a
instanceKlass com/android/tools/r8/internal/x9$a
instanceKlass com/android/tools/r8/internal/r8
instanceKlass com/android/tools/r8/internal/s20
instanceKlass com/android/tools/r8/internal/g9$a
instanceKlass com/android/tools/r8/internal/lm
instanceKlass com/android/tools/r8/internal/MI
instanceKlass com/android/tools/r8/internal/JE
instanceKlass com/android/tools/r8/internal/q20
instanceKlass com/android/tools/r8/utils/f3$a
instanceKlass com/android/tools/r8/graph/g1
instanceKlass com/android/tools/r8/ir/optimize/L
instanceKlass com/android/tools/r8/graph/x3$k
instanceKlass com/android/tools/r8/ProgramResource$Kind
instanceKlass com/android/tools/r8/graph/t2
instanceKlass com/android/tools/r8/dex/W$b
instanceKlass com/android/tools/r8/AssertionsConfiguration$a
instanceKlass com/android/tools/r8/utils/A1$j
instanceKlass com/android/tools/r8/internal/SM
instanceKlass sun/util/logging/PlatformLogger$Level
instanceKlass jdk/internal/logger/BootstrapLogger$LoggingBackend
instanceKlass com/android/tools/r8/utils/I0
instanceKlass com/android/tools/r8/dex/W$a
instanceKlass com/android/tools/r8/utils/j2
instanceKlass java/util/stream/Collector$Characteristics
instanceKlass java/util/stream/StreamShape
instanceKlass java/util/stream/StreamOpFlag$Type
instanceKlass java/util/stream/StreamOpFlag
instanceKlass com/android/tools/r8/utils/f
instanceKlass com/android/tools/r8/internal/jE
instanceKlass java/nio/file/AccessMode
instanceKlass com/android/tools/r8/CompilationMode
instanceKlass com/android/tools/r8/utils/A1$g
instanceKlass com/android/tools/r8/OutputMode
instanceKlass com/android/tools/r8/DiagnosticsLevel
instanceKlass java/math/RoundingMode
instanceKlass com/android/tools/r8/n
instanceKlass jdk/internal/icu/util/CodePointTrie$ValueWidth
instanceKlass jdk/internal/icu/util/CodePointTrie$Type
instanceKlass java/text/Normalizer$Form
instanceKlass java/time/temporal/ChronoUnit
instanceKlass java/time/temporal/ChronoField
instanceKlass java/util/regex/Pattern$Qtype
instanceKlass sun/security/util/DisabledAlgorithmConstraints$Constraint$Operator
instanceKlass java/lang/System$Logger$Level
instanceKlass sun/security/rsa/RSAUtil$KeyType
instanceKlass sun/security/util/KnownOIDs
instanceKlass java/lang/invoke/MethodHandles$Lookup$ClassOption
instanceKlass java/lang/invoke/VarHandle$AccessType
instanceKlass java/lang/invoke/VarHandle$AccessMode
instanceKlass java/lang/invoke/MethodHandleImpl$Intrinsic
instanceKlass java/lang/invoke/LambdaForm$BasicType
instanceKlass java/lang/invoke/LambdaForm$Kind
instanceKlass sun/invoke/util/Wrapper
instanceKlass java/util/zip/ZipCoder$Comparison
instanceKlass java/nio/file/LinkOption
instanceKlass sun/nio/fs/WindowsPathType
instanceKlass java/util/concurrent/TimeUnit
instanceKlass java/nio/file/StandardOpenOption
instanceKlass java/io/File$PathStatus
instanceKlass java/lang/module/ModuleDescriptor$Requires$Modifier
instanceKlass java/lang/reflect/AccessFlag$Location
instanceKlass java/lang/reflect/AccessFlag
instanceKlass java/lang/module/ModuleDescriptor$Modifier
instanceKlass java/lang/reflect/ClassFileFormatVersion
instanceKlass java/lang/Thread$State
ciInstanceKlass java/lang/Enum 1 1 204 9 7 12 1 1 1 9 12 1 1 10 7 12 1 1 1 9 12 1 10 7 12 1 1 1 100 1 10 10 12 1 1 10 12 1 7 1 10 10 7 12 1 1 10 12 1 1 18 12 1 1 10 100 12 1 1 1 10 12 1 1 11 7 12 1 1 1 100 1 8 1 10 12 1 100 1 7 1 10 8 1 10 12 1 1 10 12 1 1 8 1 10 12 1 10 100 1 8 1 10 10 12 1 1 10 100 12 1 1 1 7 1 7 1 7 1 1 1 1 1 1 1 1 1 1 1 1 1 1 1 1 1 1 1 1 1 1 1 1 1 1 1 1 1 1 1 1 1 1 1 1 1 1 1 1 1 1 1 1 1 1 1 3 1 1 1 1 100 1 7 1 1 100 1 1 1 1 1 1 1 1 1 1 1 16 15 10 12 16 15 10 100 12 1 1 1 1 1 100 1 100 1 1
ciInstanceKlass java/lang/reflect/Method 1 1 472 9 7 12 1 1 1 10 100 12 1 1 1 10 100 12 1 1 9 12 1 1 10 12 1 1 10 12 1 1 10 100 12 1 1 10 7 12 1 1 1 9 12 1 1 9 12 1 9 12 1 1 9 12 1 9 12 1 9 12 1 1 9 12 1 9 12 1 1 9 12 1 9 12 1 9 12 1 1 100 1 8 1 10 12 1 10 12 1 9 12 1 1 8 1 10 7 12 1 1 10 7 12 1 1 1 10 12 1 1 10 12 1 1 10 12 1 10 12 1 1 10 12 1 1 9 100 12 1 1 1 10 12 1 1 10 12 10 7 12 1 1 10 12 1 1 10 12 1 10 12 1 10 12 1 10 7 12 1 1 1 10 12 1 1 10 7 1 10 7 12 1 1 1 10 100 12 1 1 10 12 1 1 10 12 1 1 10 12 1 10 7 12 1 1 1 10 12 1 10 8 1 10 12 1 10 12 1 100 1 8 1 8 1 8 1 10 12 1 10 12 1 1 10 12 1 1 10 10 12 1 1 10 12 1 11 7 1 10 12 1 9 12 1 1 10 12 1 1 10 12 1 10 12 1 1 10 12 1 1 11 7 12 1 1 1 11 12 1 9 12 1 1 10 12 1 10 12 1 10 12 1 10 12 1 10 12 1 10 12 1 9 12 1 1 10 7 12 1 1 1 10 7 12 1 1 10 12 1 1 10 100 12 1 1 1 10 100 12 1 1 1 10 100 12 1 1 1 11 100 12 1 1 1 10 100 12 1 1 1 100 1 100 1 100 1 10 12 1 10 12 1 1 10 12 1 100 1 8 1 10 12 1 10 10 12 1 1 10 12 1 1 10 12 1 1 10 12 1 1 8 1 10 12 1 1 1 1 1 1 1 1 1 1 1 1 1 1 1 1 1 1 1 1 1 1 1 1 1 1 1 1 1 1 1 1 1 1 1 1 1 1 1 1 1 1 1 1 1 1 1 1 1 1 1 1 1 100 1 100 1 100 1 1 1 1 1 1 1 1 1 1 1 1 1 1 1 1 1 1 1 1 1 1 1 1 1 1 1 1 1 1
ciInstanceKlass java/lang/reflect/Field 1 1 457 9 7 12 1 1 1 10 12 1 1 10 100 12 1 1 1 10 100 12 1 1 9 12 1 1 10 12 1 1 10 12 1 1 10 100 12 1 1 10 7 12 1 1 1 9 12 1 1 9 12 1 9 12 1 9 12 1 1 9 12 1 1 9 12 1 9 12 1 1 9 12 1 1 100 1 8 1 10 12 1 10 12 1 9 12 1 1 9 12 1 10 12 1 10 7 12 1 1 10 12 1 1 10 12 1 1 10 12 1 10 12 1 1 9 100 12 1 1 1 10 100 12 1 1 1 100 1 10 12 1 1 10 12 1 1 10 12 1 1 10 12 1 10 12 1 10 7 1 10 7 12 1 1 7 1 10 8 1 10 12 1 1 10 12 1 1 8 1 10 12 10 12 1 8 1 8 1 10 11 7 1 9 12 1 10 12 1 1 10 12 1 1 11 7 12 1 1 1 10 12 1 11 12 1 1 11 12 1 1 11 12 1 1 11 12 1 1 11 12 1 1 11 12 1 1 11 12 1 1 11 12 1 1 11 12 1 1 11 12 1 1 11 12 1 1 11 12 1 1 11 12 1 1 11 12 1 1 11 12 1 1 11 12 1 1 11 12 1 1 10 12 1 10 7 12 1 1 10 12 1 10 12 1 10 12 1 9 12 1 1 10 7 12 1 1 1 10 12 1 1 10 12 1 10 100 12 1 1 10 12 1 1 11 7 1 10 12 1 7 1 10 100 12 1 1 1 10 100 12 1 1 1 9 12 1 10 100 12 1 1 1 11 100 12 1 1 1 10 12 1 1 10 12 1 1 9 100 12 1 1 10 100 12 1 1 1 10 12 1 1 7 1 1 1 1 1 1 1 1 1 1 1 1 1 1 1 1 1 1 1 1 1 1 1 1 1 1 1 1 1 1 1 1 1 1 1 1 1 1 1 100 1 1 1 1 1 1 1 1 1 1 1 1 1 1 1 1 1 1 1 1 1 1 1 1 1 1 1 1 1 1 1 1 7 1 1 1 1 1 1 1 1 1 100 1 1
ciInstanceKlass java/lang/reflect/Parameter 0 0 243 10 7 12 1 1 1 9 7 12 1 1 1 9 12 1 1 9 12 1 1 9 12 1 10 12 1 1 10 12 1 1 10 7 12 1 1 1 7 1 10 10 12 1 1 11 7 12 1 1 1 10 12 1 10 100 12 1 1 1 10 12 1 1 10 12 1 10 12 1 8 1 8 1 10 7 12 1 1 1 10 12 1 10 12 9 100 12 1 1 1 10 100 12 1 1 1 10 12 1 8 1 10 12 1 9 12 1 1 10 12 1 1 9 12 1 1 10 12 1 1 10 12 1 1 10 12 1 1 10 12 1 10 10 12 1 10 100 12 1 1 1 10 12 1 1 11 7 12 1 1 10 7 12 1 1 7 1 10 100 12 1 1 1 10 12 1 1 10 12 1 1 10 12 1 1 10 12 1 1 9 12 1 100 1 10 11 12 1 1 11 12 1 1 7 1 1 1 1 1 1 1 1 1 1 1 1 1 1 1 1 1 1 1 1 1 1 1 1 1 1 1 1 1 1 1 1 1 1 1 1 1 1 1 1 1 100 1 1 1 1 1 1
ciInstanceKlass java/lang/reflect/RecordComponent 0 0 196 10 7 12 1 1 1 9 7 12 1 1 1 9 12 1 1 9 12 1 10 12 1 1 10 12 1 1 10 100 12 1 1 1 10 12 1 1 9 12 1 1 10 12 1 1 10 12 1 1 10 12 1 10 100 12 1 1 10 100 12 1 1 9 12 1 1 10 100 12 1 1 1 11 100 12 1 1 1 10 9 100 12 1 1 1 10 100 12 1 1 1 9 12 1 1 10 100 12 1 1 1 10 12 1 1 11 7 12 1 1 10 7 12 1 1 7 1 9 12 1 9 12 1 1 9 12 1 10 100 12 1 1 1 10 12 1 1 10 12 1 1 7 1 10 10 12 1 10 12 1 1 8 1 10 12 1 10 12 1 9 12 1 7 1 1 1 1 1 1 1 1 1 1 1 1 1 1 1 1 1 1 1 1 1 1 7 1 1 1 1 1 1 100 1 1
ciInstanceKlass java/lang/StringBuffer 1 1 483 10 7 12 1 1 1 10 12 1 10 12 1 10 12 1 1 9 7 12 1 1 1 10 12 1 1 10 12 1 10 12 1 1 9 12 1 1 10 12 1 10 12 1 1 10 12 1 1 10 12 1 10 12 1 1 10 12 1 10 12 1 1 10 12 1 1 10 7 12 1 1 1 10 12 1 1 10 12 1 10 12 1 10 12 1 10 12 1 10 12 1 10 12 1 10 12 1 10 12 1 10 12 1 10 12 1 10 12 1 10 12 1 10 12 1 10 12 1 1 10 12 1 10 12 1 1 10 12 1 1 10 10 12 1 1 10 12 1 10 12 1 10 12 1 10 12 1 10 12 1 10 12 1 10 12 10 12 1 10 12 1 10 12 1 10 12 1 1 10 12 1 10 12 1 10 10 12 1 1 10 12 1 10 12 1 10 12 1 10 10 100 12 1 1 1 10 10 12 1 1 9 12 1 1 10 100 12 1 1 10 100 1 8 10 100 12 1 1 1 8 10 12 1 8 1 10 12 1 10 12 1 10 100 12 1 1 1 10 100 12 1 1 1 7 1 10 12 100 1 8 1 10 10 12 1 1 10 12 1 1 10 12 1 10 12 1 10 12 1 1 10 12 1 10 12 1 10 12 1 10 12 1 10 12 1 10 12 10 12 1 10 12 1 10 12 1 10 12 1 10 12 1 10 12 1 10 12 1 10 12 1 10 12 1 10 12 1 10 12 10 12 10 12 1 10 12 1 10 12 1 10 12 10 12 1 10 12 1 10 12 1 10 12 1 10 12 1 10 12 1 10 12 1 10 12 1 10 12 1 10 12 1 10 12 1 7 1 10 12 1 9 7 12 1 1 1 9 7 1 9 12 1 1 7 1 7 1 7 1 7 1 1 1 1 5 0 1 1 1 1 1 1 1 1 1 1 1 1 1 1 1 1 1 1 1 1 1 1 1 1 1 1 1 1 1 1 1 1 1 1 1 1 1 1 1 1 1 1 1 1 1 1 1 1 1 1 1 1 1 1 1 1 1 1 1 1 1 100 1 1 1 1 1 7 1 1 1 1 1 1 1 1 1 1 1 1 1 1 1 1 1 1
staticfield java/lang/StringBuffer serialPersistentFields [Ljava/io/ObjectStreamField; 3 [Ljava/io/ObjectStreamField;
instanceKlass jdk/internal/loader/BuiltinClassLoader
instanceKlass java/net/URLClassLoader
ciInstanceKlass java/security/SecureClassLoader 1 1 102 10 7 12 1 1 1 7 1 10 12 1 9 7 12 1 1 1 10 12 1 10 12 1 10 12 1 1 10 12 1 1 10 12 1 7 1 10 7 1 10 12 1 7 1 10 12 1 11 7 12 1 1 1 7 1 11 12 1 10 12 1 1 1 1 1 1 1 1 1 1 1 1 1 1 1 1 1 1 1 1 1 1 1 1 1 1 1 1 1 1 1 1 1 1 1 1 100 1 1 1 1
ciInstanceKlass java/net/URLClassLoader 0 0 600 10 7 12 1 1 1 100 1 10 12 1 9 7 12 1 1 1 10 7 12 1 1 1 9 12 1 1 100 1 10 12 1 9 12 1 1 10 12 1 10 10 12 1 10 100 12 1 1 1 10 12 1 1 10 7 12 1 1 1 10 100 12 1 1 1 100 1 10 12 1 1 10 12 1 1 10 12 1 1 100 1 100 1 10 7 12 1 1 1 100 1 8 1 10 12 1 10 7 12 1 1 1 10 12 1 1 10 12 1 1 11 100 12 1 1 1 11 7 12 1 1 1 11 12 1 1 7 1 11 12 1 11 7 12 1 1 10 12 1 11 12 1 11 12 1 1 11 10 12 1 1 10 12 1 1 10 12 1 1 100 1 10 12 1 10 12 1 1 7 1 100 1 10 12 1 1 7 1 10 10 12 1 1 10 100 12 1 1 10 12 1 100 1 7 1 10 8 1 10 12 1 1 8 1 10 12 1 1 10 10 12 1 8 1 8 1 10 12 1 1 10 7 12 1 1 1 10 100 12 1 1 1 10 12 1 1 10 12 1 1 10 12 1 1 10 12 1 10 12 1 100 1 100 1 8 1 10 12 1 10 12 1 1 10 12 1 1 7 1 10 12 1 10 100 12 1 1 1 10 12 1 1 10 12 1 1 10 12 1 1 10 12 1 10 100 12 1 1 1 10 12 1 1 8 1 10 12 1 1 11 100 12 1 1 1 9 100 12 1 1 1 10 100 12 1 1 1 9 12 1 9 12 1 9 12 1 9 12 1 9 12 1 9 12 1 10 7 12 1 1 1 8 1 10 12 1 1 100 1 10 10 12 1 10 12 1 1 10 12 1 1 100 1 10 12 1 10 12 1 1 10 12 1 10 12 1 1 100 1 10 100 12 1 1 9 100 12 1 1 1 10 12 1 8 1 100 1 8 1 10 12 1 10 12 1 8 1 10 12 1 10 12 1 9 12 1 1 10 100 12 1 1 10 12 1 10 12 1 10 100 1 8 1 10 100 1 10 12 1 10 100 12 1 100 1 10 12 1 10 12 1 100 1 10 10 7 12 1 1 1 1 1 1 1 1 1 1 1 1 1 1 1 1 1 1 1 1 1 1 1 1 1 1 1 1 1 1 1 1 1 1 1 1 1 7 1 100 1 7 1 7 1 1 1 1 1 1 1 1 1 1 1 1 1 1 1 1 1 1 1 1 1 1 1 1 1 1 1 1 1 1 1 1 1 1 1 1 1 1 1 1 1 1 1 1 1 1 100 1 1 1 1 1 1 1 1 1 1 1 1 1 1 1 1 1 1 1 1 1 1 1 1 1 1 1 1 1 1 1 1 1 1 1 1 1 100 1 1 1
ciInstanceKlass java/util/jar/Manifest 1 1 339 10 7 12 1 1 1 7 1 10 9 7 12 1 1 1 7 1 10 9 12 1 1 9 12 1 1 10 12 1 10 12 1 1 10 12 1 1 10 12 1 1 10 12 1 1 11 7 1 11 12 1 1 10 12 1 1 10 100 12 1 1 1 100 1 7 1 10 8 1 10 12 1 1 10 12 1 1 10 12 1 10 12 1 11 100 1 10 12 1 10 12 1 1 11 12 1 1 10 12 1 11 12 1 1 11 100 12 1 1 1 11 7 12 1 1 11 12 1 1 100 1 10 12 1 8 1 11 12 1 7 1 10 12 1 1 11 12 1 10 12 1 10 12 1 10 7 12 1 1 1 8 1 10 12 1 1 10 9 7 12 1 1 1 10 12 1 1 10 100 12 1 10 12 1 10 12 1 9 100 12 1 1 1 8 1 10 12 1 8 1 8 1 7 1 10 12 1 10 12 1 10 12 1 1 100 1 8 1 10 12 1 1 8 1 10 10 12 1 1 8 1 10 12 1 1 10 7 12 1 1 1 10 12 1 10 11 12 1 1 10 12 1 10 7 12 1 1 1 10 12 1 1 10 12 1 10 12 1 1 11 10 12 1 11 10 12 1 7 1 1 1 1 1 1 1 1 1 1 1 1 1 1 1 1 1 1 1 1 1 1 1 1 1 1 1 1 1 1 1 1 1 1 1 1 1 1 1 1 1 1 1 100 1 1 1 1 1 1 1 1 1 1 1 1 1 1 7 1 1 1 1 1 1 1 1 1 1 1
ciInstanceKlass java/io/ByteArrayInputStream 1 1 117 10 7 12 1 1 1 9 7 12 1 1 1 9 12 1 1 9 12 1 9 12 1 10 100 12 1 1 1 10 7 12 1 1 1 10 7 12 1 1 1 10 100 12 1 1 1 10 12 1 1 3 10 100 1 10 100 12 1 1 1 9 12 1 1 100 1 10 10 7 12 1 1 1 1 1 1 1 1 1 1 1 1 1 1 1 1 1 1 1 1 1 1 1 1 1 1 1 1 1 1 1 100 1 1 1 1 1 1 1 1 1 1 1 1 1 1
staticfield java/io/ByteArrayInputStream $assertionsDisabled Z 1
instanceKlass java/nio/ShortBuffer
instanceKlass java/nio/IntBuffer
instanceKlass java/nio/LongBuffer
instanceKlass java/nio/CharBuffer
instanceKlass java/nio/ByteBuffer
ciInstanceKlass java/nio/Buffer 1 1 256 100 1 10 7 12 1 1 1 9 7 12 1 1 1 9 12 1 9 12 1 1 9 12 1 9 12 1 1 10 12 1 1 10 12 1 1 10 12 100 1 7 1 10 8 1 10 12 1 1 10 12 1 8 1 8 1 10 12 1 1 10 12 1 8 1 9 12 1 1 100 1 8 1 10 12 1 8 1 8 1 9 12 10 12 1 8 1 8 1 8 1 10 12 1 8 1 8 1 8 1 100 1 10 100 1 10 100 1 10 9 12 1 1 10 7 12 1 1 1 100 1 10 12 1 1 10 12 1 10 100 12 1 1 10 7 12 1 1 1 10 7 12 1 1 1 9 12 1 1 10 7 12 1 1 1 9 12 1 1 7 1 10 10 12 1 1 7 1 10 10 7 12 1 1 1 1 1 3 1 1 1 1 1 1 1 1 1 1 1 1 1 1 100 1 1 1 1 1 1 1 7 1 1 1 1 1 1 1 1 1 1 1 1 1 1 1 1 1 1 1 1 1 1 1 1 1 1 1 1 1 1 1 1 1 1 1 1 1 1 1 100 1 100 1 100 1 100 1 100 1 100 1 100 1 1
staticfield java/nio/Buffer UNSAFE Ljdk/internal/misc/Unsafe; jdk/internal/misc/Unsafe
staticfield java/nio/Buffer SCOPED_MEMORY_ACCESS Ljdk/internal/misc/ScopedMemoryAccess; jdk/internal/misc/ScopedMemoryAccess
staticfield java/nio/Buffer IOOBE_FORMATTER Ljava/util/function/BiFunction; jdk/internal/util/Preconditions$4
staticfield java/nio/Buffer $assertionsDisabled Z 1
ciInstanceKlass java/util/Objects 1 1 184 10 7 12 1 1 1 100 1 8 1 10 12 1 10 12 1 1 10 7 12 1 1 1 10 12 1 1 10 12 1 10 7 12 1 1 1 10 12 1 1 10 7 12 1 1 1 7 1 10 10 12 1 1 10 7 12 1 1 10 12 1 1 8 1 10 7 12 1 1 1 10 7 12 1 1 1 10 11 100 12 1 1 1 100 1 10 10 12 1 8 1 10 12 1 8 1 100 1 11 12 1 1 8 1 10 7 12 1 1 1 10 12 1 1 10 12 1 10 12 1 10 12 1 10 12 1 1 1 1 1 1 1 1 1 1 1 1 1 1 1 1 1 1 1 1 1 1 1 1 1 1 1 1 1 1 1 1 1 1 1 1 1 1 1 1 1 1 1 1 1 1 1 1 1 1 1 1 1 1 1 1 1 1
ciMethod java/util/Objects equals (Ljava/lang/Object;Ljava/lang/Object;)Z 3158 0 186958 0 0
instanceKlass com/android/tools/r8/internal/QC
instanceKlass java/util/AbstractList$SubList
instanceKlass java/util/Collections$CopiesList
instanceKlass java/util/AbstractSequentialList
instanceKlass java/util/Collections$SingletonList
instanceKlass java/util/ArrayList$SubList
instanceKlass java/util/Vector
instanceKlass sun/security/jca/ProviderList$ServiceList
instanceKlass java/util/Arrays$ArrayList
instanceKlass sun/security/jca/ProviderList$3
instanceKlass java/util/Collections$EmptyList
instanceKlass java/util/ArrayList
ciInstanceKlass java/util/AbstractList 1 1 218 10 7 12 1 1 1 9 7 12 1 1 1 10 12 1 1 10 12 1 1 100 1 10 10 12 1 1 11 100 12 1 1 1 11 12 1 1 11 12 1 10 7 12 1 1 1 10 12 1 11 12 1 11 12 1 11 12 1 10 12 1 1 10 12 1 1 11 7 12 1 1 1 11 7 1 11 100 1 10 12 1 100 1 10 12 1 10 12 1 1 7 1 100 1 10 12 1 7 1 10 100 1 7 1 10 8 1 10 12 1 1 10 12 1 10 12 1 1 10 12 1 8 1 100 1 8 1 8 1 8 1 10 7 1 11 10 10 12 1 11 12 1 10 12 1 1 8 1 8 1 1 1 1 1 1 1 1 1 1 1 1 1 1 1 1 1 1 1 1 1 1 1 1 1 1 1 1 1 1 1 1 1 1 1 1 1 1 1 1 1 1 1 1 1 1 1 1 1 1 1 1 1 1 1 1 1 1 100 1 100 1 1 1 1 1 1 1
ciInstanceKlass java/lang/Iterable 1 1 62 10 7 12 1 1 1 11 7 12 1 1 1 11 7 12 1 1 1 11 12 1 1 11 7 12 1 1 1 10 100 12 1 1 1 100 1 1 1 1 1 1 1 1 1 1 1 1 1 1 1 1 1 1 1 1 1 1 1 1 1 1
ciInstanceKlass java/util/Collection 1 1 115 11 100 12 1 1 1 100 1 11 7 12 1 1 1 10 7 12 1 1 1 11 12 1 1 11 7 12 1 1 1 11 12 1 1 11 7 12 1 1 1 11 12 1 1 10 100 12 1 1 1 11 12 1 10 7 12 1 1 1 100 1 100 1 1 1 1 1 1 1 1 1 1 1 1 1 1 1 1 1 1 1 1 1 1 1 1 1 1 1 1 1 1 1 1 1 1 1 1 1 1 1 1 1 1 1 1 1 1 1 1 1 1 1 1
ciInstanceKlass java/util/SequencedCollection 1 1 109 100 1 10 12 1 1 11 7 12 1 1 1 11 7 12 1 1 1 11 12 1 1 11 12 1 7 1 7 1 1 1 1 1 1 1 1 1 1 1 1 1 1 1 1 1 1 1 1 1 1 1 1 1 1 1 1 1 100 1 8 1 1 12 10 1 1 1 8 1 1 1 8 1 1 1 8 1 1 1 8 1 1 8 1 1 1 8 1 1 8 1 1 1 8 1 1 8 1 1 1 8 1 1 8 1 1 8 1
ciInstanceKlass java/util/List 1 1 251 10 100 12 1 1 1 11 100 12 1 1 1 11 100 12 1 1 1 11 12 1 1 11 100 12 1 1 11 12 1 1 11 12 1 1 10 100 12 1 1 1 100 1 100 1 10 12 1 1 100 1 10 100 12 1 1 1 11 12 1 1 11 12 1 11 12 1 100 1 10 12 1 11 12 1 1 11 12 1 1 11 12 1 10 100 12 1 1 1 9 7 12 1 1 1 7 1 10 12 10 12 1 7 1 10 12 1 1 10 12 1 10 12 1 1 11 12 1 1 100 1 1 1 1 1 1 1 1 1 1 1 1 1 1 1 1 1 1 1 1 1 1 1 1 1 1 1 1 1 1 1 1 1 1 1 1 1 1 1 1 1 1 1 1 100 1 100 1 1 1 1 1 1 1 1 1 1 1 1 1 1 1 1 1 1 1 1 1 1 1 1 1 1 1 1 1 1 1 1 1 1 1 1 1 1 1 1 1 1 1 1 1 1 1 1 1 1 1 1 1 1 1 1 1 1 1 1 1 1 1 1 1 1 1 1 1 1 1 1 1 1 1 1 100 1 1 100 1 1 1
instanceKlass com/android/tools/r8/internal/F0
instanceKlass com/android/tools/r8/internal/m0
instanceKlass com/android/tools/r8/internal/H
instanceKlass com/android/tools/r8/internal/o1
instanceKlass com/android/tools/r8/internal/R0
instanceKlass java/util/AbstractQueue
instanceKlass java/util/IdentityHashMap$Values
instanceKlass java/util/HashMap$Values
instanceKlass com/android/tools/r8/internal/sm
instanceKlass java/util/LinkedHashMap$LinkedValues
instanceKlass java/util/ArrayDeque
instanceKlass java/util/AbstractSet
instanceKlass java/util/ImmutableCollections$AbstractImmutableCollection
instanceKlass java/util/AbstractList
ciInstanceKlass java/util/AbstractCollection 1 1 160 10 7 12 1 1 1 10 7 12 1 1 1 10 12 1 1 11 7 12 1 1 1 11 12 1 1 10 12 1 1 10 100 12 1 1 1 10 12 1 1 10 12 1 1 10 7 12 1 1 10 7 12 1 1 1 7 1 10 7 12 1 1 1 10 100 12 1 1 1 100 1 10 11 12 1 11 7 1 10 12 1 10 12 1 10 7 12 1 1 1 11 8 1 7 1 10 10 12 1 1 8 1 10 12 1 10 12 1 1 1 1 1 1 1 1 1 1 1 1 1 1 1 1 1 1 1 1 1 1 1 1 1 1 1 1 1 1 1 1 1 1 1 1 1 1 1 1 1 1 1 1 1 1 1 1 1 1 1 1
ciInstanceKlass java/lang/AssertionStatusDirectives 0 0 24 10 100 12 1 1 1 100 1 1 1 1 1 1 1 1 1 1 1 1 1 1 1 1
instanceKlass java/lang/SecurityException
instanceKlass com/android/tools/r8/internal/p10
instanceKlass com/android/tools/r8/internal/PH
instanceKlass com/android/tools/r8/internal/r10
instanceKlass com/android/tools/r8/internal/Cn
instanceKlass com/android/tools/r8/internal/Hz
instanceKlass com/android/tools/r8/internal/n10
instanceKlass com/android/tools/r8/graph/i4
instanceKlass com/android/tools/r8/internal/gu
instanceKlass com/android/tools/r8/internal/Vs
instanceKlass java/util/ConcurrentModificationException
instanceKlass java/util/NoSuchElementException
instanceKlass com/android/tools/r8/internal/Ws
instanceKlass com/android/tools/r8/internal/vc
instanceKlass com/android/tools/r8/utils/b
instanceKlass java/lang/IndexOutOfBoundsException
instanceKlass java/lang/UnsupportedOperationException
instanceKlass java/lang/IllegalStateException
instanceKlass com/android/tools/r8/utils/U0
instanceKlass com/android/tools/r8/utils/P
instanceKlass java/lang/IllegalArgumentException
instanceKlass java/lang/ArithmeticException
instanceKlass java/lang/NullPointerException
instanceKlass java/lang/IllegalMonitorStateException
instanceKlass java/lang/ArrayStoreException
instanceKlass java/lang/ClassCastException
ciInstanceKlass java/lang/RuntimeException 1 1 40 10 7 12 1 1 1 10 12 1 10 12 1 10 12 1 10 12 1 100 1 1 1 1 5 0 1 1 1 1 1 1 1 1 1 1 1 1 1 1
instanceKlass java/util/stream/Collectors$CollectorImpl
instanceKlass java/security/SecureClassLoader$CodeSourceKey
instanceKlass sun/security/pkcs/SignerInfo$AlgorithmInfo
instanceKlass jdk/internal/misc/ThreadTracker$ThreadRef
instanceKlass jdk/internal/reflect/ReflectionFactory$Config
instanceKlass jdk/internal/foreign/abi/UpcallLinker$CallRegs
instanceKlass jdk/internal/foreign/abi/VMStorage
ciInstanceKlass java/lang/Record 1 1 22 10 7 12 1 1 1 100 1 1 1 1 1 1 1 1 1 1 1 1 1 1
ciInstanceKlass java/lang/invoke/MethodType 1 1 780 7 1 10 7 12 1 1 1 9 12 1 1 9 12 1 1 9 12 1 1 10 7 12 1 1 1 9 7 12 1 1 8 1 10 100 12 1 1 1 9 7 1 9 7 1 10 12 1 1 7 1 10 8 1 10 12 1 1 10 12 1 10 12 1 1 7 1 8 1 10 12 1 100 1 10 10 12 1 10 12 1 1 10 12 1 1 11 7 12 1 1 1 9 12 1 11 12 1 1 7 10 12 1 1 10 12 1 1 7 1 7 1 10 7 12 1 1 1 10 12 1 10 12 1 9 12 1 1 10 7 12 1 1 10 12 1 1 10 7 12 1 1 1 10 7 12 1 1 1 10 12 1 9 12 1 1 10 12 1 1 10 12 1 1 10 12 1 1 10 12 1 1 10 12 1 1 10 12 1 10 12 1 10 12 1 1 10 12 1 8 1 8 1 10 12 1 1 9 12 1 1 100 1 10 10 12 1 1 10 12 1 10 12 1 1 10 12 1 1 10 12 1 10 12 1 10 12 1 8 1 10 12 1 1 10 100 12 1 1 1 10 12 1 10 12 1 1 10 12 1 10 12 1 10 12 1 1 10 12 1 10 12 1 9 12 1 10 12 1 10 10 12 1 1 10 12 1 9 12 1 1 10 12 1 1 11 12 1 1 10 12 1 1 10 12 1 10 12 1 100 1 8 1 8 1 8 1 10 12 1 10 12 1 10 12 1 1 10 10 12 1 11 12 1 1 11 12 1 10 100 12 1 1 1 9 12 1 10 12 1 10 12 1 1 10 12 1 1 10 12 1 10 12 1 10 100 12 1 1 1 10 12 1 1 10 12 1 10 12 1 10 12 1 10 9 12 1 1 7 1 10 12 1 10 12 1 1 9 100 12 1 1 1 10 7 12 1 1 1 10 7 12 1 1 1 10 12 1 1 10 7 12 1 1 1 10 12 1 1 8 1 10 7 12 1 1 1 11 12 1 1 9 12 1 1 10 12 1 1 10 12 1 10 12 1 1 10 12 1 1 10 100 12 1 1 100 1 10 12 1 1 11 100 12 1 1 18 12 1 1 11 12 1 1 18 12 1 11 12 1 100 1 11 100 12 1 1 10 12 1 100 1 10 12 1 10 100 12 1 1 10 12 1 1 9 12 1 1 9 100 12 1 1 1 10 7 12 1 1 1 9 12 1 10 100 12 1 1 10 12 1 100 10 12 1 1 10 12 1 7 1 10 10 12 1 1 7 1 7 1 9 12 1 1 7 1 7 1 7 1 1 1 5 0 1 1 1 1 1 1 1 3 1 3 1 3 1 1 1 1 1 1 1 1 1 1 1 1 1 1 1 1 1 1 1 1 1 1 1 1 1 1 1 1 1 1 1 1 1 1 1 1 1 1 1 1 1 1 1 1 1 1 1 1 1 1 1 1 1 1 1 1 1 1 1 1 1 1 1 1 1 1 1 1 1 1 1 1 1 1 1 1 1 1 1 1 1 1 1 1 1 1 1 1 1 1 1 1 1 1 1 1 1 1 1 1 1 1 1 1 1 1 1 1 1 1 1 1 1 1 1 1 1 1 1 1 1 1 1 1 1 1 1 1 1 1 100 1 100 1 1 1 1 1 1 1 1 1 1 1 1 1 100 1 1 1 7 1 1 1 1 1 1 1 1 1 1 1 1 1 1 1 1 1 1 1 1 1 1 16 15 10 12 16 16 15 10 12 16 15 10 100 12 1 1 1 1 1 7 1 1 7 1 1 100 1 100 1 1
staticfield java/lang/invoke/MethodType internTable Ljdk/internal/util/ReferencedKeySet; jdk/internal/util/ReferencedKeySet
staticfield java/lang/invoke/MethodType NO_PTYPES [Ljava/lang/Class; 0 [Ljava/lang/Class;
staticfield java/lang/invoke/MethodType objectOnlyTypes [Ljava/lang/invoke/MethodType; 20 [Ljava/lang/invoke/MethodType;
staticfield java/lang/invoke/MethodType METHOD_HANDLE_ARRAY [Ljava/lang/Class; 1 [Ljava/lang/Class;
staticfield java/lang/invoke/MethodType serialPersistentFields [Ljava/io/ObjectStreamField; 0 [Ljava/io/ObjectStreamField;
staticfield java/lang/invoke/MethodType $assertionsDisabled Z 1
ciInstanceKlass java/lang/invoke/TypeDescriptor$OfMethod 1 0 43 100 1 100 1 100 1 1 1 1 1 1 1 1 1 1 1 1 1 1 1 1 1 1 1 1 1 1 1 1 1 1 1 1 1 1 1 1 1 1 100 1 1
instanceKlass java/lang/reflect/InvocationTargetException
instanceKlass java/lang/IllegalAccessException
instanceKlass java/lang/InstantiationException
instanceKlass java/lang/NoSuchFieldException
instanceKlass java/lang/NoSuchMethodException
instanceKlass java/lang/ClassNotFoundException
ciInstanceKlass java/lang/ReflectiveOperationException 1 1 34 10 7 12 1 1 1 10 12 1 10 12 1 10 12 1 100 1 1 1 1 5 0 1 1 1 1 1 1 1 1 1 1 1
instanceKlass java/lang/invoke/DelegatingMethodHandle
instanceKlass java/lang/invoke/BoundMethodHandle
instanceKlass java/lang/invoke/DirectMethodHandle
ciInstanceKlass java/lang/invoke/MethodHandle 1 1 733 100 1 9 7 12 1 1 1 10 7 12 1 1 1 10 7 12 1 1 1 7 1 7 1 10 12 1 1 9 12 1 1 10 12 1 10 12 1 1 10 12 1 1 10 100 12 1 1 1 10 12 1 1 10 12 1 1 11 7 12 1 1 1 10 12 1 1 10 12 1 10 12 1 10 12 1 1 9 12 1 1 9 12 1 1 10 7 12 1 1 1 10 12 1 1 10 12 1 10 12 1 100 1 7 1 10 8 1 10 12 1 1 10 12 1 8 1 10 12 1 1 10 12 1 10 7 12 1 1 1 10 12 1 1 10 12 1 1 10 12 1 1 10 7 12 1 1 1 10 12 1 1 10 12 1 1 10 12 1 10 12 1 1 10 7 12 1 1 10 7 12 1 1 10 12 1 10 12 1 10 12 1 1 10 12 1 1 10 12 1 1 10 12 1 1 10 7 12 1 1 1 10 100 12 1 1 1 10 12 1 1 10 12 1 1 10 12 1 1 8 1 10 7 12 1 1 1 8 1 10 12 1 10 12 1 1 10 12 1 1 10 12 1 8 1 10 12 1 1 8 1 10 12 1 8 1 10 7 12 1 1 1 9 12 1 1 100 1 10 9 7 12 1 1 1 9 7 1 8 1 10 12 1 1 10 12 1 10 12 1 1 10 12 1 10 12 1 1 10 12 1 10 12 1 1 10 12 1 10 12 1 1 10 12 1 1 8 1 10 12 1 1 8 1 10 12 1 10 12 1 1 10 12 1 10 12 1 10 12 1 1 9 100 12 1 1 1 10 12 1 1 11 12 1 10 12 1 10 12 1 1 10 100 12 1 1 100 1 11 12 1 10 100 1 11 12 1 7 1 10 12 1 11 12 1 9 100 12 1 1 1 11 12 1 1 11 100 12 1 1 1 10 12 1 1 9 12 1 11 12 1 9 12 1 9 12 1 9 12 1 11 12 1 1 9 12 1 9 12 1 9 12 1 9 12 1 9 12 1 9 12 1 9 12 1 8 1 10 12 1 10 12 1 8 1 10 12 1 10 12 1 10 12 1 1 10 10 10 7 12 1 1 10 12 1 1 100 1 100 1 8 1 8 1 10 10 12 1 1 10 12 1 10 12 1 7 1 10 100 12 1 1 1 10 9 7 12 1 1 1 10 12 1 1 10 12 1 1 8 1 8 1 10 7 12 1 1 9 12 1 9 12 1 1 9 12 1 1 10 12 1 7 1 10 12 1 10 12 1 1 9 12 1 1 9 12 1 1 10 7 12 1 1 1 11 7 12 1 1 9 12 1 10 12 1 1 9 12 1 10 12 1 8 10 12 1 1 8 1 1 1 1 1 1 1 1 7 1 1 1 1 1 1 1 1 1 1 1 1 1 1 1 1 1 1 1 1 1 1 1 1 1 1 1 1 1 1 100 1 1 1 1 1 1 1 1 1 1 1 1 1 1 1 1 1 1 1 1 1 1 1 1 1 1 1 1 1 1 1 1 1 1 1 1 1 1 1 1 1 1 1 1 1 1 1 1 1 1 1 1 1 1 1 1 1 1 1 1 1 1 1 1 1 1 1 1 1 1 1 1 1 1 1 1 1 1 1 1 1 1 1 1 1 1 100 1 1 100 1 7 1 100 1 1 100 1 1 100 1 1 1 1
staticfield java/lang/invoke/MethodHandle FORM_OFFSET J 20
staticfield java/lang/invoke/MethodHandle UPDATE_OFFSET J 13
staticfield java/lang/invoke/MethodHandle $assertionsDisabled Z 1
ciInstanceKlass java/util/concurrent/ConcurrentHashMap 1 1 1210 7 1 7 1 3 10 12 1 1 3 7 1 10 7 12 1 1 1 7 1 10 7 12 1 1 1 100 1 11 12 1 1 11 12 1 11 12 1 1 9 12 1 1 9 12 1 1 9 12 1 10 7 12 1 1 1 7 1 10 12 1 1 10 12 1 1 10 7 12 1 1 1 4 10 12 1 9 12 1 10 12 1 1 100 1 10 5 0 10 12 1 10 12 1 1 5 0 10 12 1 1 10 12 1 9 12 1 1 10 12 1 1 9 12 1 9 12 1 1 10 12 1 1 9 12 1 10 12 1 1 9 12 1 1 10 12 1 1 100 1 10 7 1 10 12 1 10 12 1 1 10 12 1 1 10 12 1 1 10 12 1 10 12 1 1 10 12 1 1 100 1 10 12 1 1 7 1 100 1 8 1 10 12 1 10 12 1 1 10 12 1 1 11 7 12 1 1 10 12 1 1 11 12 1 1 11 7 12 1 1 1 11 7 12 1 1 1 11 12 1 7 1 11 12 1 11 12 1 10 12 1 1 10 12 1 1 9 12 1 1 10 100 12 1 1 1 9 10 12 1 1 9 12 1 10 12 1 1 5 0 9 12 1 1 7 1 10 12 1 9 12 1 1 7 1 10 12 1 9 12 1 7 1 10 7 1 10 10 12 1 1 8 1 10 12 1 10 12 1 1 11 100 1 10 12 1 10 100 12 1 1 1 8 1 10 100 12 1 1 1 8 1 10 12 1 8 1 10 12 1 10 12 1 1 10 100 12 1 1 10 12 1 10 12 1 10 12 1 9 12 1 9 10 12 1 9 12 1 1 11 7 12 1 1 1 11 7 12 1 1 1 100 1 10 12 11 100 12 1 1 10 11 7 12 1 10 12 1 100 1 10 12 1 100 1 10 10 9 7 12 1 1 1 10 12 3 10 7 12 1 1 9 12 1 10 12 1 1 9 12 1 1 9 12 1 10 12 1 1 10 7 12 1 1 9 12 1 9 7 12 1 1 10 12 1 1 10 12 1 3 9 12 1 9 12 1 10 12 1 1 7 1 9 3 9 12 1 7 1 10 12 1 9 12 1 10 12 1 9 12 1 10 12 1 9 12 1 10 100 12 1 1 1 100 10 12 1 7 1 5 0 10 100 12 1 1 100 1 10 12 1 1 10 12 1 10 12 1 100 1 10 12 1 10 100 1 100 1 10 10 12 1 10 100 1 10 12 1 10 100 1 10 12 1 10 7 1 10 12 1 1 100 1 10 12 1 10 10 12 1 100 1 10 12 1 10 10 12 1 100 1 10 12 1 10 100 1 10 12 1 10 100 1 10 12 1 10 100 1 10 12 1 10 100 1 10 12 1 10 100 1 10 12 1 10 100 1 10 12 1 10 100 1 10 12 1 10 100 1 10 10 100 1 10 10 100 1 10 10 100 1 10 12 1 10 100 1 10 12 1 10 100 1 10 12 1 10 100 1 10 12 1 10 100 1 10 12 1 10 100 1 10 10 100 1 10 10 100 1 10 10 100 1 10 12 1 10 100 1 10 12 1 10 100 1 10 12 1 10 100 1 10 12 1 10 100 1 10 12 1 10 10 12 1 10 7 12 1 1 1 10 12 1 7 1 7 1 10 12 1 9 12 1 1 9 12 1 1 10 12 1 1 8 10 12 1 1 8 8 8 8 7 10 12 1 1 10 12 1 100 1 8 1 10 7 1 7 1 7 1 1 1 5 0 1 1 3 1 3 1 1 1 1 3 1 3 1 3 1 1 1 1 1 3 1 3 1 3 1 1 1 1 1 1 1 1 1 1 1 1 1 1 1 1 1 1 1 1 1 1 1 1 1 100 1 1 1 1 1 1 1 1 1 1 1 1 1 1 1 1 1 1 1 1 1 1 1 1 1 1 1 1 1 1 1 1 1 1 1 1 1 1 1 1 1 1 1 1 1 1 1 1 1 1 1 1 1 1 1 1 1 1 1 1 1 1 1 1 1 1 1 1 1 1 1 1 1 1 1 1 1 1 1 1 1 1 1 1 100 1 1 1 1 1 1 1 1 1 1 1 7 1 1 1 1 1 1 1 1 1 1 1 1 1 1 1 1 1 1 1 1 1 1 1 1 1 1 1 1 1 1 1 1 1 1 1 1 1 1 1 1 1 1 1 1 1 1 1 1 1 1 1 1 1 1 1 1 1 1 1 1 1 1 1 1 1 1 1 1 1 1 1 1 1 1 1 1 1 1 1 1 1 1 1 1 1 1 1 1 1 1 1 1 1 1 1 1 1 1 1 1 1 1 1 1 1 1 1 1 1 1 1 1 1 1 1 1 1 1 1 1 1 1 1 1 1 1 1 1 1 1 1 1 1 1 1 1 1 1 1 1 1 1 1 1 1 1 1 1 1 1 1 1 1 1 1 1 1 1 1 1 1 1 1 1 1 1 1 1 1 1 1 1 1 1 1 1 1 1 1 1 1 1 1 1 1 1 1 1 1 1 1 1 1 1 1 1 1 1 1 1 1 1 1 1 1 1 1 1 1 1 1 1 1 1 1 1 1 1 1 1 1 1 1 100 1 100 1 100 1 100 1 100 1 100 1 100 1 100 1 100 1 1 1 1 1 1 1 1 1 1 1 1 1 1 1 1 1 1 1 1 1 1 1 1 1 1 1 1 1 1 1 1 1 1 1 1 1 1 1 1 1 1 1 1 1 1 1 1 1 1 1 1 1 1 1 1 1 1
staticfield java/util/concurrent/ConcurrentHashMap NCPU I 8
staticfield java/util/concurrent/ConcurrentHashMap serialPersistentFields [Ljava/io/ObjectStreamField; 3 [Ljava/io/ObjectStreamField;
staticfield java/util/concurrent/ConcurrentHashMap U Ljdk/internal/misc/Unsafe; jdk/internal/misc/Unsafe
staticfield java/util/concurrent/ConcurrentHashMap SIZECTL J 20
staticfield java/util/concurrent/ConcurrentHashMap TRANSFERINDEX J 32
staticfield java/util/concurrent/ConcurrentHashMap BASECOUNT J 24
staticfield java/util/concurrent/ConcurrentHashMap CELLSBUSY J 36
staticfield java/util/concurrent/ConcurrentHashMap CELLVALUE J 144
staticfield java/util/concurrent/ConcurrentHashMap ABASE I 16
staticfield java/util/concurrent/ConcurrentHashMap ASHIFT I 2
instanceKlass java/util/Collections$SingletonMap
instanceKlass com/android/tools/r8/internal/KV
instanceKlass com/android/tools/r8/internal/bC
instanceKlass java/util/EnumMap
instanceKlass com/android/tools/r8/internal/mE
instanceKlass java/util/TreeMap
instanceKlass java/util/IdentityHashMap
instanceKlass java/util/WeakHashMap
instanceKlass java/util/Collections$EmptyMap
instanceKlass sun/util/PreHashedMap
instanceKlass java/util/HashMap
instanceKlass java/util/ImmutableCollections$AbstractImmutableMap
instanceKlass java/util/concurrent/ConcurrentHashMap
ciInstanceKlass java/util/AbstractMap 1 1 196 10 7 12 1 1 1 10 7 12 1 1 1 11 7 12 1 1 1 10 11 12 1 1 11 7 12 1 1 1 11 12 1 1 7 1 11 12 1 10 12 1 1 11 12 1 100 1 10 11 12 1 11 7 1 10 12 1 1 11 12 1 9 12 1 1 7 1 10 12 1 9 12 1 1 100 1 10 11 11 12 1 1 11 12 1 7 1 100 1 11 12 1 8 1 7 1 10 10 12 1 1 8 1 10 12 1 10 12 1 1 10 12 1 1 1 1 1 1 1 1 1 1 1 1 1 1 1 1 1 1 1 1 1 1 1 1 1 1 1 1 1 1 1 1 1 1 1 1 1 1 1 1 7 1 1 1 1 1 1 1 7 1 1 1 1 1 1 1 1 1 100 1 1 1 1 1 1 1 1 1 100 1 100 1 100 1 100 1 100 1 1 1 1 1 1
ciInstanceKlass java/util/concurrent/ConcurrentMap 1 1 208 11 7 12 1 1 1 10 100 12 1 1 11 12 1 1 11 100 12 1 1 1 11 7 12 1 1 1 11 12 1 1 100 1 11 12 1 11 12 1 100 1 11 100 12 1 1 1 18 12 1 11 12 1 1 11 100 12 1 1 11 12 1 1 11 100 12 1 11 12 1 1 11 12 1 1 7 1 7 1 1 1 1 1 1 1 1 1 1 1 1 1 1 1 1 1 1 1 1 1 1 1 1 1 1 1 1 1 1 1 1 1 1 1 1 1 1 1 1 1 1 1 1 1 1 1 1 1 1 1 1 1 1 1 1 1 1 1 1 16 15 11 12 15 10 100 12 1 1 1 1 1 100 1 100 1 1 1 100 1 8 1 1 12 10 1 1 1 8 1 1 1 8 1 1 8 1 1 1 8 1 1 1 8 1 1 1 8 1 1 1 8 1 1 1 8 1 1 1 8 1 1 1 8 1 1 8 1
ciInstanceKlass jdk/internal/loader/ClassLoaders 1 1 183 10 7 12 1 1 1 10 7 12 1 1 1 10 12 1 1 10 100 12 1 1 1 9 7 12 1 1 1 9 12 1 1 9 12 1 1 7 1 11 100 12 1 1 1 100 1 11 12 1 1 11 12 1 1 10 100 12 1 1 1 10 100 12 1 1 1 100 1 100 1 10 7 12 1 1 1 9 12 1 1 10 12 1 1 7 1 10 12 1 1 10 12 1 7 1 8 1 10 7 12 1 1 1 10 12 1 1 7 1 10 12 1 10 12 1 10 12 1 8 1 10 7 12 1 1 8 1 8 1 10 12 1 7 1 10 12 1 10 12 1 10 12 1 1 1 1 1 1 1 1 1 1 1 1 1 1 1 1 1 1 1 1 7 1 1 1 1 1 1 1 1 1 1 1 1 1 1 1 1 1 1 1
staticfield jdk/internal/loader/ClassLoaders JLA Ljdk/internal/access/JavaLangAccess; java/lang/System$2
staticfield jdk/internal/loader/ClassLoaders BOOT_LOADER Ljdk/internal/loader/ClassLoaders$BootClassLoader; jdk/internal/loader/ClassLoaders$BootClassLoader
staticfield jdk/internal/loader/ClassLoaders PLATFORM_LOADER Ljdk/internal/loader/ClassLoaders$PlatformClassLoader; jdk/internal/loader/ClassLoaders$PlatformClassLoader
staticfield jdk/internal/loader/ClassLoaders APP_LOADER Ljdk/internal/loader/ClassLoaders$AppClassLoader; jdk/internal/loader/ClassLoaders$AppClassLoader
instanceKlass jdk/internal/loader/ClassLoaders$BootClassLoader
instanceKlass jdk/internal/loader/ClassLoaders$PlatformClassLoader
instanceKlass jdk/internal/loader/ClassLoaders$AppClassLoader
ciInstanceKlass jdk/internal/loader/BuiltinClassLoader 1 1 737 9 7 12 1 1 1 10 7 12 1 1 1 10 7 12 1 1 1 9 12 1 1 9 12 1 1 7 1 10 12 1 9 12 1 10 12 1 9 12 1 10 7 12 1 1 1 10 7 12 1 1 1 10 7 12 1 1 1 11 7 12 1 1 1 7 1 7 1 10 10 12 1 1 8 1 10 12 1 10 12 7 1 10 12 1 10 12 1 1 11 7 12 1 1 1 11 7 12 1 1 1 11 12 1 1 7 1 8 1 8 1 10 9 12 1 1 10 7 12 1 1 11 12 1 1 10 12 1 1 10 12 1 1 10 12 1 1 10 7 12 1 1 1 10 12 1 10 7 12 1 1 1 10 12 1 1 11 7 12 1 1 1 10 7 12 1 1 7 1 10 7 12 1 1 1 10 12 1 100 1 8 1 10 12 1 1 10 8 1 10 12 1 1 10 12 1 1 10 12 1 1 11 7 12 1 1 11 12 1 7 1 10 11 12 1 1 11 10 12 1 1 7 1 10 12 1 10 7 12 1 10 12 1 7 1 10 12 1 10 7 12 1 1 1 100 1 10 12 1 1 11 12 1 100 1 100 1 10 12 1 10 12 1 1 100 1 100 1 10 12 1 10 12 1 18 12 1 1 10 12 1 10 12 1 1 18 100 1 10 7 12 1 1 1 7 1 10 10 12 1 1 10 12 1 1 10 12 1 1 10 12 1 9 12 1 1 100 1 10 10 12 1 1 10 12 1 1 10 12 1 10 12 10 12 1 1 10 12 1 1 10 12 1 1 10 12 1 10 12 1 1 18 12 1 7 1 10 12 1 1 10 12 1 10 12 1 1 10 12 1 100 1 10 12 1 100 1 10 12 1 10 7 12 1 1 1 10 12 1 11 12 1 100 1 10 12 1 7 1 100 1 10 12 1 10 12 1 11 12 1 1 10 12 1 1 10 12 1 1 10 12 1 1 10 12 1 1 10 12 1 10 12 1 10 12 1 10 12 1 8 1 10 12 1 1 10 7 12 1 1 10 12 1 100 1 8 1 8 1 10 10 12 1 8 1 8 1 10 7 12 1 1 1 11 7 12 1 1 1 9 7 12 1 1 1 10 7 12 1 1 1 9 12 1 9 12 1 9 12 1 9 12 1 9 12 1 9 12 1 10 7 12 1 1 1 8 1 10 12 1 7 1 10 12 1 1 10 12 1 7 1 10 11 12 1 1 10 12 10 12 1 10 12 1 100 1 10 12 1 10 12 1 10 10 12 1 10 7 12 1 1 8 1 10 7 12 1 1 10 12 1 1 1 1 1 1 1 1 1 1 1 1 1 1 1 1 1 1 1 1 1 1 1 1 1 1 1 1 1 1 1 1 1 1 1 1 1 1 1 1 1 1 1 1 1 1 1 1 1 1 1 1 1 1 1 1 7 1 1 1 1 1 1 1 1 1 1 1 1 1 1 1 1 1 1 7 1 7 1 1 1 1 1 1 1 1 1 1 1 1 1 1 1 1 1 1 1 1 1 1 1 1 1 1 1 1 1 1 1 1 1 1 1 1 1 1 1 1 1 1 1 1 1 1 1 1 1 1 1 100 1 1 16 15 10 12 16 15 10 12 16 15 10 12 16 1 15 10 100 12 1 1 1 1 1 100 1 1 1 1 1 100 1 100 1 1
staticfield jdk/internal/loader/BuiltinClassLoader packageToModule Ljava/util/Map; java/util/concurrent/ConcurrentHashMap
staticfield jdk/internal/loader/BuiltinClassLoader $assertionsDisabled Z 1
ciInstanceKlass jdk/internal/loader/ClassLoaders$AppClassLoader 1 1 119 8 1 10 7 12 1 1 1 10 7 12 1 1 1 10 7 12 1 1 1 10 12 1 1 10 7 12 1 1 1 10 12 1 1 10 12 1 1 7 1 8 1 10 12 10 7 12 1 1 1 10 7 12 1 1 10 12 1 1 10 12 1 1 10 7 12 1 1 1 7 1 10 12 1 1 1 1 1 1 1 1 1 1 1 1 1 1 1 1 1 1 1 1 1 7 1 1 1 1 1 1 1 1 1 1 1 1 1 1 1 1 1 1 1 7 1 1 1
ciInstanceKlass jdk/internal/loader/ClassLoaders$PlatformClassLoader 1 1 42 8 1 10 7 12 1 1 1 10 7 12 1 1 1 7 1 10 12 1 7 1 1 1 1 1 1 1 1 1 1 1 1 1 1 7 1 1 1 100 1 1
ciInstanceKlass java/lang/ArithmeticException 1 1 26 10 100 12 1 1 1 10 12 1 100 1 1 1 1 5 0 1 1 1 1 1 1 1 1 1
ciInstanceKlass java/lang/ArrayStoreException 1 1 26 10 100 12 1 1 1 10 12 1 100 1 1 1 1 5 0 1 1 1 1 1 1 1 1 1
ciInstanceKlass java/lang/ClassCastException 1 1 26 10 100 12 1 1 1 10 12 1 100 1 1 1 1 5 0 1 1 1 1 1 1 1 1 1
ciMethod java/lang/ClassCastException <init> ()V 0 0 1 0 -1
ciInstanceKlass java/lang/ClassNotFoundException 1 1 96 7 1 10 7 12 1 1 1 10 12 1 10 12 1 1 10 100 12 1 1 1 8 1 10 100 12 1 1 1 10 7 12 1 1 10 100 12 1 1 1 10 100 12 1 1 1 10 12 1 1 7 1 10 12 1 9 12 1 1 1 1 1 5 0 1 1 1 1 1 1 1 1 1 1 1 1 1 1 1 1 1 1 100 1 1 1 1 1 1 1 1 1 1 1 1
staticfield java/lang/ClassNotFoundException serialPersistentFields [Ljava/io/ObjectStreamField; 1 [Ljava/io/ObjectStreamField;
instanceKlass java/lang/NumberFormatException
ciInstanceKlass java/lang/IllegalArgumentException 1 1 35 10 7 12 1 1 1 10 12 1 10 12 1 10 12 1 100 1 1 1 1 5 0 1 1 1 1 1 1 1 1 1 1 1 1
ciInstanceKlass java/lang/IllegalMonitorStateException 1 1 26 10 100 12 1 1 1 10 12 1 100 1 1 1 1 5 0 1 1 1 1 1 1 1 1 1
ciInstanceKlass java/lang/BootstrapMethodError 0 0 45 10 100 12 1 1 1 10 12 1 10 12 1 10 100 12 1 1 1 10 100 12 1 1 1 1 1 1 5 0 1 1 1 1 1 1 1 1 1 1 1 100 1 1 1
instanceKlass java/lang/ClassFormatError
instanceKlass java/lang/IncompatibleClassChangeError
instanceKlass java/lang/BootstrapMethodError
instanceKlass java/lang/NoClassDefFoundError
ciInstanceKlass java/lang/LinkageError 1 1 31 10 7 12 1 1 1 10 12 1 10 12 1 100 1 1 1 1 5 0 1 1 1 1 1 1 1 1 1 1 1
ciInstanceKlass java/lang/NullPointerException 1 1 52 10 100 12 1 1 1 10 12 1 9 100 12 1 1 1 10 12 1 1 9 12 1 1 10 12 1 1 10 12 1 1 1 1 5 0 1 1 1 1 1 1 1 1 100 1 100 1 100 1 1 1
ciInstanceKlass java/lang/NoClassDefFoundError 0 0 26 10 100 12 1 1 1 10 12 1 100 1 1 1 1 5 0 1 1 1 1 1 1 1 1 1
ciInstanceKlass java/lang/StackOverflowError 1 1 26 10 100 12 1 1 1 10 12 1 100 1 1 1 1 5 0 1 1 1 1 1 1 1 1 1
ciInstanceKlass java/lang/StackTraceElement 0 0 235 10 7 12 1 1 1 10 7 12 1 1 9 12 1 1 9 12 1 1 9 12 1 9 12 1 8 1 10 100 12 1 1 1 7 1 9 12 1 8 1 9 12 1 9 12 1 9 12 1 1 10 12 1 1 10 12 1 8 1 10 100 12 1 1 1 7 1 10 12 1 10 12 1 1 10 12 1 10 12 1 1 10 12 1 10 12 1 10 10 12 1 8 1 10 12 1 10 12 1 1 10 12 1 1 10 12 1 10 12 1 10 12 1 9 12 1 1 10 7 12 1 1 1 10 12 1 1 7 1 10 12 1 1 10 100 12 1 1 10 100 12 1 1 1 10 7 12 1 1 10 100 12 1 1 10 10 12 1 1 10 12 1 1 10 12 1 1 10 12 1 7 1 1 1 1 1 1 1 3 1 3 1 1 5 0 1 1 1 1 1 1 1 1 1 1 1 1 1 1 1 1 1 1 1 1 1 1 1 1 1 1 1 1 1 7 1 7 1 1 1 1 1 1 1 100 1 1 1 1 1 1 1 1 1
instanceKlass java/util/concurrent/locks/AbstractQueuedSynchronizer
ciInstanceKlass java/util/concurrent/locks/AbstractOwnableSynchronizer 1 1 32 10 7 12 1 1 1 9 7 12 1 1 1 100 1 1 1 1 5 0 1 1 1 1 1 1 1 1 1 1 1 1
ciInstanceKlass jdk/internal/vm/Continuation 0 0 549 9 100 12 1 1 1 9 12 1 9 12 1 100 1 7 1 10 12 1 1 8 1 10 12 1 1 10 12 1 10 12 1 1 10 12 1 9 7 12 1 1 1 11 100 12 1 1 1 10 7 1 9 12 1 1 9 12 1 1 10 8 1 10 12 1 9 12 1 1 10 11 12 1 1 100 1 10 100 12 1 1 1 10 12 1 1 10 12 1 10 12 1 1 11 12 1 1 9 12 1 1 10 12 1 1 18 12 1 1 10 7 12 1 1 1 100 1 10 12 1 11 100 12 1 1 1 10 12 1 9 12 1 10 12 1 1 100 1 8 1 10 12 1 10 12 1 1 9 12 1 1 11 12 1 1 9 12 1 1 8 1 10 11 12 1 1 11 12 1 1 10 12 1 1 10 12 1 1 9 12 1 10 12 1 10 10 12 1 8 1 10 12 1 8 1 8 1 10 7 12 1 1 1 10 7 12 1 1 1 10 12 1 9 12 1 11 12 1 7 1 10 12 1 10 12 1 1 9 12 1 1 7 1 10 12 1 1 9 12 1 1 10 12 1 10 12 1 11 7 12 1 1 10 7 1 10 12 1 8 1 9 12 1 10 12 1 1 9 12 1 1 10 7 12 1 1 8 1 8 1 8 1 8 1 10 12 1 1 10 12 1 10 12 1 10 12 1 10 12 1 1 10 12 1 1 8 1 10 12 1 1 9 12 1 1 10 12 1 1 9 12 1 8 1 10 7 12 1 1 1 10 12 1 8 1 100 1 8 1 10 9 12 1 1 8 1 10 7 12 1 1 10 100 12 1 1 8 1 8 1 10 12 10 100 12 1 1 1 10 7 1 10 7 12 1 1 1 18 11 100 12 1 1 1 18 12 1 11 12 1 1 7 1 10 7 12 1 1 10 12 1 1 8 10 12 1 1 10 100 12 1 1 1 10 100 12 1 1 10 12 1 8 1 10 12 1 7 1 7 1 10 12 1 1 1 1 1 1 1 1 1 1 1 1 1 1 1 1 1 1 1 1 1 1 1 1 1 1 1 1 1 1 1 1 1 1 1 1 1 1 1 1 1 1 1 1 1 1 1 1 1 1 1 1 1 1 1 1 1 1 1 1 1 1 1 1 1 1 1 1 1 1 1 1 1 1 1 100 1 1 16 1 15 10 12 16 15 11 7 12 1 1 1 16 1 16 1 15 10 12 16 15 10 100 12 1 1 1 1 1 1 1 1 100 1 100 1 1
ciInstanceKlass jdk/internal/misc/UnsafeConstants 1 1 34 10 100 12 1 1 1 9 7 12 1 1 1 9 12 1 9 12 1 1 9 12 1 9 12 1 1 1 1 1 1 1 1 1
staticfield jdk/internal/misc/UnsafeConstants ADDRESS_SIZE0 I 8
staticfield jdk/internal/misc/UnsafeConstants PAGE_SIZE I 4096
staticfield jdk/internal/misc/UnsafeConstants BIG_ENDIAN Z 0
staticfield jdk/internal/misc/UnsafeConstants UNALIGNED_ACCESS Z 1
staticfield jdk/internal/misc/UnsafeConstants DATA_CACHE_LINE_FLUSH_SIZE I 0
ciInstanceKlass java/lang/invoke/MethodHandleStatics 1 1 320 10 7 12 1 1 1 9 7 12 1 1 1 9 12 1 1 10 7 12 1 1 1 9 12 1 9 12 1 9 12 1 9 12 1 9 7 12 1 1 1 7 1 10 8 1 10 12 1 1 10 7 12 1 1 1 8 1 10 7 12 1 1 1 10 12 1 1 8 1 8 1 10 12 1 10 100 12 1 1 1 10 7 12 1 1 8 1 10 12 1 1 8 1 8 1 8 1 8 1 10 12 1 1 7 1 10 12 10 12 1 10 12 1 100 1 10 10 12 1 1 100 1 10 10 12 1 7 1 7 1 8 1 8 1 10 12 1 8 1 10 7 12 1 1 1 9 12 1 1 10 7 12 1 1 1 10 12 1 1 9 12 1 1 10 7 12 1 1 1 8 1 10 7 12 1 1 10 7 12 1 1 1 8 1 8 1 8 1 8 1 8 1 10 12 1 10 7 12 1 1 1 9 12 1 8 1 8 1 8 1 8 1 9 12 1 8 1 9 12 1 8 1 8 1 9 12 1 8 1 8 1 9 12 1 8 1 9 12 1 8 1 9 12 1 8 1 8 1 9 12 1 8 1 8 1 10 12 1 1 8 1 10 12 1 1 1 1 1 1 1 1 1 1 1 1 1 1 1 1 1 1 1 1 1 1 1 7 1 7 1 7 1 1 1 1 1 1 1 1 1 1 1 1 1 1 1 1 1 1 1 1 1 1 1 1 1 1 1 1
staticfield java/lang/invoke/MethodHandleStatics UNSAFE Ljdk/internal/misc/Unsafe; jdk/internal/misc/Unsafe
staticfield java/lang/invoke/MethodHandleStatics CLASSFILE_VERSION I 65
staticfield java/lang/invoke/MethodHandleStatics DEBUG_METHOD_HANDLE_NAMES Z 0
staticfield java/lang/invoke/MethodHandleStatics TRACE_INTERPRETER Z 0
staticfield java/lang/invoke/MethodHandleStatics TRACE_METHOD_LINKAGE Z 0
staticfield java/lang/invoke/MethodHandleStatics TRACE_RESOLVE Z 0
staticfield java/lang/invoke/MethodHandleStatics COMPILE_THRESHOLD I 0
staticfield java/lang/invoke/MethodHandleStatics LOG_LF_COMPILATION_FAILURE Z 0
staticfield java/lang/invoke/MethodHandleStatics DONT_INLINE_THRESHOLD I 30
staticfield java/lang/invoke/MethodHandleStatics PROFILE_LEVEL I 0
staticfield java/lang/invoke/MethodHandleStatics PROFILE_GWT Z 1
staticfield java/lang/invoke/MethodHandleStatics CUSTOMIZE_THRESHOLD I 127
staticfield java/lang/invoke/MethodHandleStatics VAR_HANDLE_GUARDS Z 1
staticfield java/lang/invoke/MethodHandleStatics MAX_ARITY I 255
staticfield java/lang/invoke/MethodHandleStatics VAR_HANDLE_IDENTITY_ADAPT Z 0
staticfield java/lang/invoke/MethodHandleStatics DUMP_CLASS_FILES Ljdk/internal/util/ClassFileDumper; jdk/internal/util/ClassFileDumper
ciInstanceKlass java/lang/invoke/LambdaForm 1 1 1059 7 1 100 1 10 7 12 1 1 1 9 12 1 1 9 12 1 9 12 1 9 12 1 1 9 12 1 1 9 12 1 1 9 12 1 1 9 12 1 1 9 12 1 10 7 12 1 1 9 12 1 10 12 1 1 100 1 10 10 12 1 1 10 12 1 10 12 1 10 12 1 1 10 12 1 9 12 1 9 12 1 10 12 1 1 10 7 12 1 1 1 10 12 1 1 9 100 12 1 1 1 10 12 1 1 9 7 12 1 1 10 12 1 10 12 1 1 10 12 1 1 10 12 1 1 7 1 10 7 12 1 1 1 10 12 1 1 10 12 1 10 12 1 1 9 12 1 1 9 12 1 9 12 1 1 10 12 1 9 12 1 10 100 12 1 1 1 10 12 1 1 7 1 10 12 1 9 12 1 1 10 7 12 1 1 1 10 12 1 10 12 1 7 1 10 12 1 10 12 1 10 12 1 1 10 12 1 1 10 12 1 10 12 1 10 12 1 10 12 1 1 8 1 10 12 1 10 12 1 10 10 12 1 8 1 8 1 9 12 1 9 12 1 1 10 12 1 1 10 12 1 9 12 1 10 12 1 1 10 7 12 1 1 1 10 12 1 1 10 12 1 10 12 1 10 100 12 1 1 1 9 12 1 10 12 1 8 1 8 1 8 1 8 1 8 1 8 1 8 1 8 1 10 12 1 9 12 1 7 1 10 12 1 1 9 12 1 10 12 1 10 12 1 1 10 12 10 12 1 10 12 1 1 10 12 1 1 10 10 12 1 1 10 12 1 1 7 1 8 1 10 12 1 1 10 12 1 10 12 1 1 10 8 1 10 12 1 1 8 1 8 1 8 1 10 12 1 10 12 1 10 12 1 1 100 1 10 12 1 1 10 12 1 1 10 7 12 1 1 1 10 12 1 1 9 12 1 1 8 1 10 100 12 1 1 1 10 7 12 1 1 10 12 10 12 1 1 10 12 1 1 9 12 1 8 10 12 1 1 100 1 10 12 1 1 10 12 1 9 7 12 1 1 9 7 12 1 1 1 8 1 10 100 12 1 1 10 12 1 1 7 1 7 1 10 10 12 1 1 10 12 1 1 8 1 8 1 7 1 8 1 10 12 10 12 1 10 12 1 10 12 1 1 8 1 8 1 10 12 1 10 12 1 1 8 1 8 1 8 1 7 1 8 1 7 1 8 1 7 1 8 1 10 12 1 8 1 9 10 7 12 1 1 1 10 12 1 9 12 1 1 10 12 1 10 10 12 1 10 12 1 10 12 1 10 12 1 1 10 12 1 10 12 1 1 10 12 1 1 10 12 1 1 10 12 1 1 8 1 100 10 12 1 10 12 1 9 12 1 1 10 7 12 1 1 8 1 8 1 7 1 8 1 8 1 8 1 8 1 8 1 8 1 8 1 8 1 10 12 1 1 10 12 1 1 10 12 1 10 12 1 10 12 1 10 12 1 8 1 8 1 8 1 10 12 1 8 1 10 12 1 8 1 8 1 8 1 8 1 8 1 10 12 1 10 12 1 10 12 1 1 10 7 12 1 1 1 10 12 1 10 12 1 10 12 1 10 12 1 10 12 1 10 12 1 10 12 1 9 12 1 1 8 1 10 12 1 1 9 12 1 1 10 12 1 1 9 12 1 9 12 1 1 9 12 1 9 12 1 1 7 1 10 7 12 1 1 1 9 12 1 10 12 1 10 12 1 8 1 10 12 1 9 12 1 1 7 1 10 7 12 1 1 1 8 1 100 1 10 12 1 9 12 1 9 12 1 10 12 1 10 12 1 10 7 12 1 1 1 10 12 1 9 7 12 1 1 10 12 1 1 10 12 1 10 12 1 10 12 1 9 12 10 12 1 10 10 12 1 9 12 1 9 9 12 1 7 9 12 1 1 10 12 1 1 9 12 1 10 12 1 10 7 1 9 1 1 1 1 3 1 3 1 1 3 1 3 1 1 1 1 1 1 1 1 1 1 1 1 1 1 1 1 1 1 1 1 1 1 1 1 1 1 1 1 1 1 1 1 1 1 1 1 1 1 1 1 1 1 1 1 1 1 1 1 1 1 1 100 1 1 1 1 1 1 1 1 1 1 1 1 1 1 1 1 1 1 1 1 1 1 1 1 1 1 1 1 1 1 1 1 1 1 1 1 1 1 1 1 1 1 1 1 1 1 1 1 1 1 1 1 1 1 1 1 1 1 1 1 1 1 100 1 1 1 1 1 1 1 1 1 1 1 1 1 1 1 1 1 1 1 1 1 1 1 1 1 1 1 1 1 1 1 1 1 1 7 1 1 1 1 1 1 1 1 1 1 1 1 1 1 1 1 1 1 1 1 1 1 100 1 1 1 100 1 1 7 1 1 1 1 1 1 1 1 1 1 1
staticfield java/lang/invoke/LambdaForm DEFAULT_CUSTOMIZED Ljava/lang/invoke/MethodHandle; null
staticfield java/lang/invoke/LambdaForm DEFAULT_KIND Ljava/lang/invoke/LambdaForm$Kind; java/lang/invoke/LambdaForm$Kind
staticfield java/lang/invoke/LambdaForm COMPILE_THRESHOLD I 0
staticfield java/lang/invoke/LambdaForm INTERNED_ARGUMENTS [[Ljava/lang/invoke/LambdaForm$Name; 5 [[Ljava/lang/invoke/LambdaForm$Name;
staticfield java/lang/invoke/LambdaForm IMPL_NAMES Ljava/lang/invoke/MemberName$Factory; java/lang/invoke/MemberName$Factory
staticfield java/lang/invoke/LambdaForm LF_identity [Ljava/lang/invoke/LambdaForm; 6 [Ljava/lang/invoke/LambdaForm;
staticfield java/lang/invoke/LambdaForm LF_zero [Ljava/lang/invoke/LambdaForm; 6 [Ljava/lang/invoke/LambdaForm;
staticfield java/lang/invoke/LambdaForm NF_identity [Ljava/lang/invoke/LambdaForm$NamedFunction; 6 [Ljava/lang/invoke/LambdaForm$NamedFunction;
staticfield java/lang/invoke/LambdaForm NF_zero [Ljava/lang/invoke/LambdaForm$NamedFunction; 6 [Ljava/lang/invoke/LambdaForm$NamedFunction;
staticfield java/lang/invoke/LambdaForm createFormsLock Ljava/lang/Object; java/lang/Object
staticfield java/lang/invoke/LambdaForm DEBUG_NAME_COUNTERS Ljava/util/HashMap; null
staticfield java/lang/invoke/LambdaForm DEBUG_NAMES Ljava/util/HashMap; null
staticfield java/lang/invoke/LambdaForm TRACE_INTERPRETER Z 0
staticfield java/lang/invoke/LambdaForm $assertionsDisabled Z 1
ciInstanceKlass java/lang/invoke/MemberName 1 1 724 7 1 7 1 100 1 9 12 1 1 10 7 12 1 1 1 9 12 1 1 10 12 1 1 10 12 1 1 10 12 1 1 10 12 1 10 12 1 1 10 7 12 1 1 1 10 12 1 9 7 12 1 1 10 12 1 7 1 7 1 10 12 1 8 1 10 12 1 1 10 12 1 10 12 1 1 10 12 1 9 12 1 1 8 1 10 100 12 1 1 1 7 1 10 10 12 1 1 7 1 7 1 10 12 1 9 12 1 1 100 1 8 1 10 12 1 10 12 1 10 12 1 10 12 1 10 12 1 1 10 12 1 10 12 1 10 12 1 1 8 1 8 1 10 12 1 8 1 9 12 1 1 3 10 12 1 10 12 1 10 12 1 10 10 7 12 1 1 1 10 12 1 10 12 1 10 12 1 10 12 1 7 1 8 10 12 1 1 10 12 1 1 8 1 9 7 1 8 9 7 1 10 12 1 1 10 12 1 10 12 1 8 1 10 12 1 1 10 12 1 10 12 1 10 12 1 10 12 1 1 7 1 10 12 1 1 10 12 1 8 1 10 12 1 10 12 1 8 1 10 12 1 1 10 12 1 1 7 1 10 12 1 1 10 12 8 1 8 1 7 1 10 12 1 10 100 12 1 1 1 100 1 10 12 10 12 1 10 12 1 10 12 1 10 12 1 10 10 12 1 10 12 1 10 12 1 3 10 12 1 3 10 12 1 3 3 3 3 3 3 10 12 1 3 9 12 1 10 12 1 1 3 10 12 1 10 10 7 12 1 1 1 10 12 1 1 10 7 12 1 1 10 10 12 1 10 12 1 1 10 12 1 10 10 12 1 1 10 12 1 10 12 1 10 12 1 7 1 10 10 10 12 100 1 10 10 10 12 1 1 10 12 1 1 10 10 12 1 8 10 7 1 10 12 1 10 7 1 10 12 1 10 12 1 10 12 1 10 10 12 1 10 12 1 1 10 12 1 1 10 12 1 10 12 1 10 12 1 100 1 10 12 1 1 100 1 8 1 10 7 1 10 12 1 10 12 10 12 1 1 10 12 1 10 12 1 8 1 8 1 8 1 8 1 10 12 1 10 12 1 10 7 12 1 1 1 8 1 8 1 10 12 1 8 1 10 10 10 12 1 10 12 1 8 1 8 1 10 10 12 1 8 1 10 100 12 1 1 1 8 1 100 1 10 12 1 10 12 1 1 10 12 1 8 1 8 1 8 1 8 1 100 1 10 8 1 8 1 8 1 8 1 10 12 1 100 1 100 1 100 1 10 100 1 10 7 1 10 7 12 1 1 1 9 7 12 1 1 1 7 1 7 1 1 1 1 1 1 1 3 1 3 1 3 1 3 1 3 1 3 1 1 1 1 1 1 1 1 3 1 3 1 1 1 1 1 1 1 1 1 1 1 1 1 1 1 1 1 1 1 1 1 1 1 1 1 1 1 1 1 1 1 1 1 1 1 1 1 1 1 1 1 1 1 1 1 1 1 1 1 1 1 1 1 1 1 1 1 1 1 1 1 1 1 1 1 1 1 1 1 1 1 1 1 1 1 1 1 1 1 1 1 1 1 1 1 1 1 1 1 1 1 1 1 1 1 1 7 1 1 1 1 1 1 1 1 1 1 1 1 1 1 1
staticfield java/lang/invoke/MemberName $assertionsDisabled Z 1
instanceKlass java/lang/invoke/VarHandleByteArrayAsDoubles$ByteArrayViewVarHandle
instanceKlass java/lang/invoke/VarHandleByteArrayAsFloats$ByteArrayViewVarHandle
instanceKlass java/lang/invoke/VarHandleByteArrayAsChars$ByteArrayViewVarHandle
instanceKlass java/lang/invoke/VarHandleByteArrayAsShorts$ByteArrayViewVarHandle
instanceKlass java/lang/invoke/VarHandleReferences$FieldInstanceReadOnly
instanceKlass java/lang/invoke/VarHandleBooleans$FieldInstanceReadOnly
instanceKlass java/lang/invoke/VarHandleInts$FieldInstanceReadOnly
instanceKlass java/lang/invoke/VarHandleByteArrayAsLongs$ByteArrayViewVarHandle
instanceKlass java/lang/invoke/VarHandleByteArrayAsInts$ByteArrayViewVarHandle
instanceKlass java/lang/invoke/VarHandleReferences$FieldStaticReadOnly
ciInstanceKlass java/lang/invoke/VarHandle 1 1 473 10 7 12 1 1 1 10 7 12 1 1 9 12 1 1 9 12 1 1 100 1 10 8 1 10 12 1 1 10 7 12 1 1 1 10 12 1 1 10 7 12 1 1 1 9 100 12 1 1 1 10 12 1 1 10 7 12 1 1 1 10 12 1 1 9 12 1 10 12 1 9 12 1 1 10 7 12 1 1 10 12 1 9 7 12 1 1 1 9 12 1 1 10 12 1 1 100 1 7 1 10 8 1 10 12 1 1 10 12 1 8 1 10 12 1 10 12 1 9 12 1 1 9 12 1 10 12 1 10 12 1 1 10 12 1 10 10 100 12 1 1 1 10 12 1 1 10 12 1 1 10 7 12 1 1 1 10 100 12 1 1 1 10 100 12 1 1 1 9 12 1 1 9 10 12 1 10 12 1 10 12 1 1 10 12 1 10 7 12 1 1 1 9 12 1 1 10 12 1 1 9 12 1 10 12 1 10 12 1 10 7 12 1 1 100 1 10 9 7 12 1 1 1 9 12 1 1 10 7 12 1 1 1 10 12 1 10 12 1 10 12 1 10 12 1 10 12 1 10 12 1 1 8 10 12 1 1 7 1 10 12 1 1 7 1 1 1 1 1 1 1 1 1 1 1 1 1 1 1 1 1 1 1 1 1 1 1 1 1 1 1 1 1 1 1 1 1 1 1 1 1 1 1 1 1 1 1 1 1 1 1 1 1 1 1 1 1 1 1 1 1 1 1 1 1 1 1 1 1 1 1 1 100 1 1 1 1 1 1 1 1 100 1 1 1 1 1 1 1 1 1 1 1 1 100 1 100 1 1 100 1 100 1 100 1 100 1 100 1 100 1 100 1 100 1 100 1 100 1 100 1 100 1 100 1 100 1 100 1 100 1 100 1 100 1 100 1 100 1 100 1 100 1 100 1 100 1 100 1 100 1 100 1 100 1 100 1 100 1 100 1 100 1 100 1 100 1 100 1 1 1 1 1 1 100 1 1 1 100 1 1 100 1 100 1 100 1 100 1 100 1 100 1 1 1 1 100 1 100 1 100 1 100 1 100 1 100 1 100 1 100 1
staticfield java/lang/invoke/VarHandle VFORM_OFFSET J 16
staticfield java/lang/invoke/VarHandle $assertionsDisabled Z 1
instanceKlass jdk/internal/reflect/FieldAccessorImpl
instanceKlass jdk/internal/reflect/ConstructorAccessorImpl
instanceKlass jdk/internal/reflect/MethodAccessorImpl
ciInstanceKlass jdk/internal/reflect/MagicAccessorImpl 1 1 16 10 7 12 1 1 1 100 1 1 1 1 1 1 1 1
instanceKlass jdk/internal/reflect/DirectMethodHandleAccessor
ciInstanceKlass jdk/internal/reflect/MethodAccessorImpl 1 1 38 10 7 12 1 1 1 10 100 12 1 1 1 100 1 1 1 1 1 1 1 100 1 100 1 1 1 1 1 1 1 1 1 1 1 1 1 1
ciInstanceKlass jdk/internal/reflect/MethodAccessor 1 0 17 100 1 100 1 1 1 1 100 1 100 1 1 1 1 1 1
instanceKlass jdk/internal/reflect/DirectConstructorHandleAccessor$NativeAccessor
instanceKlass jdk/internal/reflect/DirectConstructorHandleAccessor
instanceKlass jdk/internal/reflect/NativeConstructorAccessorImpl
ciInstanceKlass jdk/internal/reflect/ConstructorAccessorImpl 1 1 27 10 7 12 1 1 1 100 1 100 1 1 1 1 1 1 1 1 1 100 1 100 1 100 1 1 1
ciInstanceKlass jdk/internal/reflect/ConstructorAccessor 1 0 16 100 1 100 1 1 1 1 100 1 100 1 100 1 1 1
ciInstanceKlass jdk/internal/reflect/DelegatingClassLoader 0 0 18 10 100 12 1 1 1 100 1 1 1 1 1 1 1 1 1 1
ciInstanceKlass jdk/internal/reflect/CallerSensitive 0 0 17 100 1 100 1 100 1 1 1 1 1 1 1 1 1 1 1
ciInstanceKlass jdk/internal/reflect/NativeConstructorAccessorImpl 0 0 125 10 7 12 1 1 1 9 7 12 1 1 1 100 1 10 12 1 9 12 1 1 9 12 1 1 10 100 12 1 1 1 10 7 12 1 1 1 10 7 12 1 1 1 9 12 1 9 12 1 1 9 12 1 1 10 7 12 1 1 1 100 1 10 10 12 1 1 10 12 1 10 12 1 1 10 12 1 7 1 10 12 1 1 10 12 1 1 8 10 12 1 1 1 1 1 1 1 1 1 1 1 1 1 1 1 1 1 1 1 1 1 1 100 1 100 1 100 1 1 1 1 1 1 1
ciInstanceKlass jdk/internal/reflect/ConstantPool 1 1 142 10 7 12 1 1 1 9 7 12 1 1 1 10 12 1 1 10 12 1 1 10 12 1 10 12 1 1 10 12 1 1 10 12 1 10 12 1 1 10 12 1 10 12 1 1 10 12 1 10 12 1 10 12 1 10 12 1 1 10 12 1 1 10 12 1 1 10 12 1 1 10 12 1 10 12 1 1 10 100 12 1 1 1 8 11 7 12 1 1 1 10 7 12 1 1 1 1 1 1 1 1 1 1 1 1 1 1 1 1 1 1 1 1 1 1 1 1 1 1 1 1 1 1 1 1 1 1 1 1 1 1 1 1 1 1 1 1 1 1 1 1
ciInstanceKlass jdk/internal/reflect/UnsafeStaticFieldAccessorImpl 0 0 47 10 7 12 1 1 1 9 7 12 1 1 1 10 7 12 1 1 1 9 12 1 1 8 11 100 12 1 1 1 10 100 12 1 1 1 1 1 1 1 1 1 1 1 1 1 1
ciInstanceKlass jdk/internal/reflect/FieldAccessor 1 0 48 100 1 100 1 1 1 1 100 1 1 1 1 1 1 1 1 1 1 1 1 1 1 1 1 1 1 1 100 1 1 1 1 1 1 1 1 1 1 1 1 1 1 1 1 1 1 1
instanceKlass jdk/internal/reflect/MethodHandleFieldAccessorImpl
instanceKlass jdk/internal/reflect/UnsafeFieldAccessorImpl
ciInstanceKlass jdk/internal/reflect/FieldAccessorImpl 1 1 269 10 7 12 1 1 1 9 7 12 1 1 1 10 7 12 1 1 1 10 7 12 1 1 10 7 12 1 1 1 10 12 1 1 7 1 10 10 12 1 1 10 12 1 1 8 1 10 10 12 1 100 1 8 1 10 12 1 8 1 10 12 1 8 1 10 12 1 100 1 10 12 1 1 10 8 1 10 12 1 1 8 1 10 7 12 1 1 8 1 10 7 12 1 1 8 1 10 7 12 1 1 8 1 10 7 12 1 1 8 1 10 7 12 1 1 8 1 10 7 12 1 1 8 1 10 7 12 1 1 8 1 10 7 12 1 1 10 12 1 1 8 1 10 12 1 1 10 100 12 1 1 1 8 1 10 12 1 8 1 8 1 8 1 8 1 10 7 12 1 1 1 8 1 8 1 8 1 10 12 7 1 1 1 1 1 1 1 1 1 1 1 1 1 1 1 1 1 1 1 1 1 1 1 1 1 1 1 1 1 1 1 1 1 1 1 1 1 1 1 1 1 1 1 1 1 1 1 1 1 1 1 1 1 1 1 1 1 1 1 1 1 1 1 1 1 1 1 1 1 1 1 1 1 1 1 1 1 1 1 1 1 1 1 1 1 1 1 1
instanceKlass jdk/internal/reflect/UnsafeStaticFieldAccessorImpl
ciInstanceKlass jdk/internal/reflect/UnsafeFieldAccessorImpl 0 0 62 10 100 12 1 1 1 10 100 12 1 1 1 10 100 12 1 1 1 9 100 12 1 1 10 12 1 9 12 1 1 10 100 12 1 1 1 9 12 1 1 10 12 1 10 12 1 1 1 1 1 1 1 1 1 1 1 1 1 1 1 1
instanceKlass java/lang/invoke/VolatileCallSite
instanceKlass java/lang/invoke/MutableCallSite
instanceKlass java/lang/invoke/ConstantCallSite
ciInstanceKlass java/lang/invoke/CallSite 1 1 307 10 7 12 1 1 1 10 7 12 1 1 1 9 7 12 1 1 1 10 12 1 1 9 12 1 1 10 7 12 1 1 1 10 12 1 7 1 10 12 1 1 10 12 1 1 9 100 12 1 1 1 10 7 12 1 1 10 12 1 1 100 1 7 1 10 10 7 12 1 1 1 10 12 1 1 8 1 10 12 1 10 12 1 1 10 12 1 10 12 1 1 10 12 1 1 10 10 100 12 1 1 10 12 1 1 9 12 1 9 100 12 1 1 1 8 1 10 7 12 1 1 1 10 12 1 1 7 1 10 12 1 1 9 12 1 8 1 100 1 10 12 1 10 12 1 100 1 8 1 10 10 12 1 10 12 1 1 100 1 10 12 1 1 10 12 1 10 12 1 10 12 1 1 10 12 1 1 9 12 1 1 8 10 12 1 1 9 12 1 1 100 1 10 10 12 1 10 7 12 1 1 1 10 12 1 1 10 12 1 1 10 12 1 10 7 12 1 1 1 7 1 8 1 10 10 12 10 12 1 1 7 1 7 1 7 1 8 1 10 12 1 10 7 12 1 1 1 1 1 1 1 1 1 1 1 1 1 1 1 1 1 1 1 1 1 1 1 1 1 1 1 1 1 1 1 1 1 1 1 1 1 1 1 1 1 1 1 1 1 1 1 1 1 1 1 1 1 1 1 7 1 7 1 1 1 1
staticfield java/lang/invoke/CallSite $assertionsDisabled Z 1
ciInstanceKlass java/lang/invoke/ConstantCallSite 1 1 65 10 7 12 1 1 1 9 7 12 1 1 1 9 12 1 1 10 7 12 1 1 1 10 12 1 100 1 10 12 9 12 1 1 100 1 10 10 12 1 1 10 12 1 1 1 1 1 1 1 1 1 1 1 1 1 100 1 1 1 1 1 1 1 1
staticfield java/lang/invoke/ConstantCallSite UNSAFE Ljdk/internal/misc/Unsafe; jdk/internal/misc/Unsafe
instanceKlass java/lang/invoke/DirectMethodHandle$Interface
instanceKlass java/lang/invoke/DirectMethodHandle$Special
instanceKlass java/lang/invoke/DirectMethodHandle$Accessor
instanceKlass java/lang/invoke/DirectMethodHandle$Constructor
ciInstanceKlass java/lang/invoke/DirectMethodHandle 1 1 923 7 1 7 1 100 1 7 1 7 1 10 7 12 1 1 1 10 7 12 1 1 1 7 1 10 12 1 10 12 1 1 10 7 12 1 1 10 12 1 1 10 12 1 10 12 1 7 1 10 12 1 1 10 12 1 1 10 12 1 10 12 1 1 10 7 12 1 1 1 10 12 1 9 12 1 1 100 1 10 9 12 1 1 9 12 1 10 12 1 10 12 1 10 12 1 1 10 12 1 10 12 1 10 12 1 10 7 12 1 1 1 10 12 1 10 12 1 1 8 1 10 12 1 1 7 1 10 12 1 7 1 10 10 12 1 10 12 1 10 12 1 10 7 12 1 1 1 10 12 1 1 100 1 10 12 1 10 12 1 7 1 10 12 1 10 12 1 1 10 12 1 1 10 12 1 8 10 7 12 1 1 1 10 12 1 10 12 1 10 12 1 1 10 12 1 9 7 12 1 1 1 7 1 10 12 1 10 7 12 1 1 1 10 12 1 10 12 1 1 9 12 1 1 7 1 10 8 1 10 12 1 1 10 12 1 1 8 1 10 12 1 10 12 1 10 10 12 1 10 12 1 10 12 1 10 12 1 10 12 1 1 10 12 1 10 12 1 1 10 12 1 10 12 1 1 10 10 7 12 1 1 1 10 12 1 10 12 1 1 10 12 1 10 12 1 1 8 1 9 7 12 1 1 1 8 1 9 12 1 9 12 1 8 1 9 12 1 9 12 1 8 1 9 12 1 9 12 1 8 1 10 12 1 10 12 1 1 9 12 1 1 7 1 10 12 1 1 7 1 10 7 12 1 1 1 10 12 1 1 10 12 1 10 12 1 1 7 1 10 12 1 1 10 12 1 10 12 1 1 7 1 10 12 1 1 10 12 1 10 7 12 1 1 1 10 12 1 10 12 1 1 10 12 1 9 12 1 1 10 7 1 9 12 9 12 1 10 7 12 1 1 1 10 12 1 7 1 7 1 7 1 9 12 1 1 10 7 12 1 1 1 10 12 10 12 1 100 1 10 12 1 10 12 1 1 8 1 9 12 1 9 12 1 10 12 1 1 9 12 1 1 10 7 12 1 1 1 9 12 1 1 9 12 1 1 10 12 1 10 12 1 10 12 1 10 12 1 1 10 12 1 9 12 1 10 12 1 10 12 1 10 12 1 10 12 1 1 10 12 1 1 9 12 1 1 10 12 1 1 9 7 12 1 1 1 9 12 1 9 12 1 9 12 1 9 12 1 9 12 1 9 12 1 9 12 1 9 12 1 9 12 1 9 12 1 9 12 1 9 12 1 9 12 1 9 12 1 9 12 1 9 12 1 9 12 1 9 12 1 9 12 1 9 12 1 9 12 1 9 12 1 9 12 1 9 12 1 9 12 1 9 12 1 9 12 1 9 12 1 9 12 1 9 12 1 9 12 1 9 12 1 9 12 1 9 12 1 9 12 1 9 12 1 8 1 9 12 1 1 9 12 1 1 10 12 1 10 12 1 1 9 7 1 10 12 1 9 12 1 1 10 12 10 12 1 10 12 1 10 12 1 10 12 1 10 8 1 8 1 8 1 8 1 10 12 1 1 9 12 1 1 10 12 1 10 100 12 1 1 1 8 9 12 1 1 10 12 1 1 8 1 8 8 9 12 1 8 1 8 8 8 8 8 1 8 10 12 1 7 1 10 12 1 8 1 8 1 10 12 1 10 12 1 10 12 1 10 12 1 1 7 1 1 1 1 3 1 3 1 3 1 3 1 3 1 3 1 3 1 3 1 3 1 3 1 1 1 1 1 1 1 1 1 1 3 1 3 1 1 1 1 3 1 1 1 1 1 1 1 1 1 1 1 1 1 1 1 1 1 1 1 1 1 1 1 1 1 1 1 1 1 1 1 1 1 1 1 1 1 1 1 1 1 1 1 1 1 1 1 1 1 1 1 1 1 1 1 1 1 100 1 1 1 1 1 1 1 1 1 100 1 1 1 1 1 1 1 1 1 1 1 1 1 1 1 1 1 1 1 1 1 1 1 1 1 1 1 1 1 1 1 1 1 1 1 1 1 1 1 1 1 1 1 1 1 1 1 1 1 1 1 1
staticfield java/lang/invoke/DirectMethodHandle IMPL_NAMES Ljava/lang/invoke/MemberName$Factory; java/lang/invoke/MemberName$Factory
staticfield java/lang/invoke/DirectMethodHandle FT_UNCHECKED_REF I 8
staticfield java/lang/invoke/DirectMethodHandle ACCESSOR_FORMS [Ljava/lang/invoke/LambdaForm; 132 [Ljava/lang/invoke/LambdaForm;
staticfield java/lang/invoke/DirectMethodHandle ALL_WRAPPERS [Lsun/invoke/util/Wrapper; 10 [Lsun/invoke/util/Wrapper;
staticfield java/lang/invoke/DirectMethodHandle NFS [Ljava/lang/invoke/LambdaForm$NamedFunction; 12 [Ljava/lang/invoke/LambdaForm$NamedFunction;
staticfield java/lang/invoke/DirectMethodHandle OBJ_OBJ_TYPE Ljava/lang/invoke/MethodType; java/lang/invoke/MethodType
staticfield java/lang/invoke/DirectMethodHandle LONG_OBJ_TYPE Ljava/lang/invoke/MethodType; java/lang/invoke/MethodType
staticfield java/lang/invoke/DirectMethodHandle $assertionsDisabled Z 1
ciMethod java/lang/invoke/DirectMethodHandle allocateInstance (Ljava/lang/Object;)Ljava/lang/Object; 512 0 9498236 0 424
ciMethod java/lang/invoke/DirectMethodHandle constructorMethod (Ljava/lang/Object;)Ljava/lang/Object; 512 0 9546390 0 128
ciInstanceKlass java/lang/invoke/MutableCallSite 0 0 63 10 100 12 1 1 1 10 12 1 9 100 12 1 1 1 10 12 1 10 12 1 1 9 12 1 1 10 100 12 1 1 1 10 100 12 1 1 1 10 12 1 1 1 1 1 1 1 1 1 1 1 1 1 1 1 1 1 1 100 1 1 1
ciInstanceKlass java/lang/invoke/VolatileCallSite 0 0 37 10 100 12 1 1 1 10 12 1 10 100 12 1 1 1 10 12 1 10 12 1 1 1 1 1 1 1 1 1 1 1 1 1 1 1 1
ciInstanceKlass java/lang/invoke/ResolvedMethodName 1 1 16 10 100 12 1 1 1 100 1 1 1 1 1 1 1 1
ciInstanceKlass java/lang/invoke/MethodHandleNatives 1 1 690 100 1 10 7 12 1 1 1 9 7 12 1 1 1 10 12 1 1 100 1 10 10 12 1 1 10 12 1 10 12 1 8 1 8 1 8 1 8 1 8 1 8 1 8 1 8 1 8 1 8 1 10 12 1 1 7 1 10 7 12 1 1 1 10 7 12 1 1 1 7 1 10 10 12 1 1 8 1 10 12 1 8 1 10 12 1 1 8 1 10 12 1 1 9 7 12 1 1 1 8 1 10 100 12 1 1 1 7 1 10 12 100 1 100 1 8 1 7 1 10 10 12 1 7 1 9 7 12 1 1 10 12 1 1 10 12 1 10 7 12 1 1 1 10 12 1 1 9 12 1 8 1 10 12 1 1 10 12 1 8 1 10 12 1 1 7 1 10 12 1 10 7 12 1 1 1 10 12 1 10 12 1 1 10 12 1 1 8 1 10 12 1 1 8 1 10 12 1 8 1 8 1 8 1 7 1 10 12 1 8 1 10 7 12 1 1 1 10 12 1 1 10 7 12 1 1 10 10 12 1 1 10 12 1 10 100 12 1 1 1 100 1 8 1 10 100 12 1 1 1 7 1 8 1 10 12 1 8 1 8 1 8 1 8 1 8 1 10 12 1 1 10 12 1 1 10 12 1 10 12 1 1 10 12 1 1 7 1 10 12 1 7 1 7 1 10 12 1 10 12 1 8 1 8 1 10 10 12 1 1 10 12 1 1 8 1 10 7 12 1 1 8 1 8 1 10 12 1 1 10 7 12 1 1 1 100 1 10 12 1 1 7 1 9 12 1 1 10 7 12 1 1 1 10 10 12 1 9 12 1 10 12 1 9 12 1 9 12 1 10 12 1 1 10 12 1 10 12 1 1 7 1 7 1 10 12 1 1 10 12 1 10 12 1 1 10 7 12 1 1 1 10 12 1 8 1 10 12 1 10 12 1 10 12 1 1 10 12 1 10 7 12 1 1 1 10 12 1 1 100 1 8 1 10 9 7 12 1 1 1 10 12 1 1 10 12 1 1 7 1 10 12 1 1 10 12 1 1 100 1 100 1 10 10 100 1 100 1 10 100 1 10 10 12 1 1 10 7 1 10 12 1 10 12 1 1 10 12 1 1 10 12 1 1 10 12 1 10 12 1 1 10 8 1 10 12 1 10 12 1 10 12 1 10 12 1 10 12 1 1 10 12 1 10 12 1 10 12 1 10 10 7 12 1 1 10 12 1 1 1 1 1 1 1 1 1 1 1 1 1 7 1 1 1 1 1 1 1 1 1 1 1 1 1 1 1 1 1 1 1 1 1 1 1 1 1 1 1 1 1 1 1 1 1 1 1 1 1 1 1 1 1 1 1 1 1 1 1 1 1 1 1 1 1 1 1 1 1 1 1 1 1 1 1 1 1 100 1 1 1 1 1 1 1 1 1 1 1 1 1 1 1 1 1 1 1 1 1 1 1 1 1 1 1 1 1 1 1 1 1 100 1 1 1 1 1 1 1 1 1 1 1 1 1 1 1 1 1 1 1 1 1 1 1 1 1 1 7 1 1 1 1 1 1 1 100 1 1 1
staticfield java/lang/invoke/MethodHandleNatives $assertionsDisabled Z 1
ciInstanceKlass java/lang/invoke/MethodHandleNatives$CallSiteContext 1 1 49 10 7 12 1 1 1 7 1 10 10 7 12 1 1 1 10 7 12 1 1 1 10 7 12 1 1 1 100 1 1 1 1 1 1 1 1 1 1 1 1 1 1 1 1 1 100 1 1
ciInstanceKlass jdk/internal/foreign/abi/NativeEntryPoint 0 0 194 10 7 12 1 1 1 9 7 12 1 1 1 9 12 1 1 100 1 8 1 10 12 1 10 12 1 1 100 1 10 100 12 1 1 1 10 12 1 9 12 1 1 18 12 1 1 10 100 12 1 1 1 10 7 12 1 1 1 9 7 12 1 1 1 7 1 10 8 1 10 12 1 1 10 12 1 10 12 1 1 8 1 10 12 1 1 7 1 8 1 10 12 1 10 12 1 1 10 12 1 9 12 1 1 18 12 1 1 10 100 12 1 1 1 10 12 1 1 10 12 1 10 100 12 1 1 1 10 1 1 1 1 1 1 1 1 1 1 1 1 1 1 1 1 1 1 1 1 1 1 1 1 1 1 1 1 1 1 1 1 1 1 1 1 1 16 1 15 10 12 16 1 16 15 10 12 15 10 100 12 1 1 1 1 1 100 1 1 100 1 100 1 1
ciInstanceKlass jdk/internal/foreign/abi/ABIDescriptor 0 0 55 10 100 12 1 1 1 9 100 12 1 1 1 9 12 1 1 9 12 1 9 12 1 9 12 1 1 9 12 1 9 12 1 1 9 12 1 9 12 1 9 12 1 9 12 1 1 1 1 1 1 1 1 1 1
ciInstanceKlass jdk/internal/foreign/abi/VMStorage 0 0 91 10 7 12 1 1 1 9 7 12 1 1 1 9 12 1 1 9 12 1 1 9 12 1 1 7 1 10 8 1 10 12 1 1 10 12 1 10 12 1 1 10 12 1 18 12 1 18 12 1 1 18 12 1 1 1 1 1 1 1 1 1 1 1 1 1 1 1 1 1 1 1 8 1 15 15 15 15 15 10 100 12 1 1 1 1 100 1 100 1 1
ciInstanceKlass jdk/internal/foreign/abi/UpcallLinker$CallRegs 0 0 66 10 7 12 1 1 1 9 7 12 1 1 1 9 12 1 18 12 1 1 18 12 1 1 18 12 1 1 1 1 1 1 1 1 1 1 1 1 1 1 1 1 1 1 100 1 1 1 8 1 15 15 15 10 100 12 1 1 1 1 1 100 1 100 1 1
ciInstanceKlass java/lang/StackWalker 0 0 271 9 7 12 1 1 1 100 1 10 100 12 1 1 1 10 12 1 1 10 100 12 1 1 1 10 12 1 1 10 12 1 11 100 12 1 1 1 10 12 1 1 10 12 1 1 10 12 1 1 100 1 8 1 10 12 1 10 12 1 10 12 1 10 7 12 1 1 9 12 1 1 9 12 1 1 9 12 1 1 9 12 1 1 10 12 1 1 9 12 1 1 9 12 1 1 9 12 1 1 10 7 12 1 1 1 11 12 1 1 100 1 8 1 10 10 7 12 1 1 9 12 1 1 10 12 1 1 10 100 12 1 1 1 10 100 12 1 1 1 18 12 1 1 100 1 8 1 10 8 1 10 12 1 1 10 100 12 1 1 1 10 12 1 1 9 100 12 1 1 11 100 12 1 1 1 10 12 1 1 1 1 1 1 1 1 1 1 1 1 1 1 1 1 1 1 1 1 1 1 1 1 1 1 1 1 1 1 1 1 1 1 1 1 1 1 1 1 1 1 1 1 1 1 1 1 1 1 1 1 1 1 1 1 1 1 1 1 1 1 1 1 1 1 7 1 1 16 15 10 12 16 1 15 10 100 12 1 1 1 1 1 1 1 1 1 100 1 100 1 1
ciInstanceKlass java/lang/StackWalker$StackFrame 0 0 41 100 1 10 12 1 1 100 1 100 1 1 1 1 1 1 1 1 1 1 1 1 1 1 1 1 1 1 1 1 1 1 1 1 1 1 1 100 1 1 1
instanceKlass java/lang/LiveStackFrameInfo
ciInstanceKlass java/lang/StackFrameInfo 0 0 142 10 7 12 1 1 1 9 7 12 1 1 1 9 7 1 9 12 1 1 11 100 12 1 1 1 9 12 1 1 11 12 1 1 10 12 1 1 10 7 12 1 1 1 10 12 1 11 12 1 11 12 1 1 11 12 1 10 12 1 1 9 12 1 1 10 12 1 1 10 7 12 1 1 10 12 1 1 11 12 1 1 9 12 1 1 10 7 1 10 12 1 9 12 1 1 10 12 1 1 100 1 8 1 10 12 1 10 100 12 1 1 1 7 1 1 1 1 1 1 1 1 1 1 1 1 1 1 1 1 1 1 7 1 1 7 1 1 1 1 1 1
ciInstanceKlass java/lang/LiveStackFrameInfo 0 0 97 10 7 12 1 1 1 9 7 12 1 1 1 9 12 1 9 12 1 9 12 1 9 12 1 1 7 1 10 12 1 1 10 12 1 8 1 10 12 1 1 8 1 8 1 8 1 10 100 1 10 12 1 100 1 10 12 1 7 1 7 1 1 1 3 1 3 1 1 1 1 1 1 1 1 1 1 1 1 1 1 1 1 1 1 1 1 1 1 1 1 1 1 1 100 1 1
ciInstanceKlass java/lang/LiveStackFrame 0 0 135 100 1 10 100 12 1 1 1 11 7 12 1 1 1 11 12 1 10 7 12 1 1 1 100 1 8 1 10 12 1 1 10 7 12 1 1 1 9 100 12 1 1 1 10 7 12 1 1 1 10 7 12 1 1 1 11 12 1 10 12 1 7 1 7 1 1 1 1 1 1 1 1 1 1 1 1 1 1 1 1 1 1 1 1 1 1 1 1 1 1 1 1 100 1 1 1 1 1 1 1 100 1 8 1 1 12 10 1 1 1 8 1 1 1 8 1 1 1 8 1 1 1 8 1 1 8 1 1 1 8 1 1 8 1
ciInstanceKlass java/lang/StackStreamFactory$AbstractStackWalker 1 0 375 100 1 7 1 3 10 7 12 1 1 1 10 7 12 1 1 10 7 12 1 1 1 9 12 1 1 10 12 1 1 9 12 1 1 9 12 1 1 9 12 1 1 9 12 1 10 7 12 1 1 1 10 12 1 1 10 7 12 1 1 9 12 1 1 9 12 1 1 10 12 1 1 9 100 12 1 1 1 10 12 1 1 10 12 1 9 12 1 1 10 100 12 1 1 1 10 12 1 1 9 12 1 1 9 7 12 1 1 1 7 1 10 8 1 10 12 1 1 10 12 1 8 1 10 12 1 1 10 100 12 1 1 1 100 1 8 1 10 12 1 8 1 10 12 10 100 12 1 1 9 12 1 8 1 5 0 8 1 8 1 9 12 1 1 10 12 1 1 18 12 1 1 10 7 12 1 1 1 10 12 1 1 10 12 1 10 12 1 9 12 1 10 12 1 10 12 1 10 12 1 10 12 1 10 12 1 10 12 1 1 8 1 10 12 1 10 12 1 10 12 1 10 12 1 1 8 1 10 12 1 1 10 12 1 1 10 12 1 1 10 12 1 10 12 1 10 100 12 1 1 1 10 12 1 10 12 1 9 12 1 8 1 10 12 1 10 12 1 10 12 1 1 10 12 1 10 12 1 10 12 1 1 10 12 1 10 12 1 10 12 1 10 12 1 10 12 1 10 12 1 1 10 12 1 1 10 12 1 8 1 1 1 1 1 1 1 1 1 1 1 1 1 7 1 1 1 1 1 1 1 7 1 1 1 1 7 1 1 1 1 1 1 1 1 1 1 1 1 1 1 1 1 1 1 1 16 15 15 10 100 12 1 1 1 1 1 1 1 1 100 1 100 1 1
ciInstanceKlass jdk/internal/module/Modules 1 1 504 10 7 12 1 1 1 9 7 12 1 1 1 11 7 12 1 1 1 11 12 1 1 11 12 1 1 11 12 1 1 11 12 1 11 12 1 11 12 1 11 12 1 11 12 1 1 10 7 12 1 1 1 10 100 12 1 1 1 18 12 1 1 10 7 12 1 1 1 7 1 10 7 12 1 1 1 10 100 12 1 1 1 10 100 12 1 1 10 12 1 1 11 12 1 9 12 1 1 11 100 12 1 1 1 10 12 1 1 10 10 12 1 10 9 12 1 1 10 100 12 1 1 10 12 1 1 10 100 12 1 1 100 1 11 100 12 1 1 1 10 100 12 1 1 1 11 100 12 1 1 10 12 1 1 10 100 12 1 1 10 100 12 1 1 1 10 12 1 1 10 12 1 1 11 12 1 1 18 12 1 1 11 100 12 1 1 10 100 12 1 1 1 11 100 12 1 1 1 7 1 11 12 1 1 11 7 12 1 1 1 11 12 1 1 10 12 1 1 10 100 12 1 1 18 12 1 1 11 12 1 1 18 12 1 1 11 12 1 1 10 12 1 18 18 10 12 1 1 9 12 1 1 11 7 12 1 1 1 100 1 10 11 12 1 11 12 1 1 11 12 1 1 10 100 1 10 12 1 1 10 100 12 1 1 10 12 1 1 11 12 10 12 1 1 7 1 10 18 12 1 10 12 1 1 7 1 8 1 10 12 1 10 100 12 1 1 18 12 1 11 11 12 10 12 1 10 10 100 1 18 12 1 10 10 10 7 12 1 1 10 7 12 1 1 1 10 12 1 1 1 1 1 1 1 1 1 1 1 1 1 1 1 1 1 1 1 1 1 1 1 1 1 1 1 1 1 1 1 1 1 100 1 1 1 1 1 1 1 1 1 1 1 1 1 1 1 1 1 1 1 1 1 1 1 1 1 1 1 1 1 1 1 1 1 1 1 7 1 1 1 1 1 1 1 1 1 1 1 1 1 1 1 1 1 1 1 1 1 1 1 16 15 10 12 1 16 16 15 10 12 1 16 1 16 1 15 10 12 1 16 1 16 1 15 10 12 16 1 15 10 16 1 15 10 12 16 1 15 10 12 16 15 10 12 16 15 10 12 15 10 100 12 1 1 1 1 1 1 100 1 100 1 1
staticfield jdk/internal/module/Modules JLA Ljdk/internal/access/JavaLangAccess; java/lang/System$2
staticfield jdk/internal/module/Modules JLMA Ljdk/internal/access/JavaLangModuleAccess; java/lang/module/ModuleDescriptor$1
staticfield jdk/internal/module/Modules $assertionsDisabled Z 1
ciInstanceKlass java/lang/invoke/Invokers$Holder 1 1 128 1 100 1 100 1 1 1 1 1 1 1 7 1 7 1 7 1 1 12 10 1 1 12 10 1 1 12 10 1 1 100 1 1 12 9 1 1 1 12 10 1 1 1 12 10 1 1 12 10 1 1 12 10 1 12 10 1 1 1 12 10 1 1 100 1 1 12 10 1 12 10 1 1 12 10 1 12 10 1 1 12 10 1 1 12 10 1 12 10 1 1 12 10 1 1 12 10 1 1 12 10 1 12 10 12 10 12 10 12 10 12 10 1 1 12 10 1 1 12 10 1 1 12 10 1 1 1
ciMethod java/lang/invoke/Invokers$Holder linkToTargetMethod (Ljava/lang/Object;)Ljava/lang/Object; 1024 0 11060913 0 -1
ciMethod java/lang/invoke/Invokers$Holder linkToTargetMethod (Ljava/lang/Object;Ljava/lang/Object;)Ljava/lang/Object; 1024 0 5076520 0 -1
ciInstanceKlass java/lang/invoke/DirectMethodHandle$Holder 1 1 548 1 100 1 100 1 1 1 1 1 1 1 7 1 1 12 10 1 12 10 1 7 1 7 1 1 12 10 1 1 1 1 12 10 1 1 12 10 1 1 12 10 1 1 12 10 1 1 12 10 1 1 12 10 1 1 12 10 1 1 12 10 1 1 12 10 1 1 12 10 1 1 12 10 1 1 12 10 1 1 12 10 1 1 12 10 1 1 12 10 1 1 12 10 1 1 12 10 1 1 12 10 1 1 12 10 1 1 12 10 1 1 12 10 1 1 12 10 1 1 12 10 1 1 12 10 1 1 12 10 1 1 12 10 1 1 12 10 1 1 12 10 1 1 12 10 1 1 12 10 1 1 12 10 1 1 12 10 1 1 12 10 1 1 12 10 1 1 12 10 1 1 12 10 1 1 12 10 1 1 12 10 1 1 12 10 1 1 12 10 1 1 12 10 1 1 12 10 1 1 12 10 1 1 12 10 1 1 12 10 1 1 12 10 1 1 12 10 1 1 12 10 1 1 12 10 1 1 12 10 1 1 12 10 12 10 12 10 1 1 12 10 12 10 1 1 12 10 1 1 12 10 12 10 12 10 12 10 1 1 12 10 12 10 1 1 12 10 12 10 1 1 12 10 1 1 12 10 12 10 12 10 12 10 12 10 1 1 12 10 1 1 12 10 1 1 12 10 1 1 12 10 1 1 12 10 1 1 12 10 1 1 12 10 1 1 12 10 1 1 12 10 1 1 12 10 1 1 12 10 1 1 12 10 1 1 12 10 1 1 12 10 12 10 12 10 12 10 1 12 10 1 1 12 10 1 1 12 10 1 1 1 1 12 10 12 10 1 1 12 10 1 12 10 12 10 1 1 12 10 1 12 10 12 10 1 1 1 12 10 1 12 10 1 7 1 1 12 9 1 7 1 12 10 1 12 10 1 1 1 12 10 1 12 10 1 1 12 10 1 12 10 1 1 1 12 10 1 12 10 1 1 12 10 1 12 10 1 1 12 10 1 12 10 1 1 12 10 1 12 10 1 1 12 10 1 12 10 1 1 12 10 1 12 10 1 1 12 10 1 12 10 1 1 12 10 1 12 10 1 1 1 12 10 1 12 10 1 1 1 12 10 1 12 10 1 1 1 1 12 10 1 12 10 1 1 1 12 10 1 12 10 1 1 1 1 1 12 10 1 12 10 1 1 1 12 10 1 12 10 1 1 1 12 10 1 12 10 1 1 12 10 1 12 10 1 1 1
ciMethod java/lang/invoke/DirectMethodHandle$Holder newInvokeSpecial (Ljava/lang/Object;Ljava/lang/Object;)Ljava/lang/Object; 1026 0 5004145 0 -1
ciInstanceKlass java/util/ArrayList 1 1 509 10 7 12 1 1 1 7 1 9 7 12 1 1 1 9 12 1 100 1 7 1 10 8 1 10 12 1 1 10 12 1 10 12 1 1 10 12 1 9 12 1 11 7 12 1 1 1 9 12 1 1 11 12 1 1 7 10 7 12 1 1 1 9 12 1 10 12 1 10 12 1 1 10 7 12 1 1 1 10 7 12 1 1 1 10 12 1 1 10 12 1 1 10 12 1 1 10 12 1 10 12 1 1 100 1 7 1 10 12 1 10 10 7 12 1 1 1 10 7 12 1 1 10 12 1 100 1 10 10 12 10 12 1 1 10 12 1 1 10 12 1 10 12 10 12 1 1 7 1 10 12 1 1 10 12 1 1 10 12 1 100 1 10 11 12 1 1 11 7 12 1 1 1 11 12 1 10 12 1 10 12 1 10 12 1 1 100 1 10 12 1 1 10 10 12 1 1 10 12 1 8 1 8 1 8 1 8 1 10 12 1 1 10 12 1 1 11 12 1 7 1 10 100 12 1 1 10 12 1 10 12 1 1 10 100 12 1 1 10 12 1 10 100 12 1 1 1 11 100 12 1 1 1 10 12 1 100 1 8 1 10 7 1 10 12 1 7 1 10 12 1 10 12 1 1 7 1 10 12 1 10 12 1 1 11 7 12 1 1 7 1 10 12 1 10 12 1 1 11 100 12 1 1 10 12 1 1 10 12 1 1 10 12 1 1 10 12 1 1 11 7 12 1 1 10 12 1 1 7 1 7 1 7 1 1 1 1 5 0 1 3 1 1 1 1 1 1 1 1 1 1 1 1 1 1 1 1 1 1 1 1 1 1 1 1 1 1 1 1 1 1 1 1 1 1 1 1 1 1 1 1 1 1 1 1 1 1 1 1 1 1 1 1 1 1 1 1 1 1 1 1 1 1 1 1 1 1 1 1 1 1 1 1 1 1 1 1 1 1 1 1 1 1 1 1 1 1 1 1 1 1 1 1 1 1 1 1 1 1 1 1 1 1 1 1 100 1 1 1 1 7 1 1 1 1 1 1 1 1 1 1 1 1 1 1 1 1 1 1 1 1 1 1 1 1 1 1 1 1 1 100 1 1 1 1 1 1 1 1 1 1 1 1 1 1 1 1 1 1 100 1 100 1 1 1 1 1 1
staticfield java/util/ArrayList EMPTY_ELEMENTDATA [Ljava/lang/Object; 0 [Ljava/lang/Object;
staticfield java/util/ArrayList DEFAULTCAPACITY_EMPTY_ELEMENTDATA [Ljava/lang/Object; 0 [Ljava/lang/Object;
ciInstanceKlass java/util/RandomAccess 1 0 7 100 1 100 1 1 1
ciInstanceKlass java/util/Comparator 1 1 288 10 100 12 1 1 1 10 7 12 1 1 1 18 12 1 1 7 1 7 1 11 12 1 1 11 12 1 11 12 1 11 12 1 1 11 12 1 1 11 12 1 1 10 12 1 9 100 12 1 1 1 100 1 10 12 1 1 18 12 1 18 12 18 12 18 12 18 12 10 100 12 1 1 1 10 7 12 1 1 1 8 1 10 12 1 1 8 1 8 1 8 1 8 1 8 1 10 12 1 10 12 1 8 10 7 1 10 12 1 8 10 12 1 8 1 10 12 1 10 12 1 8 1 10 12 1 1 100 1 8 1 7 1 8 1 8 1 100 1 8 1 8 1 7 1 100 1 8 1 10 12 1 11 12 1 1 10 7 12 1 1 11 12 1 1 10 7 12 1 1 11 12 1 1 10 7 12 1 1 11 12 1 7 1 11 12 1 11 12 1 1 1 1 1 1 1 1 1 1 1 1 1 1 1 1 1 1 1 1 1 1 1 1 1 1 1 1 1 1 1 1 1 1 1 1 1 1 1 1 1 1 1 1 1 1 1 1 1 1 1 1 1 1 1 1 1 1 1 1 16 15 11 12 3 3 15 11 12 15 11 12 15 11 12 15 11 12 15 11 12 15 10 7 12 1 1 1 1 100 1 1 1 100 1 100 1 1
ciInstanceKlass java/util/function/Consumer 1 1 59 10 7 12 1 1 1 18 12 1 1 11 7 12 1 1 7 1 1 1 1 1 1 1 1 1 1 1 1 1 1 1 1 1 1 1 1 1 1 1 1 1 16 15 11 12 15 10 7 12 1 1 1 1 100 1 100 1 1
ciInstanceKlass java/lang/module/ModuleDescriptor 1 1 516 10 7 12 1 1 1 9 7 12 1 1 1 100 1 10 9 12 1 1 9 12 1 1 9 12 1 11 7 12 1 1 1 9 12 1 1 9 7 12 1 1 1 11 12 1 1 9 12 1 9 12 1 9 12 1 11 12 1 1 18 12 1 1 11 100 12 1 1 1 11 12 1 11 12 1 1 11 12 1 1 9 12 1 9 12 1 9 12 1 9 12 1 9 12 1 9 12 1 9 12 1 9 12 1 1 11 12 1 1 11 7 12 1 1 1 11 12 1 1 10 12 1 9 100 12 1 1 1 10 100 12 1 1 1 10 7 12 1 1 1 10 100 12 1 1 1 10 12 1 7 1 10 10 12 10 12 1 1 8 1 10 12 1 10 10 7 12 1 1 1 10 12 1 1 10 12 1 10 12 1 1 10 7 12 1 1 10 12 1 10 12 1 11 10 100 12 1 1 10 12 1 10 12 1 1 11 10 12 1 10 12 1 8 1 8 1 10 12 1 11 12 1 8 1 8 1 8 1 8 1 8 1 8 1 100 1 10 12 1 100 1 8 1 10 12 1 100 1 10 12 1 11 12 11 12 1 10 12 1 1 100 1 10 100 12 1 1 1 10 100 12 1 1 1 10 12 1 10 12 1 1 8 1 10 12 1 1 18 11 12 1 11 12 1 1 8 1 10 100 12 1 1 1 11 12 1 1 11 7 1 7 1 10 7 1 11 12 11 12 1 1 10 100 12 1 1 1 10 12 1 10 12 1 10 12 1 10 9 100 12 1 1 1 10 12 1 1 10 7 12 1 1 7 1 10 10 7 12 1 1 1 1 1 1 1 1 1 1 1 1 1 1 1 1 1 1 1 1 1 1 1 1 1 1 1 1 1 1 1 1 1 1 1 1 1 1 1 1 1 1 1 1 1 1 1 1 1 1 1 1 1 1 1 1 1 1 1 1 1 100 1 1 1 1 1 1 1 1 1 1 1 1 1 1 1 1 1 1 1 1 1 1 1 1 1 1 1 1 1 1 1 1 1 1 1 1 1 1 1 1 1 1 1 1 1 1 1 1 1 100 1 100 1 100 1 100 1 100 1 100 1 100 1 1 16 15 10 16 1 15 10 12 16 15 10 100 12 1 1 1 1 1 1 1 1 1 1 1 1 1 100 1 100 1 1
staticfield java/lang/module/ModuleDescriptor $assertionsDisabled Z 1
ciInstanceKlass java/lang/annotation/Annotation 1 0 17 100 1 100 1 1 1 1 1 1 1 1 1 1 1 1 1
ciInstanceKlass java/util/SequencedMap 1 1 157 11 7 12 1 1 1 11 100 12 1 1 1 11 7 12 1 1 1 100 1 11 12 1 1 100 1 10 12 1 1 11 12 1 1 11 12 1 1 100 1 10 12 100 1 10 12 1 100 1 10 100 1 10 7 1 7 1 1 1 1 1 1 1 1 1 1 1 1 1 1 1 1 1 1 1 1 1 1 1 1 1 1 1 1 1 1 1 1 1 1 1 1 1 1 1 1 1 1 1 1 1 1 1 1 1 1 100 1 8 1 1 12 10 1 1 1 8 1 1 1 8 1 1 8 1 1 1 8 1 1 1 8 1 1 1 8 1 1 1 8 1 1 1 8 1 1 1 8 1 1 1 8 1 1 8 1
ciInstanceKlass java/lang/invoke/DirectMethodHandle$Constructor 1 1 91 10 7 12 1 1 1 9 7 12 1 1 1 9 12 1 1 9 12 1 1 10 100 12 1 1 1 100 1 10 12 1 9 12 1 9 12 1 10 12 1 10 12 1 1 9 12 1 1 10 12 1 1 10 7 12 1 1 1 1 1 1 1 1 1 1 1 1 1 1 100 1 100 1 1 1 1 1 1 1 1 1 1 1 1 1 1 1 1 1 1
staticfield java/lang/invoke/DirectMethodHandle$Constructor $assertionsDisabled Z 1
ciInstanceKlass java/util/function/Predicate 1 1 101 10 7 12 1 1 1 18 12 1 1 18 12 1 18 18 12 1 18 12 1 11 7 12 1 1 10 7 12 1 1 1 11 12 1 1 1 1 1 1 1 1 1 1 1 1 1 1 1 1 1 1 1 1 1 1 1 1 1 1 1 1 1 1 1 1 1 1 1 1 1 16 15 11 12 15 11 12 15 11 12 15 10 12 1 15 11 12 15 10 7 12 1 1 1 1 100 1 100 1 1
ciInstanceKlass java/util/SortedMap 1 1 113 100 1 10 12 1 1 10 100 12 1 1 1 11 7 12 1 1 1 7 1 7 1 1 1 1 1 1 1 1 1 1 1 1 1 1 1 1 1 1 1 1 1 1 1 1 1 1 1 1 1 1 1 1 1 1 1 1 1 1 1 1 1 1 1 1 1 1 100 1 7 1 1 1 100 1 8 1 1 12 10 1 1 1 8 1 1 1 8 1 1 8 1 1 1 8 1 1 1 8 1 1 1 8 1 1 1 8 1 1 1 8 1
ciInstanceKlass java/lang/invoke/BoundMethodHandle$Species_L 1 1 126 10 7 12 1 1 1 9 7 12 1 1 1 9 12 1 1 10 12 1 9 7 12 1 1 1 10 7 12 1 1 1 10 12 1 1 10 7 12 1 1 1 100 1 10 100 12 1 1 1 9 12 1 10 12 1 9 12 1 10 12 1 9 12 1 10 12 1 9 12 1 10 12 1 10 12 1 1 10 12 1 1 1 1 1 1 1 1 1 1 1 1 1 1 1 1 1 1 1 1 1 1 1 1 1 1 1 1 1 1 1 1 1 1 1 1 1 1 1 1 1 1 1 100 1 1
ciInstanceKlass java/lang/invoke/BoundMethodHandle$Species_LLLLL 1 1 82 1 7 1 7 1 1 1 1 1 1 1 1 1 1 1 12 9 1 1 1 12 10 12 9 12 9 12 9 12 9 12 9 1 1 12 10 1 1 1 100 1 7 1 1 12 10 1 7 1 1 12 10 1 1 1 12 10 1 1 1 12 10 1 1 1 12 10 1 1 1 12 10 1 1 1 12 10 1 1 1 1
ciMethod java/util/function/Consumer accept (Ljava/lang/Object;)V 0 0 1 0 -1
ciMethod java/lang/Enum getDeclaringClass ()Ljava/lang/Class; 10 0 5 0 -1
ciMethod java/lang/Enum compareTo (Ljava/lang/Enum;)I 1024 0 13405 0 184
ciMethod java/lang/Integer compare (II)I 51502 0 2293807 0 -1
ciMethod java/util/Arrays sort ([Ljava/lang/Object;Ljava/util/Comparator;)V 4098 0 22323 0 -1
ciMethod java/util/Arrays hashCode ([Ljava/lang/Object;)I 520 854 14608 0 352
ciMethod java/util/Arrays hashCode ([B)I 516 0 35129 0 648
ciMethod java/util/Arrays equals ([Ljava/lang/Object;[Ljava/lang/Object;)Z 754 1388 90442 0 344
ciMethod java/util/Arrays equals ([B[B)Z 518 0 80595 0 -1
ciMethod jdk/internal/util/ArraysSupport vectorizedHashCode (Ljava/lang/Object;IIII)I 558 0 13591 0 -1
ciMethod java/lang/Math ceil (D)D 1024 0 950729 0 -1
ciMethod java/lang/Math max (JJ)J 512 0 438299 0 -1
ciMethod jdk/internal/misc/Unsafe allocateInstance (Ljava/lang/Class;)Ljava/lang/Object; 256 0 128 0 -1
ciMethod java/lang/Object getClass ()Ljava/lang/Class; 256 0 128 0 -1
ciMethod java/lang/Object <init> ()V 1024 0 48694011 0 80
ciInstanceKlass  @bci com/android/tools/r8/graph/q5 <init> (Lcom/android/tools/r8/graph/w;Lcom/android/tools/r8/graph/q5;Lcom/android/tools/r8/internal/DB;Ljava/util/Collection;Ljava/util/Collection;Ljava/util/Collection;Ljava/util/Collection;Ljava/util/Collection;Ljava/util/Collection;Ljava/util/Collection;Ljava/util/Collection;ILcom/android/tools/r8/utils/A3;)V 248 <appendix> form vmentry <vmtarget> ; 1 1 35 1 7 1 100 1 1 1 1 1 1 1 7 1 1 12 9 1 1 1 1 1 7 1 1 12 10 1 7 12 9 1 1 1 1
staticfield  @bci com/android/tools/r8/graph/q5 <init> (Lcom/android/tools/r8/graph/w;Lcom/android/tools/r8/graph/q5;Lcom/android/tools/r8/internal/DB;Ljava/util/Collection;Ljava/util/Collection;Ljava/util/Collection;Ljava/util/Collection;Ljava/util/Collection;Ljava/util/Collection;Ljava/util/Collection;Ljava/util/Collection;ILcom/android/tools/r8/utils/A3;)V 248 <appendix> form vmentry <vmtarget> ; _D_0 Ljava/lang/invoke/LambdaForm; java/lang/invoke/LambdaForm
instanceKlass com/android/tools/r8/naming/n0
instanceKlass com/android/tools/r8/naming/o0
ciInstanceKlass com/android/tools/r8/naming/p0 1 1 326 1 8 1 1 7 1 7 1 7 1 100 1 1 1 1 12 10 1 10 1 1 100 1 1 1 7 1 1 12 10 12 9 1 1 1 1 1 12 10 1 100 10 12 10 1 1 1 1 100 1 1 12 10 1 100 1 12 10 1 100 1 1 12 9 1 1 12 10 1 100 1 12 10 1 100 1 12 11 1 1 12 11 1 100 1 1 12 11 1 100 1 100 1 1 12 10 1 100 1 12 10 1 100 1 12 9 1 12 10 1 12 9 1 12 10 12 10 1 100 1 12 10 1 1 12 10 1 1 12 11 1 16 15 1 16 1 100 1 1 12 10 15 1 1 12 18 1 100 1 1 12 11 1 12 10 15 1 16 1 12 18 15 16 18 1 16 12 10 15 1 16 1 1 12 18 1 1 12 11 1 100 1 1 12 10 1 12 10 12 10 1 12 10 12 10 12 10 1 12 10 1 7 1 1 12 10 1 1 12 10 1 100 12 10 1 1 100 1 12 10 1 100 11 1 12 11 1 100 1 100 12 9 1 12 11 1 12 10 1 8 1 100 1 1 12 10 15 12 18 1 12 10 1 1 12 10 1 100 1 100 12 9 12 10 1 12 10 10 1 8 18 1 12 10 10 1 8 18 1 100 9 1 1 12 9 1 100 1 12 9 1 100 1 12 10 10 15 1 16 1 12 18 1 16 12 10 15 16 1 12 18 1 1 12 11 100 1 12 10 1 1 1 1 1 1
staticfield com/android/tools/r8/naming/p0 a Z 1
instanceKlass com/android/tools/r8/graph/n0
instanceKlass com/android/tools/r8/graph/b1
instanceKlass com/android/tools/r8/graph/F0$b$a
instanceKlass com/android/tools/r8/graph/F0$b
instanceKlass com/android/tools/r8/graph/F0$a
instanceKlass com/android/tools/r8/graph/o0
instanceKlass com/android/tools/r8/graph/a1
instanceKlass com/android/tools/r8/graph/s5
instanceKlass com/android/tools/r8/graph/m0
instanceKlass com/android/tools/r8/graph/G2
instanceKlass com/android/tools/r8/graph/K0
instanceKlass com/android/tools/r8/graph/C
instanceKlass com/android/tools/r8/graph/K2
instanceKlass com/android/tools/r8/graph/X0
ciInstanceKlass com/android/tools/r8/graph/j1 1 1 68 1 8 1 1 7 1 7 1 1 12 10 1 1 1 16 1 12 10 15 1 16 1 7 1 1 12 10 15 1 1 12 18 1 7 1 100 12 11 1 1 12 10 15 18 1 7 1 1 12 11 1 12 10 1 1 1 12 10 1 1 1 1 1 1 1 1 1
instanceKlass com/android/tools/r8/graph/d1
instanceKlass com/android/tools/r8/graph/z0
ciInstanceKlass com/android/tools/r8/graph/X0 1 1 189 1 8 1 1 7 1 7 1 1 1 1 1 1 1 12 10 12 9 1 100 1 8 1 12 10 1 7 12 9 1 1 1 16 1 1 12 10 15 1 16 1 100 1 1 12 10 15 1 1 12 18 1 16 1 12 10 15 1 16 1 1 12 18 1 100 1 1 12 11 1 1 12 11 1 12 10 15 18 12 10 15 18 1 1 12 10 1 100 12 11 1 1 12 10 1 1 7 1 12 10 1 1 1 12 10 1 100 1 12 10 1 100 1 12 11 1 100 1 1 1 12 10 1 12 10 1 12 10 1 1 1 1 1 1 12 10 1 1 12 10 15 1 16 1 12 18 1 12 10 1 1 1 1 1 1 1 1 1 100 1 1 1 1 12 10 12 10 1 100 1 1 12 9 12 10 1 100 1 12 10 1 100 1 1 1 1 1 1
staticfield com/android/tools/r8/graph/X0 c Z 1
ciInstanceKlass com/android/tools/r8/utils/structural/k 1 1 44 1 8 1 1 7 1 1 7 1 1 1 1 7 1 12 9 1 100 1 1 12 10 1 1 12 10 1 1 12 11 1 1 1 1 1 1 1 1 1 1 1 1 1
ciInstanceKlass com/android/tools/r8/utils/structural/s 1 1 68 1 8 1 1 7 1 1 100 1 100 1 100 1 1 1 1 1 12 11 1 1 1 1 1 1 1 1 1 7 1 12 9 1 1 1 1 1 100 1 12 10 12 11 1 1 1 1 1 1 12 11 12 11 1 1 1 1 12 11 1 1 1 1 1 1 1 1
ciInstanceKlass com/android/tools/r8/utils/structural/x 1 1 130 1 8 1 1 7 1 1 7 1 100 1 1 1 1 1 1 1 1 1 12 11 1 16 1 12 11 15 1 16 1 7 1 1 12 10 15 1 12 18 1 7 1 12 10 1 1 1 1 1 1 1 1 7 1 7 1 1 12 10 12 11 1 1 1 12 11 1 7 1 12 10 1 1 1 1 16 1 12 11 15 1 16 1 12 18 1 7 1 12 10 1 1 1 1 7 1 12 10 1 7 12 11 1 1 12 10 1 7 1 12 10 1 7 1 12 11 1 1 12 11 1 1 1 1 1 1 1 1 1
ciInstanceKlass com/android/tools/r8/graph/z2 1 1 1170 1 8 1 1 7 1 1 7 1 100 1 100 1 100 1 100 1 100 1 100 1 1 7 1 100 1 1 100 1 100 1 1 100 1 7 1 100 1 1 1 1 1 1 1 1 1 1 1 1 1 1 1 1 1 1 1 1 1 12 10 12 9 12 9 1 7 1 12 9 12 9 1 7 1 1 12 10 12 9 12 9 1 100 1 12 10 1 7 1 100 12 9 12 9 12 9 1 1 12 10 1 1 1 1 1 1 1 1 1 1 1 1 1 1 1 1 1 1 1 1 1 1 1 1 1 1 1 1 1 1 1 1 1 1 1 1 1 1 1 1 8 1 100 1 1 12 10 1 100 1 1 12 10 1 100 1 1 12 10 1 12 9 1 7 1 1 12 10 1 100 1 1 12 10 1 1 12 10 1 1 12 10 1 7 1 12 9 1 1 12 11 1 16 12 10 15 1 7 1 1 12 10 15 1 12 18 12 10 1 1 1 1 16 1 12 10 15 16 1 1 12 18 1 7 1 12 10 12 10 15 18 1 1 12 10 15 16 18 1 12 10 15 16 18 1 12 10 15 16 18 1 12 10 1 12 10 15 16 18 1 16 1 12 10 15 16 1 1 12 18 1 12 10 1 1 12 10 15 1 16 18 1 12 10 15 1 16 18 12 10 1 7 12 10 15 1 16 18 1 12 10 15 18 12 10 1 12 10 15 18 1 12 10 15 18 1 1 1 12 10 1 1 1 100 1 8 1 100 1 1 12 10 15 1 12 18 12 9 1 12 10 1 1 12 10 1 1 7 1 1 12 10 1 7 1 7 1 12 11 1 1 7 1 12 10 1 12 10 1 1 7 1 1 12 10 1 7 1 12 10 1 1 7 1 7 12 9 1 12 9 1 7 1 100 1 100 12 10 1 7 1 12 10 1 12 10 1 1 12 10 1 1 12 10 1 7 1 1 12 10 1 7 12 11 12 10 1 12 9 1 7 1 12 9 100 1 10 1 12 10 1 12 10 1 1 12 10 1 7 10 1 1 100 1 1 12 11 1 100 12 11 1 100 1 1 100 1 12 11 1 1 12 10 1 7 12 11 12 9 12 9 12 9 12 9 12 9 12 9 1 1 7 1 12 10 12 9 1 1 7 12 10 1 100 1 1 16 12 10 15 1 1 12 18 1 1 12 10 1 1 12 10 1 7 1 1 12 10 1 12 11 1 12 10 1 1 12 10 12 10 1 1 12 9 1 7 12 10 1 12 10 1 1 12 10 1 12 10 15 1 16 18 1 12 10 1 12 10 12 10 12 10 1 7 1 12 11 1 1 12 11 1 7 1 1 100 1 12 9 1 1 1 7 1 1 12 11 1 1 7 1 12 10 1 1 1 100 12 10 1 12 10 1 1 12 10 1 12 10 1 7 1 12 10 1 100 10 1 100 10 10 1 12 9 100 1 100 1 12 9 1 100 12 9 1 12 9 1 12 10 12 10 1 16 12 10 15 12 18 1 1 16 12 10 15 1 16 1 12 18 12 10 1 10 15 18 1 12 10 1 7 1 12 9 12 10 1 12 10 1 12 10 1 1 1 1 12 10 1 1 1 12 9 1 12 10 1 1 12 10 1 1 12 9 1 12 10 1 7 1 1 12 10 1 7 1 12 10 1 1 1 1 12 9 12 10 15 1 16 1 12 18 1 12 9 12 9 1 7 1 12 10 12 10 15 1 16 1 12 18 12 10 15 18 1 12 10 12 10 15 1 12 18 1 1 12 9 1 1 7 12 10 10 1 1 12 10 1 8 1 100 1 12 10 1 12 10 12 9 100 1 12 10 1 100 12 9 12 9 1 12 10 1 7 11 1 100 9 12 9 12 9 12 10 15 1 16 1 12 18 12 10 15 1 16 1 12 18 1 12 11 10 1 12 10 1 7 1 12 10 1 12 10 1 12 10 1 12 10 10 1 12 9 12 10 15 16 1 12 18 12 10 12 10 15 1 16 18 12 10 1 12 10 1 7 1 12 10 1 12 10 1 12 10 1 12 10 1 100 10 1 12 10 1 100 12 10 12 10 1 12 10 1 12 9 1 100 1 12 10 1 100 1 12 10 1 12 10 1 100 1 12 9 12 10 1 12 9 1 100 10 1 1 1 12 11 12 10 1 12 10 12 10 10 10 12 10 1 1 1 12 10 12 9 1 12 10 1 7 1 12 10 1 16 12 10 15 1 16 1 1 12 18 1 1 12 10 1 12 10 1 12 10 1 1 12 10 10 1 7 1 1 12 10 1 12 9 1 1 12 11 7 1 12 10 1 1 1 1 11 1 1 1 1 1 12 10 15 18 12 10 12 10 15 18 12 10 15 18 12 10 12 10 15 1 12 18 12 10 15 18 10 1 10 11 1 100 1 1 12 10 11 9 1 12 10 12 10 1 100 10 12 10 1 12 9 1 1 12 10 1 12 10 1 12 9 12 10 12 9 1 12 10 1 1 1 12 10 12 10 15 16 1 12 18 1 12 10 1 1 12 10 12 10 15 18 1 100 1 12 10 1 1 12 10 12 10 15 18 1 12 10 12 10 15 18 1 12 10 1 12 10 15 18 12 10 1 16 12 10 15 1 16 1 12 18 1 12 10 1 1 1 1 1 1 1 1 1 1
staticfield com/android/tools/r8/graph/z2 B [Lcom/android/tools/r8/graph/z2; 0 [Lcom/android/tools/r8/graph/z2;
staticfield com/android/tools/r8/graph/z2 C Z 1
instanceKlass com/android/tools/r8/graph/K2$a
instanceKlass com/android/tools/r8/graph/J2
instanceKlass com/android/tools/r8/graph/K2$l
instanceKlass com/android/tools/r8/graph/S2
ciInstanceKlass com/android/tools/r8/graph/K2 1 1 347 1 8 1 1 7 1 1 7 1 100 1 7 1 100 1 7 1 100 1 7 1 7 1 100 1 100 1 100 1 100 1 100 1 7 1 100 1 100 1 100 1 100 1 7 1 100 1 100 1 7 1 100 1 100 1 1 1 1 1 1 1 1 1 1 1 1 1 1 1 12 10 1 1 7 1 1 12 10 1 12 10 1 7 1 1 12 10 1 12 10 1 7 1 1 12 10 1 12 10 1 7 1 1 12 10 1 12 10 1 7 1 7 1 12 10 1 12 10 1 7 12 10 1 12 10 1 12 10 1 12 10 1 100 1 8 1 100 1 1 12 10 15 1 12 18 1 12 10 1 12 10 1 12 10 1 100 1 7 1 7 1 7 1 12 10 1 12 10 1 1 12 10 1 100 1 12 10 1 8 1 12 18 1 1 12 9 1 100 1 12 10 1 12 9 1 1 1 12 10 1 8 1 12 18 1 12 9 1 12 9 1 12 9 1 12 9 1 12 9 1 12 9 1 12 9 1 12 9 1 12 9 1 1 10 1 1 1 12 10 1 100 1 12 10 12 10 1 1 100 1 12 9 1 100 1 12 11 12 10 1 1 1 1 1 1 1 1 1 1 1 1 1 1 1 1 1 1 1 1 1 1 1 1 1 1 1 1 1 1 1 1 1 1 1 1 1 1 1 1 1 1 1 1 1 1 1 1 1 1 1 1 1 1 1 1 1 1 1 1 1 1 1 1 1 1 1 1 1 1 1 1 1 1 12 10 1 1 1 1 1 1 1 1 1 1 1
staticfield com/android/tools/r8/graph/K2 b [Lcom/android/tools/r8/graph/K2; 0 [Lcom/android/tools/r8/graph/K2;
ciInstanceKlass com/android/tools/r8/graph/h5 1 1 63 1 8 1 1 7 1 100 1 7 1 1 1 1 12 11 1 16 1 12 11 15 1 16 1 7 1 1 12 10 15 1 12 18 1 7 1 7 1 1 12 10 12 11 1 1 1 1 1 1 100 1 8 1 1 12 10 1 1 1 8 1 1
instanceKlass com/android/tools/r8/graph/S0
instanceKlass com/android/tools/r8/graph/p0
instanceKlass com/android/tools/r8/graph/f0
instanceKlass com/android/tools/r8/graph/T3
ciInstanceKlass com/android/tools/r8/graph/C 1 1 67 1 8 1 1 7 1 7 1 1 1 1 1 1 12 10 12 9 1 1 7 1 1 12 10 12 9 1 1 1 1 12 10 1 1 12 10 1 1 1 12 10 1 1 1 100 1 8 1 100 1 1 12 10 15 1 12 18 1 12 10 1 1 1 1 1 1
staticfield com/android/tools/r8/graph/C c Z 1
instanceKlass com/android/tools/r8/graph/y0
instanceKlass com/android/tools/r8/graph/u2
instanceKlass com/android/tools/r8/graph/D2
instanceKlass com/android/tools/r8/graph/A2
instanceKlass com/android/tools/r8/graph/B2
ciInstanceKlass com/android/tools/r8/graph/T3 1 1 36 1 8 1 1 7 1 7 1 1 1 1 12 10 1 1 1 1 7 1 1 12 10 12 9 1 1 1 100 10 1 1 1 1 1 1
staticfield com/android/tools/r8/graph/T3 d Z 1
instanceKlass com/android/tools/r8/graph/E2
instanceKlass com/android/tools/r8/graph/n2
ciInstanceKlass com/android/tools/r8/graph/B2 1 1 76 1 8 1 1 7 1 7 1 1 1 1 12 10 1 1 1 100 1 1 12 10 1 100 1 1 12 10 1 100 1 1 12 11 1 1 12 10 1 1 12 10 1 12 10 1 1 12 10 1 100 10 1 1 7 1 12 10 12 9 1 1 1 1 1 1 1 1 1 1 1 1 1 1 1 1
staticfield com/android/tools/r8/graph/B2 e Z 1
ciInstanceKlass com/android/tools/r8/utils/A1$g 1 1 50 1 8 1 1 7 1 1 7 1 100 1 1 1 1 1 1 1 1 12 9 100 1 1 12 10 1 1 12 10 1 1 1 8 10 12 9 1 8 12 9 1 1 1 1 1 1 1 1 1
staticfield com/android/tools/r8/utils/A1$g b Lcom/android/tools/r8/utils/A1$g; com/android/tools/r8/utils/A1$g
staticfield com/android/tools/r8/utils/A1$g c Lcom/android/tools/r8/utils/A1$g; com/android/tools/r8/utils/A1$g
staticfield com/android/tools/r8/utils/A1$g d [Lcom/android/tools/r8/utils/A1$g; 2 [Lcom/android/tools/r8/utils/A1$g;
ciInstanceKlass com/android/tools/r8/utils/f 1 1 284 1 8 1 1 7 1 1 7 1 7 1 100 1 1 1 1 1 1 1 1 1 1 1 1 1 1 1 1 1 1 1 1 1 1 1 1 1 1 1 1 1 1 1 1 1 1 1 1 1 1 1 1 1 1 1 1 1 12 9 7 1 1 12 10 1 1 1 12 10 12 9 1 12 9 1 1 1 12 10 1 100 1 1 12 10 1 12 9 1 100 1 12 10 12 9 12 9 12 9 1 12 11 12 9 12 9 12 9 12 9 12 9 12 9 12 9 12 9 12 9 12 9 12 9 12 9 12 9 12 9 12 9 12 9 12 9 12 9 12 9 12 9 12 9 12 9 12 9 12 9 12 9 12 9 12 9 12 9 12 9 12 9 12 9 12 9 12 9 1 1 1 7 1 1 12 10 8 12 10 1 8 8 8 8 1 8 1 8 8 8 1 8 8 1 8 1 8 8 1 8 8 1 8 1 8 8 1 8 8 1 8 8 8 1 8 8 1 8 8 1 8 1 8 1 8 1 8 1 8 1 8 1 8 1 8 12 9 1 1 1 1 12 10 1 8 1 100 1 1 12 10 15 1 12 18 1 1 12 11 1 1 1 7 1 12 10 12 10 12 10 1 1 1 12 10 1 1 1 1 1 1 1 1
staticfield com/android/tools/r8/utils/f c Lcom/android/tools/r8/utils/f; com/android/tools/r8/utils/f
staticfield com/android/tools/r8/utils/f d Lcom/android/tools/r8/utils/f; com/android/tools/r8/utils/f
staticfield com/android/tools/r8/utils/f e Lcom/android/tools/r8/utils/f; com/android/tools/r8/utils/f
staticfield com/android/tools/r8/utils/f f Lcom/android/tools/r8/utils/f; com/android/tools/r8/utils/f
staticfield com/android/tools/r8/utils/f g Lcom/android/tools/r8/utils/f; com/android/tools/r8/utils/f
staticfield com/android/tools/r8/utils/f h Lcom/android/tools/r8/utils/f; com/android/tools/r8/utils/f
staticfield com/android/tools/r8/utils/f i Lcom/android/tools/r8/utils/f; com/android/tools/r8/utils/f
staticfield com/android/tools/r8/utils/f j Lcom/android/tools/r8/utils/f; com/android/tools/r8/utils/f
staticfield com/android/tools/r8/utils/f k Lcom/android/tools/r8/utils/f; com/android/tools/r8/utils/f
staticfield com/android/tools/r8/utils/f l Lcom/android/tools/r8/utils/f; com/android/tools/r8/utils/f
staticfield com/android/tools/r8/utils/f m Lcom/android/tools/r8/utils/f; com/android/tools/r8/utils/f
staticfield com/android/tools/r8/utils/f n Lcom/android/tools/r8/utils/f; com/android/tools/r8/utils/f
staticfield com/android/tools/r8/utils/f o Lcom/android/tools/r8/utils/f; com/android/tools/r8/utils/f
staticfield com/android/tools/r8/utils/f p Lcom/android/tools/r8/utils/f; com/android/tools/r8/utils/f
staticfield com/android/tools/r8/utils/f q Lcom/android/tools/r8/utils/f; com/android/tools/r8/utils/f
staticfield com/android/tools/r8/utils/f r Lcom/android/tools/r8/utils/f; com/android/tools/r8/utils/f
staticfield com/android/tools/r8/utils/f s Lcom/android/tools/r8/utils/f; com/android/tools/r8/utils/f
staticfield com/android/tools/r8/utils/f t Lcom/android/tools/r8/utils/f; com/android/tools/r8/utils/f
staticfield com/android/tools/r8/utils/f u Lcom/android/tools/r8/utils/f; com/android/tools/r8/utils/f
staticfield com/android/tools/r8/utils/f v Lcom/android/tools/r8/utils/f; com/android/tools/r8/utils/f
staticfield com/android/tools/r8/utils/f w Lcom/android/tools/r8/utils/f; com/android/tools/r8/utils/f
staticfield com/android/tools/r8/utils/f x Lcom/android/tools/r8/utils/f; com/android/tools/r8/utils/f
staticfield com/android/tools/r8/utils/f y Lcom/android/tools/r8/utils/f; com/android/tools/r8/utils/f
staticfield com/android/tools/r8/utils/f z Lcom/android/tools/r8/utils/f; com/android/tools/r8/utils/f
staticfield com/android/tools/r8/utils/f A Lcom/android/tools/r8/utils/f; com/android/tools/r8/utils/f
staticfield com/android/tools/r8/utils/f B Lcom/android/tools/r8/utils/f; com/android/tools/r8/utils/f
staticfield com/android/tools/r8/utils/f C Lcom/android/tools/r8/utils/f; com/android/tools/r8/utils/f
staticfield com/android/tools/r8/utils/f D Lcom/android/tools/r8/utils/f; com/android/tools/r8/utils/f
staticfield com/android/tools/r8/utils/f E Lcom/android/tools/r8/utils/f; com/android/tools/r8/utils/f
staticfield com/android/tools/r8/utils/f F Lcom/android/tools/r8/utils/f; com/android/tools/r8/utils/f
staticfield com/android/tools/r8/utils/f G Lcom/android/tools/r8/utils/f; com/android/tools/r8/utils/f
staticfield com/android/tools/r8/utils/f H Lcom/android/tools/r8/utils/f; com/android/tools/r8/utils/f
staticfield com/android/tools/r8/utils/f I Lcom/android/tools/r8/utils/f; com/android/tools/r8/utils/f
staticfield com/android/tools/r8/utils/f J Lcom/android/tools/r8/utils/f; com/android/tools/r8/utils/f
staticfield com/android/tools/r8/utils/f K Lcom/android/tools/r8/utils/f; com/android/tools/r8/utils/f
staticfield com/android/tools/r8/utils/f L Lcom/android/tools/r8/utils/f; com/android/tools/r8/utils/f
staticfield com/android/tools/r8/utils/f M Lcom/android/tools/r8/utils/f; com/android/tools/r8/utils/f
staticfield com/android/tools/r8/utils/f N Lcom/android/tools/r8/utils/f; com/android/tools/r8/utils/f
staticfield com/android/tools/r8/utils/f O [Lcom/android/tools/r8/utils/f; 36 [Lcom/android/tools/r8/utils/f;
staticfield com/android/tools/r8/utils/f P Z 1
ciInstanceKlass com/android/tools/r8/utils/structural/r 1 1 25 1 8 1 1 7 1 100 1 1 1 1 1 7 1 7 1 1 12 10 12 9 1 1 1
staticfield com/android/tools/r8/utils/structural/r a Z 1
ciInstanceKlass com/android/tools/r8/graph/E2 1 1 431 1 8 1 1 7 1 1 7 1 100 1 1 1 1 1 1 1 1 1 1 1 1 1 12 10 12 9 12 9 1 7 1 1 12 10 1 8 1 7 1 1 12 10 1 100 1 8 1 100 1 1 12 10 15 1 12 18 1 12 10 12 9 1 1 7 1 1 12 10 12 9 1 8 1 8 1 8 1 8 1 8 1 8 1 8 1 8 1 8 1 7 1 1 12 10 12 9 1 1 12 10 10 1 12 10 1 1 12 10 1 8 1 7 1 12 10 1 1 12 10 1 1 1 100 1 1 12 10 1 1 1 1 1 1 12 10 1 1 1 1 100 1 12 10 1 100 1 12 10 1 1 1 7 1 1 12 10 1 1 12 10 1 7 1 12 11 1 12 10 1 1 1 100 10 1 1 7 1 12 10 1 1 1 1 1 12 10 1 12 10 1 1 7 1 12 10 1 1 12 10 1 1 7 1 12 10 1 7 1 12 10 1 1 100 1 12 10 1 12 10 1 1 12 9 1 100 1 12 10 1 12 10 1 100 1 12 10 1 1 12 10 10 1 1 12 10 1 1 12 10 1 1 7 1 1 12 11 1 1 100 1 12 11 1 1 12 10 1 7 1 1 12 9 1 7 1 12 10 1 7 12 10 1 1 1 12 9 1 1 1 7 12 11 1 1 12 9 1 7 1 12 10 1 12 11 1 1 100 1 12 9 1 12 10 1 1 12 10 1 1 1 1 1 1 1 1 1 1 12 9 1 1 12 10 12 10 12 10 1 12 10 12 10 1 12 10 1 8 1 12 18 1 12 10 1 1 12 10 1 1 12 9 1 7 1 1 12 10 1 12 10 1 12 10 1 1 1 1 8 1 12 10 1 8 1 12 18 1 12 10 1 8 18 1 12 10 12 10 1 1 12 10 1 12 10 1 12 10 1 12 10 1 1 7 1 12 10 1 1 1 1 12 10 1 1 1 1 1 1 1
staticfield com/android/tools/r8/graph/E2 h [Lcom/android/tools/r8/graph/E2; 0 [Lcom/android/tools/r8/graph/E2;
staticfield com/android/tools/r8/graph/E2 i Lcom/android/tools/r8/internal/Cm; com/android/tools/r8/internal/VS
staticfield com/android/tools/r8/graph/E2 j Z 1
instanceKlass com/android/tools/r8/dex/j
instanceKlass com/android/tools/r8/dex/K
ciInstanceKlass com/android/tools/r8/dex/X 1 1 75 1 8 1 1 7 1 7 1 1 12 10 1 1 1 1 1 1 1 7 1 1 12 10 1 12 10 1 7 1 12 11 1 7 1 1 12 10 1 1 12 10 12 10 1 7 1 1 12 9 1 7 1 12 10 1 1 12 9 1 7 1 12 9 1 12 10 1 1 1 1 1 1 1 1
ciInstanceKlass com/android/tools/r8/dex/K 1 1 212 1 8 1 1 7 1 7 1 7 1 1 1 1 1 1 1 1 1 1 1 1 1 1 1 1 1 1 1 1 1 1 12 10 1 12 10 12 9 1 12 10 12 9 12 9 12 9 12 9 12 9 12 9 12 9 12 9 12 9 1 7 10 12 9 12 9 12 9 1 1 7 1 1 12 10 12 9 1 7 10 1 7 1 12 9 1 7 1 12 10 1 7 9 1 1 1 12 10 1 12 10 1 1 100 10 1 10 1 1 12 10 1 10 1 10 1 12 10 1 1 7 1 1 12 10 1 7 1 1 12 9 1 7 1 12 10 1 7 1 12 10 1 1 7 1 1 12 10 1 12 10 1 7 1 12 11 1 7 1 1 12 10 12 10 1 12 9 1 7 1 12 10 1 12 9 1 7 1 12 9 1 12 10 1 1 1 7 10 10 1 1 1 1 12 10 1 100 1 12 10 1 12 10 1 12 10 1 1 1 1 1
staticfield com/android/tools/r8/dex/K n Z 1
ciInstanceKlass com/android/tools/r8/graph/A2 1 1 255 1 8 1 1 7 1 1 7 1 100 1 1 1 1 1 1 1 1 1 1 1 12 10 12 9 12 9 12 9 1 1 1 16 1 1 12 10 15 1 16 1 7 1 1 12 10 15 1 1 12 18 1 7 1 1 12 10 1 12 10 15 16 18 1 1 12 10 15 16 18 1 1 7 1 12 10 1 12 10 12 9 1 1 16 12 10 15 12 18 1 1 7 1 12 10 1 7 10 1 1 1 12 10 10 1 1 12 10 15 1 16 1 12 18 1 100 1 12 10 1 100 1 1 12 10 1 12 10 12 10 15 18 1 7 1 1 12 10 1 100 1 12 10 1 1 1 100 1 1 12 11 1 12 10 1 1 1 1 12 10 1 12 10 1 12 9 1 7 1 1 12 10 1 7 1 12 10 1 1 1 8 1 100 1 1 12 10 15 1 12 18 1 1 7 1 12 11 1 12 11 12 10 100 1 100 1 1 100 1 12 9 1 12 10 1 1 100 1 12 10 1 12 10 1 1 100 1 8 1 12 10 1 12 10 1 1 12 10 1 8 1 12 10 12 10 1 1 1 1 1 1 1 1 1
staticfield com/android/tools/r8/graph/A2 h Lcom/android/tools/r8/graph/A2; com/android/tools/r8/graph/A2
ciInstanceKlass com/android/tools/r8/graph/D2 1 1 264 1 8 1 1 7 1 1 7 1 100 1 100 1 1 1 1 1 1 1 1 1 1 1 12 10 12 9 12 9 1 1 7 1 1 12 10 1 1 12 10 1 1 12 10 12 9 1 100 10 100 1 12 10 1 1 7 1 1 12 9 1 7 1 12 11 1 1 12 10 1 7 1 12 10 1 7 1 12 10 1 1 7 1 1 12 10 12 9 1 1 1 12 10 1 12 10 1 1 1 1 1 100 10 1 1 1 1 1 1 7 1 12 9 1 7 1 12 11 1 1 7 1 1 12 10 1 1 1 1 12 10 1 12 10 1 100 1 100 1 8 1 12 10 1 1 100 1 1 12 10 1 100 1 8 12 10 1 8 1 8 1 12 10 1 1 100 1 1 12 9 1 12 10 1 1 7 1 12 10 1 1 12 10 1 1 12 10 1 12 10 1 1 100 10 12 10 1 1 12 10 1 8 1 8 1 100 1 1 12 10 1 8 10 1 1 12 10 1 1 1 1 1 7 1 1 12 10 1 7 1 12 10 1 1 1 12 10 1 1 7 1 12 10 1 12 10 1 1 1 1 1 1 1 1 12 10 1 1 1 1 1 1 1
staticfield com/android/tools/r8/graph/D2 g [Lcom/android/tools/r8/graph/D2; 0 [Lcom/android/tools/r8/graph/D2;
staticfield com/android/tools/r8/graph/D2 h Z 1
ciInstanceKlass com/android/tools/r8/internal/Tj 1 0 17 1 8 1 1 100 1 100 1 1 1 1 1 1 1 1 1
instanceKlass com/android/tools/r8/utils/structural/c
ciInstanceKlass com/android/tools/r8/utils/structural/a 1 1 71 1 8 1 1 7 1 7 1 1 12 10 1 1 1 1 1 1 1 1 1 100 1 1 12 11 1 16 1 100 1 12 11 15 1 16 1 100 1 1 12 10 15 1 12 18 12 10 1 1 1 1 7 1 1 12 10 1 12 10 1 1 7 10 1 1 1 1 1 1 1
instanceKlass com/android/tools/r8/utils/structural/d
instanceKlass com/android/tools/r8/utils/structural/f
ciInstanceKlass com/android/tools/r8/utils/structural/c 1 1 134 1 8 1 1 7 1 7 1 7 1 1 1 1 12 10 1 1 7 1 1 12 10 12 9 1 1 7 1 12 10 1 1 7 12 10 1 1 100 12 10 1 1 100 12 10 1 1 100 12 10 1 1 7 1 12 11 1 1 12 11 1 7 1 12 11 1 1 7 1 12 10 1 1 7 1 1 12 10 1 7 1 7 1 12 10 1 12 9 1 12 10 1 100 10 1 1 12 10 1 12 10 1 1 12 10 1 12 10 1 1 12 10 1 12 10 1 1 12 10 1 7 1 12 11 1 1 12 9 1 1 1 1 1
staticfield com/android/tools/r8/utils/structural/c a Z 1
ciInstanceKlass com/android/tools/r8/utils/structural/f 1 1 45 1 8 1 1 7 1 7 1 1 1 1 1 12 10 12 9 1 1 1 7 1 12 11 1 7 1 1 12 10 1 7 1 1 12 10 1 7 1 12 10 1 1 1 1
ciInstanceKlass com/android/tools/r8/internal/cl 1 1 69 1 8 1 1 7 1 100 1 1 3 1 5 0 1 1 1 7 1 1 12 10 1 1 12 10 12 10 5 0 1 1 12 10 5 0 1 100 1 100 1 8 1 1 12 10 1 1 12 10 1 8 1 12 10 1 12 10 1 8 1 1 12 10 10 1 1 1 1
instanceKlass com/android/tools/r8/graph/O0
instanceKlass com/android/tools/r8/graph/M0
instanceKlass com/android/tools/r8/graph/L0
instanceKlass com/android/tools/r8/graph/K0$a
instanceKlass com/android/tools/r8/graph/K0$d
instanceKlass com/android/tools/r8/graph/J0
instanceKlass com/android/tools/r8/graph/K0$b
instanceKlass com/android/tools/r8/graph/P0
instanceKlass com/android/tools/r8/graph/N0
ciInstanceKlass com/android/tools/r8/graph/K0 1 1 110 1 8 1 1 7 1 1 7 1 100 1 100 1 100 1 100 1 100 1 100 1 100 1 7 1 100 1 100 1 100 1 1 1 1 1 1 1 1 12 10 1 1 7 1 1 12 10 12 9 12 9 1 1 1 1 1 12 11 1 1 1 1 1 1 1 100 10 12 10 1 7 1 12 10 12 10 1 100 1 12 9 1 100 1 12 11 12 10 1 1 1 1 1 1 1 1 1 1 12 10 1 1 1 1 1 1 1 1 1
staticfield com/android/tools/r8/graph/K0 b [Lcom/android/tools/r8/graph/K0; 0 [Lcom/android/tools/r8/graph/K0;
staticfield com/android/tools/r8/graph/K0 c Z 1
instanceKlass com/android/tools/r8/graph/c1
instanceKlass com/android/tools/r8/graph/f1
ciInstanceKlass com/android/tools/r8/graph/d1 1 1 142 1 8 1 1 7 1 1 7 1 1 1 1 1 1 1 1 1 12 10 12 9 12 9 12 9 1 1 1 100 1 1 12 11 1 1 1 1 1 1 1 1 1 1 12 10 1 7 1 12 10 1 1 1 1 1 1 12 10 1 1 1 1 1 1 1 1 1 12 10 1 7 1 12 10 1 1 12 10 1 1 1 16 12 10 15 1 16 1 100 1 1 12 10 15 1 1 12 18 12 10 15 1 16 18 12 10 1 1 1 1 1 1 1 1 100 1 1 12 10 1 7 12 10 1 1 12 10 1 1 1 1 12 10 1 1 1 1 1 1 1 1
ciInstanceKlass com/android/tools/r8/graph/f1 1 1 1202 1 8 1 1 7 1 1 7 1 100 1 7 1 7 1 7 1 1 7 1 100 1 1 100 1 100 1 1 100 1 7 1 100 1 1 100 1 100 1 100 1 7 1 7 1 1 1 1 1 1 1 1 1 1 1 1 1 1 1 1 1 1 1 1 1 1 1 1 1 1 1 1 1 1 1 1 1 1 12 10 12 9 12 9 1 7 1 12 9 12 9 1 7 1 12 10 12 9 12 9 12 9 12 9 12 9 12 9 12 9 12 9 12 9 12 9 12 9 1 7 1 1 12 10 1 7 12 9 12 9 1 100 1 12 10 1 7 1 7 1 7 1 1 12 10 1 16 1 1 12 10 15 1 16 1 7 1 1 12 10 15 1 1 12 18 1 7 1 12 10 1 1 12 10 15 1 16 18 1 7 1 1 12 10 15 1 16 18 1 12 10 15 16 18 1 12 10 15 16 18 12 10 1 16 1 12 10 15 1 16 1 1 12 18 1 12 10 12 10 15 18 12 10 1 1 12 10 15 1 16 18 1 16 1 12 10 15 16 1 12 18 1 16 1 12 10 15 16 1 12 18 1 12 10 1 12 10 1 1 12 10 1 100 1 12 11 1 12 10 1 1 12 10 1 7 1 12 11 1 100 1 8 1 100 1 1 12 10 15 1 12 18 1 12 10 1 100 1 12 10 1 12 11 1 100 11 1 1 7 1 100 1 1 12 9 1 100 1 12 10 1 7 1 12 11 1 7 1 12 10 1 1 12 10 1 1 12 10 1 7 1 12 10 1 12 10 1 100 1 12 9 1 12 10 1 12 10 1 1 12 10 1 100 1 12 10 1 1 100 1 100 1 7 12 10 1 7 1 1 12 10 1 1 12 10 1 12 10 12 10 1 7 1 7 1 12 9 12 9 1 12 10 1 12 10 1 1 12 10 1 12 10 1 12 10 1 12 10 1 12 10 12 9 1 7 12 10 1 1 12 9 1 7 12 10 1 12 9 12 9 1 12 10 12 10 1 12 10 1 12 10 12 9 12 9 12 9 1 12 10 1 1 1 1 12 10 1 1 1 12 10 12 10 1 12 10 1 1 100 1 12 9 1 100 1 12 11 1 100 12 9 12 10 1 1 7 1 12 10 12 9 1 12 10 12 9 12 9 1 7 1 12 9 1 7 1 12 9 12 10 12 9 1 7 12 10 1 1 1 100 12 10 1 1 12 10 12 10 1 12 9 1 7 1 12 9 1 100 1 12 9 1 100 100 1 100 1 12 10 12 10 1 100 1 1 12 10 1 12 10 1 12 10 1 12 10 1 1 12 10 1 8 1 12 18 1 12 10 1 8 1 12 9 1 12 9 1 12 10 1 12 9 8 1 12 10 1 12 9 12 9 1 1 12 9 1 100 1 12 10 1 100 1 12 10 1 100 1 12 10 1 100 10 1 100 10 12 10 1 1 12 9 1 8 1 8 1 12 10 1 12 10 1 100 1 100 1 12 10 1 100 1 12 10 1 100 1 12 10 1 100 1 12 10 1 100 1 12 9 1 12 10 1 100 10 1 100 1 12 10 1 12 9 1 12 10 1 100 10 1 12 10 1 12 10 1 1 16 1 12 10 15 1 16 1 1 12 18 12 10 15 18 1 12 10 12 10 15 16 1 12 18 1 12 10 12 10 1 12 11 1 12 10 12 9 1 100 1 12 9 12 9 1 100 1 1 12 10 1 12 9 1 1 1 12 10 1 1 16 12 10 15 12 18 1 1 1 12 10 1 12 10 1 1 1 1 12 10 1 1 12 10 1 1 1 7 1 12 10 1 9 1 1 12 10 12 9 1 1 100 12 10 12 10 12 10 10 1 8 1 12 18 12 10 1 8 18 1 1 100 12 11 1 1 12 10 1 12 10 1 100 1 7 1 12 10 1 1 1 12 10 1 1 12 10 1 12 10 1 1 12 10 1 1 12 10 1 1 12 10 1 12 10 1 12 10 1 12 10 1 12 10 1 12 10 12 10 1 12 10 1 1 1 12 10 1 12 10 1 1 12 10 1 12 10 1 1 1 1 1 100 1 12 10 1 12 10 1 100 1 12 9 12 9 1 100 10 1 8 18 10 1 100 1 100 1 7 1 12 10 1 8 1 12 18 12 10 1 100 1 12 10 12 10 1 12 10 12 10 1 12 10 12 10 12 10 12 10 1 1 12 9 1 7 1 12 9 12 9 12 9 12 9 12 9 12 9 12 9 1 1 8 1 12 18 1 1 100 1 12 10 1 1 1 1 1 1 7 1 7 1 12 11 12 11 1 1 12 10 1 1 100 1 12 10 1 12 10 1 100 1 8 10 1 12 10 12 10 1 1 12 10 1 8 10 1 1 12 10 1 12 10 10 1 12 9 1 12 10 15 1 16 1 12 18 1 12 10 12 10 15 18 1 12 10 1 12 10 1 12 9 12 10 12 10 12 9 1 12 10 1 1 100 12 11 1 1 12 10 12 10 15 18 1 1 8 1 100 1 12 9 1 12 10 1 100 1 1 1 1 1 1 12 11 1 1 1 7 1 12 11 1 7 1 1 12 10 12 10 12 10 1 1 12 10 1 12 10 12 9 10 1 1 1 1 1 1 1 1 1 1 1 12 10 12 10 12 10 12 10 10 1 12 10 1 12 10 15 18 12 10 15 1 16 1 12 18 1 12 10 12 10 1 1 1 1 1 1 1 1 1
staticfield com/android/tools/r8/graph/f1 t [Lcom/android/tools/r8/graph/f1; 0 [Lcom/android/tools/r8/graph/f1;
staticfield com/android/tools/r8/graph/f1 u Lcom/android/tools/r8/graph/f1; com/android/tools/r8/graph/f1
staticfield com/android/tools/r8/graph/f1 v Lcom/android/tools/r8/internal/Oq; com/android/tools/r8/internal/Oq
staticfield com/android/tools/r8/graph/f1 w Z 1
ciInstanceKlass java/lang/AssertionError 0 0 79 10 100 12 1 1 1 10 12 1 10 100 12 1 1 1 10 100 1 100 1 10 12 1 1 10 12 1 10 12 1 10 12 1 10 12 1 10 12 1 10 12 1 10 12 1 1 1 1 5 0 1 1 1 1 1 1 1 1 1 1 100 1 1 1 1 1 1 1 1 1 1 1 1 1 1 1 1 1
ciInstanceKlass com/android/tools/r8/shaking/L0 1 0 9 1 8 1 1 100 1 100 1
ciInstanceKlass com/android/tools/r8/internal/UI 1 0 14 1 8 1 1 100 1 100 1 100 1 1 1 1
ciInstanceKlass com/android/tools/r8/internal/fJ 1 0 73 1 8 1 1 100 1 100 1 100 1 100 1 1 1 1 100 1 8 1 1 12 10 1 1 1 8 1 1 8 1 1 1 8 1 1 1 8 1 1 1 8 1 1 1 8 1 1 8 1 1 1 8 1 1 1 8 1 1 1 8 1 1 1 8 1 1 1 8 1 1 8 1
instanceKlass com/android/tools/r8/internal/K0
instanceKlass com/android/tools/r8/internal/oJ
instanceKlass com/android/tools/r8/internal/TI
ciInstanceKlass com/android/tools/r8/internal/J0 1 1 188 1 8 1 1 7 1 7 1 7 1 100 1 100 1 1 1 1 12 10 1 1 1 1 1 7 1 1 12 10 12 10 1 1 1 7 1 12 11 1 1 12 11 1 7 1 1 12 11 1 7 1 1 12 11 1 100 1 7 1 12 11 1 12 11 1 1 12 10 1 12 11 1 7 1 12 11 1 1 1 12 11 1 11 12 10 1 100 1 12 11 1 100 12 11 1 1 1 12 11 1 1 1 100 1 8 1 12 10 1 8 1 1 12 10 1 8 1 100 1 1 12 10 1 8 1 12 10 1 8 12 10 1 1 1 12 11 1 12 10 1 1 1 12 10 1 1 1 1 1 1 100 1 8 1 1 12 10 1 1 1 8 1 1 1 8 1 1 1 8 1 1 1 8 1 1 1 8 1 1 1 8 1 1 1 8 1 1
ciInstanceKlass com/android/tools/r8/utils/A1 1 1 1609 1 8 1 1 7 1 7 1 100 1 7 1 7 1 100 1 100 1 7 1 7 1 7 1 7 1 100 1 7 1 7 1 100 1 7 1 7 1 7 1 7 1 7 1 7 1 7 1 100 1 100 1 100 1 7 1 7 1 7 1 1 1 1 1 1 1 1 1 1 1 1 1 1 1 1 1 7 1 7 1 100 1 100 1 7 1 1 1 1 1 1 1 1 1 1 1 1 1 1 1 1 1 1 1 1 1 1 1 1 1 1 1 1 1 1 1 1 1 1 1 1 1 1 1 1 1 1 1 1 1 1 1 1 1 1 1 1 1 1 1 1 1 1 1 1 1 1 1 1 1 1 1 1 1 1 1 1 1 1 1 1 1 1 1 1 1 1 1 1 1 1 1 1 1 1 1 1 1 1 1 1 1 1 1 1 1 1 1 1 1 1 1 1 1 1 1 1 1 1 1 1 1 1 1 1 1 1 1 1 1 1 1 1 1 1 1 1 1 1 1 1 1 1 1 1 1 1 1 1 1 1 1 1 1 1 1 1 1 1 1 1 1 1 1 1 1 1 1 1 1 1 1 1 1 1 1 1 1 1 1 1 1 1 1 1 1 1 1 1 1 1 1 1 1 1 1 1 1 1 1 1 1 1 12 10 1 7 1 12 10 12 9 12 9 12 9 12 9 12 9 12 9 12 9 12 9 1 7 1 1 12 10 12 9 1 8 1 7 1 1 12 10 12 9 1 8 12 9 12 9 12 9 1 8 1 7 1 12 10 1 8 1 12 10 12 9 12 9 1 8 12 9 12 9 12 9 12 9 12 9 12 9 12 9 12 9 12 9 12 9 12 9 12 9 12 9 12 9 12 9 12 9 1 16 1 12 10 15 16 1 7 1 1 12 10 15 1 1 12 18 12 9 12 9 12 9 1 8 12 9 12 9 1 7 1 1 12 10 12 9 12 9 12 9 12 9 12 9 12 9 10 12 9 12 9 12 9 12 9 12 9 12 9 1 8 12 9 12 9 12 9 12 9 1 8 12 9 12 9 12 9 1 8 12 9 1 8 12 9 1 8 12 9 1 8 12 9 1 7 1 12 10 12 9 12 9 12 9 1 12 10 12 9 12 10 12 9 1 12 10 12 9 1 7 1 12 10 12 9 12 9 12 9 12 9 1 8 12 9 1 8 12 9 12 9 12 9 12 9 12 9 12 9 12 9 1 8 12 9 12 9 1 7 12 9 12 9 12 9 12 9 12 9 1 8 12 9 12 9 12 9 12 9 12 9 12 9 12 9 12 9 12 9 12 9 12 9 12 9 12 9 1 7 1 12 10 12 9 10 12 9 10 12 9 10 12 9 10 12 9 10 12 9 10 12 9 10 12 9 10 12 9 1 7 10 12 9 10 12 9 10 12 9 10 12 9 10 12 9 1 7 10 12 9 1 7 10 12 9 1 7 10 12 9 10 12 9 12 9 12 9 12 9 12 9 1 7 10 12 9 12 9 12 9 12 9 12 9 12 9 12 9 12 9 12 9 12 9 1 7 1 12 10 12 9 12 9 12 9 12 9 12 9 12 9 12 9 12 9 12 9 1 7 1 12 10 12 9 12 9 12 9 1 100 10 12 9 1 7 10 12 9 12 9 12 9 12 9 1 1 1 12 9 1 100 10 12 10 1 1 1 1 7 1 100 1 1 12 9 1 12 10 1 12 10 12 10 12 10 12 10 12 10 12 10 12 10 12 10 12 10 12 10 1 1 1 1 100 1 12 10 1 100 1 12 10 1 12 9 1 8 1 100 1 1 12 10 15 1 12 18 1 1 7 10 1 100 1 12 9 1 16 1 7 1 1 12 11 15 1 16 1 1 12 18 1 16 18 1 16 18 1 12 10 12 9 1 1 12 11 1 100 1 12 11 1 1 12 11 1 100 1 8 1 12 10 1 16 12 10 15 1 16 1 1 12 18 1 8 1 7 1 12 10 1 1 12 10 1 8 12 9 1 12 11 12 10 15 1 16 18 1 8 10 1 16 18 1 8 1 8 1 8 1 16 18 1 8 1 12 10 12 9 12 9 12 9 1 1 1 100 1 12 10 1 1 7 1 12 10 1 8 1 7 12 9 12 9 12 9 1 12 10 1 1 12 10 1 7 1 12 9 12 9 12 9 1 8 1 7 12 9 1 100 10 1 12 10 15 16 1 12 18 1 12 10 12 10 1 7 1 12 9 1 8 1 12 10 1 12 10 1 100 12 9 12 9 12 9 12 9 12 9 1 1 7 11 1 16 1 12 10 15 1 16 1 12 18 1 12 10 12 10 12 9 1 12 10 12 10 1 7 1 12 11 1 12 11 12 10 1 12 10 12 9 12 9 9 12 9 9 9 12 10 12 10 1 12 9 1 1 1 12 10 1 8 1 12 10 1 12 9 12 9 1 12 9 1 8 1 7 1 12 9 1 7 1 12 10 10 12 10 1 12 10 1 7 1 12 9 12 9 1 8 1 7 1 12 10 1 8 1 7 1 1 12 10 1 100 1 12 9 1 7 1 7 12 10 1 100 1 1 12 10 1 12 10 1 12 10 1 12 9 1 7 12 10 1 8 1 100 1 100 10 1 12 9 10 10 1 7 1 12 10 1 100 1 12 9 12 10 1 8 12 9 1 8 1 8 1 8 1 8 1 1 12 9 1 1 1 1 7 1 7 1 12 9 1 100 1 100 12 9 12 9 1 100 1 8 10 12 10 12 10 12 10 1 1 1 1 12 11 12 9 1 100 11 12 9 1 100 12 9 1 100 1 1 12 10 1 1 12 11 1 100 12 11 12 9 12 10 12 9 12 9 1 1 1 12 10 1 12 9 12 10 9 1 12 10 1 100 1 12 9 1 12 10 12 10 10 12 9 9 1 1 1 1 1 1 1 1 1 1 1 1 1 1 1 1 10 1 8 12 10 1 8 12 10 1 100 12 10 1 8 18 1 1 100 1 8 1 100 12 10 1 100 12 11 12 10 1 1 1 1 1 1 12 10 1 7 11 1 12 9 1 7 12 10 1 7 10 1 100 1 12 10 1 100 1 1 100 11 1 100 12 10 1 100 1 1 12 10 12 10 15 16 1 12 18 1 100 1 12 10 1 100 1 12 10 1 12 10 1 1 12 10 1 1 12 10 12 10 15 16 18 1 1 12 10 1 7 1 1 12 10 12 10 15 18 1 12 10 15 18 1 7 1 12 10 12 10 1 100 1 100 1 8 1 12 10 1 7 1 12 9 1 12 10 1 100 12 10 1 12 10 1 12 11 11 1 9 1 100 1 1 12 9 1 12 9 1 12 9 12 9 12 9 12 11 1 12 9 1 12 10 12 9 1 100 10 10 12 10 1 100 1 12 11 12 10 1 12 9 12 9 12 9 12 10 12 9 12 9 10 1 100 1 8 10 1 12 10 1 100 1 12 10 1 12 10 10 1 100 1 8 1 12 10 1 8 1 12 9 1 12 10 1 8 9 1 12 10 1 8 9 1 12 10 1 1 12 10 1 100 11 1 8 1 8 1 8 1 12 18 1 8 12 10 1 100 1 100 12 10 12 10 1 8 1 8 12 9 12 9 12 9 1 8 1 1 1 1 1 1 1 1 1 1
staticfield com/android/tools/r8/utils/A1 R1 Z 0
staticfield com/android/tools/r8/utils/A1 S1 Lcom/android/tools/r8/internal/C9; com/android/tools/r8/internal/C9
staticfield com/android/tools/r8/utils/A1 T1 I 41
staticfield com/android/tools/r8/utils/A1 U1 Z 1
ciInstanceKlass com/android/tools/r8/internal/C9 1 1 217 1 8 1 1 7 1 1 7 1 100 1 1 1 1 1 1 1 1 1 1 1 1 1 1 1 1 1 1 1 1 1 12 10 12 9 1 12 10 1 1 1 16 1 12 10 15 1 16 1 7 1 1 12 10 15 1 1 12 18 1 7 1 12 10 12 10 15 18 1 1 12 9 1 12 10 1 12 9 1 100 1 12 11 1 100 10 3 1 8 1 12 10 1 100 1 1 12 10 1 16 1 12 10 15 1 16 1 1 12 18 1 100 1 1 12 11 12 10 15 18 1 100 1 1 12 10 1 1 12 11 1 100 12 11 1 1 7 1 1 12 10 3 12 9 12 9 12 9 12 9 12 9 12 9 12 9 12 9 12 9 12 9 12 9 1 16 12 10 15 12 18 1 1 100 1 12 11 1 1 100 12 9 12 10 1 12 10 1 1 1 8 1 100 1 1 12 10 15 1 12 18 1 8 1 12 18 1 100 1 1 1 1 1 1 1 1
staticfield com/android/tools/r8/internal/C9 c Lcom/android/tools/r8/internal/C9; com/android/tools/r8/internal/C9
staticfield com/android/tools/r8/internal/C9 d Lcom/android/tools/r8/internal/C9; com/android/tools/r8/internal/C9
staticfield com/android/tools/r8/internal/C9 e Lcom/android/tools/r8/internal/C9; com/android/tools/r8/internal/C9
staticfield com/android/tools/r8/internal/C9 f Lcom/android/tools/r8/internal/C9; com/android/tools/r8/internal/C9
staticfield com/android/tools/r8/internal/C9 g Lcom/android/tools/r8/internal/C9; com/android/tools/r8/internal/C9
staticfield com/android/tools/r8/internal/C9 h Lcom/android/tools/r8/internal/C9; com/android/tools/r8/internal/C9
staticfield com/android/tools/r8/internal/C9 i Lcom/android/tools/r8/internal/C9; com/android/tools/r8/internal/C9
staticfield com/android/tools/r8/internal/C9 j Lcom/android/tools/r8/internal/C9; com/android/tools/r8/internal/C9
staticfield com/android/tools/r8/internal/C9 k Lcom/android/tools/r8/internal/C9; com/android/tools/r8/internal/C9
staticfield com/android/tools/r8/internal/C9 l Lcom/android/tools/r8/internal/C9; com/android/tools/r8/internal/C9
staticfield com/android/tools/r8/internal/C9 m Lcom/android/tools/r8/internal/C9; com/android/tools/r8/internal/C9
staticfield com/android/tools/r8/internal/C9 n [Lcom/android/tools/r8/internal/C9; 21 [Lcom/android/tools/r8/internal/C9;
staticfield com/android/tools/r8/internal/C9 o Z 1
instanceKlass com/android/tools/r8/graph/Q5
instanceKlass com/android/tools/r8/graph/i0
instanceKlass com/android/tools/r8/graph/W3
instanceKlass com/android/tools/r8/graph/F0
instanceKlass com/android/tools/r8/graph/S5
instanceKlass com/android/tools/r8/graph/k4
instanceKlass com/android/tools/r8/graph/E
instanceKlass com/android/tools/r8/internal/rC
ciInstanceKlass com/android/tools/r8/graph/f0 1 1 198 1 8 1 1 7 1 7 1 100 1 100 1 1 100 1 7 1 1 1 1 12 10 1 1 1 12 10 1 1 12 10 1 1 12 9 1 12 9 1 12 10 1 1 12 10 1 12 9 1 12 10 12 9 1 100 10 1 1 12 10 1 12 10 1 12 10 9 12 10 12 10 1 1 7 1 12 10 1 1 1 100 1 100 1 1 12 10 1 1 12 10 1 8 1 100 1 1 12 10 15 1 12 18 1 12 10 1 1 7 1 1 12 9 1 1 1 1 1 1 1 1 1 7 1 1 1 1 100 1 1 1 1 1 1 3 1 1 12 10 1 1 1 1 12 10 1 1 1 8 18 1 1 1 8 18 1 1 1 8 18 1 1 1 8 18 1 1 1 8 18 1 10 1 1 1 7 1 1 12 10 1 7 9 1 12 10 1 1 1 1 1 1 1 1 1 1 1
staticfield com/android/tools/r8/graph/f0 d Z 1
instanceKlass com/android/tools/r8/graph/F2
ciInstanceKlass com/android/tools/r8/graph/m0 1 1 560 1 8 1 1 7 1 1 7 1 100 1 100 1 100 1 7 1 7 1 1 100 1 100 1 1 100 1 1 100 1 1 7 1 1 100 1 100 1 1 100 1 1 100 1 100 1 1 1 1 1 1 1 1 1 1 1 1 1 1 16 12 10 15 1 100 1 1 12 10 15 12 18 1 1 12 9 1 7 1 12 9 1 1 12 9 12 10 1 1 12 10 1 1 1 8 1 100 1 1 12 10 15 1 12 18 1 1 12 10 1 1 7 1 12 10 1 1 100 1 1 12 11 1 1 12 10 1 1 16 1 12 10 15 16 1 12 18 1 100 1 12 10 1 16 1 12 10 15 16 1 1 12 18 1 12 10 1 12 10 1 1 7 1 12 9 1 12 10 1 1 12 10 1 100 1 12 9 1 7 1 1 12 9 1 1 12 10 1 100 1 1 1 1 12 9 1 12 9 1 1 12 9 1 1 12 9 1 12 9 1 12 10 1 12 9 1 12 9 12 10 1 100 10 1 12 9 1 100 1 12 10 100 1 7 1 12 9 1 8 1 12 10 1 12 9 1 12 10 1 1 12 10 1 1 12 10 1 7 1 12 9 1 8 1 1 12 10 1 12 10 1 100 1 1 12 10 12 9 10 1 1 7 1 12 9 1 8 1 12 10 1 12 10 1 12 10 1 1 12 9 1 7 1 12 10 1 7 10 1 1 12 10 1 1 12 10 1 12 10 1 12 10 12 9 1 1 12 10 1 12 10 1 1 12 10 1 100 10 1 12 10 12 10 1 1 12 10 10 1 1 1 12 9 1 8 1 1 1 1 1 1 1 100 1 12 10 12 9 1 12 9 1 100 1 100 1 12 9 1 12 9 1 100 1 12 11 1 12 10 1 12 9 1 12 9 12 10 10 12 9 1 100 1 12 9 1 100 1 12 9 1 100 1 12 10 1 12 10 1 7 1 1 12 9 1 100 11 1 1 12 11 1 1 12 10 1 1 12 9 1 12 11 1 12 10 1 1 7 1 12 10 9 1 1 7 1 12 9 12 9 1 12 10 1 12 9 1 1 12 9 1 12 10 1 12 9 1 7 12 9 1 12 9 1 12 9 1 1 12 10 1 1 12 9 12 10 1 12 9 1 12 9 1 12 9 1 12 9 1 100 12 9 1 12 10 1 100 1 100 1 100 1 1 12 10 1 12 10 1 1 12 10 1 12 10 1 12 10 9 1 12 10 1 12 10 1 100 1 12 10 1 1 1 1 1 1 1 1 1
staticfield com/android/tools/r8/graph/m0 d [Lcom/android/tools/r8/graph/m0; 0 [Lcom/android/tools/r8/graph/m0;
staticfield com/android/tools/r8/graph/m0 e Z 1
ciInstanceKlass com/android/tools/r8/graph/p0 1 1 280 1 8 1 1 7 1 1 7 1 100 1 100 1 100 1 1 100 1 1 100 1 1 1 1 1 1 1 1 1 1 1 1 12 9 1 1 1 1 16 12 10 15 1 7 1 1 12 10 15 12 18 1 1 7 1 100 1 1 12 11 1 1 1 7 1 12 10 1 1 1 1 1 12 10 1 1 1 1 12 10 1 1 100 1 100 1 7 12 10 1 1 7 1 12 10 1 7 1 12 10 1 1 1 12 9 12 9 12 10 1 100 1 1 12 10 1 100 1 16 1 12 10 15 1 16 1 1 12 18 1 1 12 10 1 12 9 1 7 1 12 10 1 1 100 1 1 12 9 1 1 100 1 1 12 10 1 12 10 1 1 16 1 12 10 15 1 16 1 1 12 18 1 12 10 12 10 9 1 7 1 12 10 1 1 1 12 10 1 1 1 12 10 15 16 1 12 18 1 7 1 12 10 10 1 1 12 10 12 9 1 12 10 12 10 1 1 1 12 10 1 12 10 1 7 1 12 10 1 7 1 1 12 11 1 7 1 7 1 12 11 1 1 12 11 1 12 10 1 12 11 12 9 1 100 1 12 11 1 7 1 12 11 1 1 7 1 12 10 12 9 10 1 1 1 1 1 1 1 1
staticfield com/android/tools/r8/graph/p0 f [Lcom/android/tools/r8/graph/p0; 0 [Lcom/android/tools/r8/graph/p0;
staticfield com/android/tools/r8/graph/p0 g Lcom/android/tools/r8/graph/p0; com/android/tools/r8/graph/p0
staticfield com/android/tools/r8/graph/p0 h Z 1
ciInstanceKlass com/android/tools/r8/utils/structural/v 1 0 11 1 8 1 1 100 1 100 1 1 1
ciInstanceKlass  @bci com/android/tools/r8/utils/structural/x a (Lcom/android/tools/r8/utils/structural/x;)I 7 <appendix> argL0 ; 1 1 20 1 7 1 7 1 100 1 1 12 10 1 1 1 7 1 12 11 1 1
ciInstanceKlass com/android/tools/r8/utils/structural/h 1 1 43 1 8 1 1 7 1 100 1 1 1 16 12 10 15 1 7 1 1 12 10 15 1 12 18 1 100 1 7 1 1 12 10 1 7 1 12 11 1 1 1 1 1
ciInstanceKlass com/android/tools/r8/utils/structural/t 1 0 11 1 8 1 1 100 1 100 1 1 1
ciInstanceKlass  @bci com/android/tools/r8/utils/structural/h a (Lcom/android/tools/r8/utils/structural/x;Ljava/lang/Object;Lcom/android/tools/r8/utils/structural/v;)I 1 <appendix> argL0 ; 1 1 19 1 7 1 7 1 100 1 1 12 10 1 1 1 7 12 10 1 1
ciInstanceKlass com/android/tools/r8/utils/structural/y 1 0 14 1 8 1 1 100 1 1 100 1 1 1 1 1
ciInstanceKlass  @bci com/android/tools/r8/internal/C9 n ()Lcom/android/tools/r8/utils/structural/y; 0 <appendix> argL0 ; 1 1 19 1 7 1 7 1 100 1 1 12 10 1 1 1 7 12 10 1 1
ciInstanceKlass com/android/tools/r8/graph/K2$k 1 1 85 1 8 1 1 100 1 1 7 1 100 1 1 1 1 1 12 10 1 1 1 1 12 9 1 7 1 1 12 10 1 100 1 1 12 10 1 100 1 1 12 10 1 1 100 12 10 1 1 1 7 1 1 12 9 1 12 10 1 1 1 1 100 1 12 9 1 1 1 1 1 1 1 1 100 12 10 1 1 1 1 1 1 1 1
ciInstanceKlass com/android/tools/r8/graph/K2$a 1 1 153 1 8 1 1 7 1 7 1 1 1 1 1 1 12 10 12 9 1 1 1 1 12 10 1 100 1 1 12 10 1 7 1 1 12 10 1 100 1 12 10 1 1 100 1 12 10 1 1 100 1 100 1 1 12 11 1 1 1 1 1 1 1 100 1 1 12 9 1 1 100 1 100 12 10 1 1 12 10 1 100 1 12 10 1 100 1 100 12 10 1 1 100 10 1 1 1 8 1 12 10 1 1 100 1 12 9 1 1 8 1 12 10 1 1 1 12 10 1 1 1 12 10 1 1 1 12 10 1 8 1 100 1 1 12 10 15 1 12 18 1 12 10 1 1 1 1 1 1 1 1 1 1
ciInstanceKlass com/android/tools/r8/graph/s5 1 1 190 1 8 1 1 7 1 1 7 1 100 1 1 1 1 1 1 1 1 1 1 1 16 1 12 10 15 16 1 7 1 1 12 10 15 1 1 12 18 1 7 1 12 10 1 16 1 12 10 15 16 1 1 12 18 1 12 10 1 1 12 9 1 1 12 10 1 7 1 12 9 12 9 12 9 1 12 9 1 100 10 100 1 12 10 1 1 7 12 9 12 10 1 1 12 10 1 1 12 10 1 1 7 1 12 10 10 1 1 16 12 10 15 12 18 1 1 1 7 1 12 10 1 1 1 12 10 1 1 12 10 1 100 1 12 10 1 1 1 100 1 12 9 100 1 1 12 11 1 1 1 1 1 12 10 1 1 1 12 10 1 100 1 1 12 10 1 10 12 10 15 1 16 1 12 18 1 12 10 12 10 1 1 1 1 1 1 1 1 1
staticfield com/android/tools/r8/graph/s5 d Lcom/android/tools/r8/graph/s5; com/android/tools/r8/graph/s5
staticfield com/android/tools/r8/graph/s5 e Z 1
ciInstanceKlass com/android/tools/r8/graph/X2 1 1 100 1 8 1 1 7 1 100 1 7 1 100 1 100 1 100 1 100 1 100 1 1 100 1 1 1 1 12 9 1 1 1 1 1 12 11 1 7 1 1 12 10 1 1 12 10 1 100 1 12 10 1 100 1 100 1 100 1 100 10 12 11 12 11 1 1 12 11 1 7 1 12 11 1 1 1 1 1 1 1 1 1 1 1 1 1 1 1 1 1 1 1 1 1 1 1 1 1 1 1
instanceKlass com/android/tools/r8/graph/S0$a
ciInstanceKlass com/android/tools/r8/graph/S0 1 1 199 1 8 1 1 7 1 1 7 1 100 1 7 1 7 1 100 1 1 100 1 7 1 1 1 1 1 12 10 1 1 7 1 1 12 10 1 1 12 10 1 1 12 10 12 9 1 12 10 1 100 10 1 100 1 1 12 10 1 1 12 9 1 100 1 12 10 1 1 12 9 1 12 9 1 12 10 1 1 1 1 1 100 1 12 10 100 1 100 1 12 10 1 100 1 12 10 1 1 12 10 1 100 1 12 9 1 1 12 10 7 1 12 10 1 1 12 9 1 16 1 12 10 15 1 16 1 7 1 1 12 10 15 1 1 12 18 1 7 1 12 10 9 1 12 9 10 1 1 1 1 7 1 12 10 1 1 1 12 10 1 1 1 1 1 100 10 1 1 7 1 12 11 1 1 100 1 12 10 1 100 1 12 10 12 10 1 1 12 10 1 1 1 1 1 1 1 1 1
staticfield com/android/tools/r8/graph/S0 d Z 1
instanceKlass com/android/tools/r8/graph/U0
ciInstanceKlass com/android/tools/r8/graph/S0$a 1 1 219 1 8 1 1 7 1 7 1 1 1 1 1 1 1 1 1 1 1 16 1 12 10 15 16 1 7 1 1 12 10 15 1 1 12 18 1 7 1 12 10 1 16 1 1 12 10 15 16 1 1 12 18 1 12 10 1 1 12 10 15 16 18 1 12 10 1 1 1 12 10 12 9 1 100 10 100 100 12 9 12 9 12 9 1 1 1 1 1 1 1 7 1 1 12 10 1 1 1 1 1 1 1 1 1 1 100 1 12 10 1 100 1 12 10 1 12 10 1 1 7 1 1 12 10 1 16 12 10 15 1 12 18 1 100 1 100 1 1 12 10 1 100 1 12 10 1 100 11 1 1 12 10 1 7 12 10 1 12 10 1 1 100 10 1 1 1 100 10 1 8 1 100 1 1 12 10 15 1 12 18 1 1 12 10 1 8 1 12 10 1 8 1 8 12 10 1 1 7 1 12 10 12 10 1 12 10 12 10 1 1 1 1 1 1 1 1 1 1
staticfield com/android/tools/r8/graph/S0$a h Z 1
ciInstanceKlass com/android/tools/r8/graph/i1 1 1 91 1 8 1 1 7 1 7 1 100 1 1 1 1 1 1 1 16 1 12 10 15 1 16 1 100 1 1 12 10 15 1 1 12 18 1 100 1 12 10 1 12 10 15 1 16 18 1 1 1 12 10 12 9 12 9 1 1 16 12 10 15 12 18 1 1 1 1 7 1 12 11 1 1 1 7 1 1 12 10 1 1 1 12 10 1 1 1 1 1 1
ciInstanceKlass com/android/tools/r8/utils/structural/j 1 1 25 1 8 1 1 7 1 100 1 1 1 1 1 7 1 7 1 1 12 10 12 9 1 1 1
staticfield com/android/tools/r8/utils/structural/j a Z 1
ciInstanceKlass com/android/tools/r8/graph/a1 1 1 210 1 8 1 1 7 1 1 7 1 100 1 1 1 1 1 1 1 1 1 1 1 16 1 12 10 15 16 1 7 1 1 12 10 15 1 1 12 18 1 100 1 12 10 1 12 10 15 16 18 12 10 1 1 1 12 10 12 9 12 9 12 9 1 1 7 1 12 9 1 7 1 12 10 1 1 7 1 1 12 10 12 9 1 1 16 12 10 15 12 18 1 1 7 12 10 100 1 100 1 7 1 7 1 1 12 10 1 12 11 1 12 9 1 7 10 1 1 100 1 1 12 11 1 1 1 1 1 1 1 1 1 100 10 1 1 1 7 1 12 10 1 8 1 100 1 1 12 10 15 1 12 18 1 1 7 12 10 1 12 10 1 1 12 10 1 12 10 1 10 1 16 12 10 15 16 1 1 12 18 1 1 12 10 1 12 10 1 1 100 12 11 12 9 1 100 1 12 10 12 10 1 1 1 1 1 1 1 1 1
staticfield com/android/tools/r8/graph/a1 e Z 1
ciInstanceKlass com/android/tools/r8/graph/o0 1 1 125 1 8 1 1 7 1 1 7 1 100 1 1 1 1 1 1 1 1 1 1 1 16 1 12 10 15 16 1 100 1 1 12 10 15 1 1 12 18 1 100 1 12 10 1 12 10 15 16 18 1 1 1 12 10 12 9 12 9 1 1 7 1 1 12 10 12 9 12 9 1 1 16 12 10 15 12 18 1 1 1 1 1 1 1 7 12 10 1 7 10 1 1 12 10 10 1 1 1 8 1 100 1 1 12 10 15 1 12 18 1 1 100 10 1 1 1 1 1 1 1 1 1 1 1
staticfield com/android/tools/r8/graph/o0 d [Lcom/android/tools/r8/graph/o0; 0 [Lcom/android/tools/r8/graph/o0;
staticfield com/android/tools/r8/graph/o0 e Z 1
ciInstanceKlass com/android/tools/r8/utils/B 1 1 205 1 8 1 1 7 1 100 1 1 1 1 1 7 1 1 12 10 1 100 1 1 12 10 1 1 12 10 1 100 1 100 1 1 12 11 1 100 1 1 12 11 1 100 1 1 12 11 1 1 12 11 1 100 1 12 11 1 100 1 1 12 10 1 100 1 1 12 10 1 12 11 1 1 1 1 1 1 1 1 1 1 100 1 1 12 11 1 1 1 1 1 1 1 1 7 1 7 12 11 1 1 12 10 1 1 12 10 1 1 12 10 1 1 1 1 1 1 1 100 1 100 1 1 16 1 12 10 15 1 7 1 1 12 10 15 1 12 18 12 10 1 1 1 1 1 12 10 1 7 1 12 11 12 9 1 100 1 12 10 1 1 100 1 1 12 10 1 12 10 1 1 7 1 1 12 10 1 1 1 1 100 1 100 1 1 12 10 1 1 12 10 1 1 1 12 10 1 1 1 1 1 1 1 1
staticfield com/android/tools/r8/utils/B a Z 1
ciInstanceKlass com/android/tools/r8/internal/GR 1 0 14 1 8 1 1 100 1 100 1 100 1 1 1 1
ciInstanceKlass com/android/tools/r8/internal/SR 1 0 73 1 8 1 1 100 1 100 1 100 1 100 1 1 1 1 100 1 8 1 1 12 10 1 1 1 8 1 1 8 1 1 1 8 1 1 1 8 1 1 1 8 1 1 1 8 1 1 8 1 1 1 8 1 1 1 8 1 1 1 8 1 1 1 8 1 1 1 8 1 1 8 1
ciInstanceKlass com/android/tools/r8/internal/vM$b 1 1 144 1 8 1 1 7 1 7 1 1 7 1 1 7 1 1 1 1 1 1 1 1 16 12 10 15 1 7 1 1 12 10 15 1 12 18 1 7 1 1 12 10 1 7 12 11 1 7 1 12 10 1 16 1 1 12 10 15 1 16 1 1 12 18 1 12 10 1 1 1 12 10 12 9 12 9 1 12 9 1 100 1 12 10 1 1 10 10 1 1 7 1 1 12 10 12 10 12 9 1 1 1 1 12 10 1 12 9 1 12 10 9 1 12 10 1 12 9 12 9 12 10 12 9 12 9 1 12 9 9 1 12 10 15 18 1 1 1 1 1 1 1 1 1
staticfield com/android/tools/r8/internal/vM$b i Lcom/android/tools/r8/internal/vM$b; com/android/tools/r8/internal/vM$b
staticfield com/android/tools/r8/internal/vM$b j Z 1
ciInstanceKlass com/android/tools/r8/graph/V2 1 0 12 1 8 1 1 100 1 100 1 100 1 1
ciInstanceKlass com/android/tools/r8/graph/F0 1 1 977 1 8 1 1 7 1 1 7 1 100 1 100 1 100 1 7 1 7 1 100 1 100 1 1 1 7 1 7 1 7 1 100 1 7 1 7 1 100 1 100 1 7 1 1 7 1 1 7 1 7 1 100 1 1 1 1 1 1 1 1 1 1 1 1 1 1 1 1 1 1 1 1 1 1 16 1 12 10 15 16 1 7 1 1 12 10 15 1 1 12 18 1 7 1 12 10 12 10 15 18 12 10 15 18 1 16 1 12 10 15 16 1 1 12 18 1 12 10 1 12 10 15 16 18 1 12 10 15 16 18 12 10 1 12 10 15 16 18 1 1 12 9 12 9 12 9 12 9 12 9 12 9 12 9 12 9 1 12 10 12 9 12 9 1 1 7 1 12 10 1 1 1 1 1 1 1 1 1 1 12 10 12 9 1 100 10 100 100 1 7 1 12 10 1 7 1 1 12 10 1 1 7 1 12 9 1 7 1 12 10 1 1 12 10 1 7 1 12 10 1 1 12 10 1 1 7 1 1 12 10 1 7 1 1 12 10 1 7 1 12 9 1 7 1 12 10 1 7 1 1 12 10 1 1 12 10 1 7 1 1 12 10 1 12 10 1 7 1 1 12 9 1 7 1 12 9 1 12 10 1 100 1 1 12 9 1 1 12 10 1 7 1 12 11 1 100 1 1 12 10 1 12 9 1 12 9 1 1 12 10 1 1 7 1 12 10 1 12 10 1 1 100 1 12 11 1 12 9 1 100 1 12 11 1 100 1 1 7 1 12 9 1 16 12 10 15 12 18 1 1 7 1 12 9 1 100 1 12 9 1 100 1 12 10 1 100 12 9 10 1 100 1 12 10 1 1 12 10 1 100 1 12 11 1 100 1 12 11 1 7 1 1 12 10 16 1 7 1 12 10 15 1 16 1 1 12 18 1 100 1 1 12 11 1 12 10 15 18 12 9 1 7 16 12 10 15 1 1 12 18 1 12 10 1 12 10 12 10 1 1 12 10 1 12 10 1 7 1 12 10 1 100 12 9 1 12 9 12 9 1 1 1 1 1 1 12 10 1 1 12 9 1 12 10 1 7 1 7 1 12 10 1 7 11 1 1 12 10 1 100 1 12 11 1 1 100 1 1 100 1 1 1 100 1 1 12 10 1 100 1 12 10 1 12 10 1 100 1 12 10 1 12 10 1 1 12 10 1 12 10 1 1 12 10 1 100 1 12 9 1 12 10 1 100 10 1 100 1 12 10 1 12 10 1 1 12 10 1 8 1 8 1 12 10 1 8 1 8 1 8 1 100 10 1 12 10 1 12 10 1 7 1 1 12 10 1 1 12 10 1 100 1 1 12 10 12 10 1 100 1 100 1 100 10 1 12 10 1 12 10 1 100 1 12 11 11 11 1 1 12 10 9 12 9 12 9 11 1 8 1 12 10 1 12 10 1 100 1 12 10 1 8 1 12 10 10 1 12 10 1 12 10 1 12 10 1 12 10 1 100 1 12 10 1 8 1 8 1 12 10 12 10 1 8 1 8 100 1 8 10 1 8 10 10 1 1 12 10 1 1 1 1 1 1 12 10 1 7 12 11 9 12 10 1 1 100 1 12 10 1 1 12 10 1 100 1 12 10 1 12 10 1 100 1 12 10 1 1 12 10 1 12 10 1 100 1 12 10 10 12 10 1 12 10 1 100 10 1 1 100 1 1 12 10 1 12 9 7 1 7 1 12 10 1 12 9 1 1 12 11 1 1 1 1 12 10 1 12 10 1 12 10 12 9 1 12 10 1 12 10 12 9 12 10 1 12 10 1 12 9 1 12 10 1 12 10 1 7 9 12 10 1 7 12 9 1 12 10 1 12 10 1 12 10 12 10 1 12 10 1 12 10 1 7 1 12 10 12 9 1 12 10 1 12 10 10 12 10 1 7 1 12 10 1 12 10 9 1 12 9 12 9 1 1 12 10 1 1 100 1 100 1 100 12 10 1 12 10 1 7 12 10 1 12 10 1 7 1 12 10 10 1 12 11 1 12 9 100 1 12 9 1 7 12 10 1 12 10 1 7 10 1 1 100 12 10 1 1 100 1 12 9 1 100 12 10 10 12 10 10 1 100 12 10 1 1 12 10 12 9 1 8 1 12 10 1 8 1 7 1 1 12 10 15 1 12 18 1 12 10 1 7 1 1 12 10 1 1 1 1 1 1 1 1 1 1
staticfield com/android/tools/r8/graph/F0 o Z 1
instanceKlass com/android/tools/r8/internal/l1
instanceKlass com/android/tools/r8/internal/FR
instanceKlass com/android/tools/r8/internal/bS
ciInstanceKlass com/android/tools/r8/internal/k1 1 1 191 1 8 1 1 7 1 7 1 100 1 100 1 100 1 1 1 1 12 10 1 1 1 1 1 100 1 1 12 10 12 10 1 1 1 100 1 12 11 1 1 12 11 1 100 1 1 12 11 1 100 1 1 12 11 1 100 1 100 1 12 11 1 12 11 1 1 12 10 1 12 11 1 100 1 12 11 1 1 1 12 11 1 11 12 10 1 100 1 12 11 1 100 12 11 1 1 1 12 11 1 1 1 100 1 8 1 12 10 1 8 1 1 12 10 1 8 1 100 1 1 12 10 1 8 1 12 10 1 8 12 10 1 1 1 12 11 1 12 10 1 12 9 1 1 1 12 10 1 1 1 1 1 1 100 1 8 1 1 12 10 1 1 1 8 1 1 1 8 1 1 1 8 1 1 1 8 1 1 1 8 1 1 1 8 1 1 1 8 1 1
ciInstanceKlass  @bci com/android/tools/r8/internal/vM$b n ()Lcom/android/tools/r8/utils/structural/y; 0 <appendix> argL0 ; 1 1 20 1 7 1 7 1 100 1 1 12 10 1 1 1 7 1 12 10 1 1
instanceKlass com/android/tools/r8/dex/code/y0
instanceKlass com/android/tools/r8/dex/code/d4
ciInstanceKlass com/android/tools/r8/dex/code/R2 1 1 56 1 8 1 1 100 1 7 1 1 1 12 10 1 12 10 1 1 1 1 12 10 1 100 10 1 100 10 1 100 10 1 1 7 1 12 10 1 1 1 1 3 1 1 1 8 1 1 8 1 1 1 1 1 1 1
ciInstanceKlass com/android/tools/r8/graph/V0 1 0 15 1 8 1 1 100 1 100 1 1 1 1 1 1 1
ciInstanceKlass com/android/tools/r8/utils/F0 1 1 95 1 8 1 1 7 1 100 1 7 1 7 1 7 1 100 1 1 1 1 1 12 10 1 1 12 10 1 1 12 9 1 12 10 1 1 12 10 1 7 12 9 1 100 1 100 1 1 12 10 100 1 1 12 10 1 7 10 1 1 12 9 1 12 10 1 100 1 7 1 12 10 1 7 1 1 12 10 12 10 1 12 10 1 1 7 1 12 10 1 1 1 1 1 1
staticfield com/android/tools/r8/utils/F0 a Z 1
ciInstanceKlass com/android/tools/r8/e 1 1 28 1 8 1 1 7 1 100 1 1 1 1 12 9 1 1 1 1 1 1 7 1 1 12 10 1 1 1
staticfield com/android/tools/r8/e a [I 10
ciInstanceKlass com/android/tools/r8/naming/N0 1 1 118 1 8 1 1 7 1 7 1 1 1 1 1 1 1 1 1 7 1 1 12 10 1 7 1 1 12 10 1 12 10 1 12 10 1 7 1 1 12 9 1 7 1 12 10 1 1 12 10 1 12 9 1 12 10 12 9 1 1 12 10 12 9 1 1 1 7 1 12 10 12 9 1 1 12 9 1 100 1 12 9 1 100 1 7 1 12 10 1 1 100 1 1 12 10 1 100 12 10 12 10 1 12 10 1 12 10 12 10 12 10 1 12 10 1 1 1 1
staticfield com/android/tools/r8/naming/N0 f Z 1
ciInstanceKlass com/android/tools/r8/dex/j 1 1 60 1 8 1 1 7 1 7 1 100 1 1 1 1 1 12 10 12 9 1 1 7 12 10 1 1 7 1 1 12 9 1 7 1 12 10 1 1 100 1 1 12 9 100 1 100 1 12 10 1 1 1 1 1 1 1 1 1 1 1
ciInstanceKlass  @bci com/android/tools/r8/graph/S0 a (Lcom/android/tools/r8/graph/S0;)Lcom/android/tools/r8/graph/V0; 27 <appendix> argL0 ; 1 1 21 1 7 1 7 1 100 1 1 12 10 1 1 1 7 1 1 12 10 1 1
ciInstanceKlass com/android/tools/r8/graph/U0 1 1 107 1 8 1 1 7 1 7 1 100 1 7 1 1 1 1 1 12 10 1 1 1 7 1 1 12 10 12 9 1 1 1 12 9 100 1 7 1 12 11 1 1 12 9 100 1 100 1 7 12 10 1 1 100 1 12 10 1 100 12 10 1 7 1 12 10 1 1 1 1 12 9 1 100 1 1 12 10 1 1 100 1 1 12 10 1 100 1 12 10 12 9 1 12 10 1 12 10 1 12 10 1 1 1 1 1 1
staticfield com/android/tools/r8/graph/U0 i Z 1
ciInstanceKlass  @bci com/android/tools/r8/graph/z2 b (Lcom/android/tools/r8/dex/X;)V 105 <appendix> member <vmtarget> ; 1 1 28 1 7 1 7 1 100 1 1 1 1 1 12 10 12 9 1 1 1 7 1 7 1 1 12 10 1 1
ciInstanceKlass  @bci com/android/tools/r8/graph/p0 a (Lcom/android/tools/r8/naming/p0;)V 49 <appendix> member <vmtarget> ; 1 1 28 1 7 1 7 1 100 1 1 1 1 1 12 10 12 9 1 1 1 7 1 7 1 1 12 10 1 1
ciInstanceKlass  @bci com/android/tools/r8/graph/j1 a (Lcom/android/tools/r8/dex/X;[Lcom/android/tools/r8/graph/j1;)V 2 <appendix> member <vmtarget> ; 1 1 26 1 7 1 7 1 100 1 1 1 1 1 12 10 12 9 1 1 1 7 1 1 12 10 1 1
instanceKlass com/android/tools/r8/internal/QR
ciInstanceKlass com/android/tools/r8/internal/l1 1 1 93 1 8 1 1 100 1 7 1 100 1 1 12 10 1 1 1 100 1 1 12 9 1 100 1 12 10 1 1 1 1 1 1 1 100 1 8 1 1 12 10 1 1 1 8 1 1 1 8 1 1 1 8 1 1 1 8 1 1 8 1 1 8 1 1 1 8 1 1 1 8 1 1 1 8 1 1 1 8 1 1 1 8 1 1 1 8 1 1 1 8 1 1
ciInstanceKlass com/android/tools/r8/internal/QR 1 1 210 1 8 1 1 7 1 7 1 100 1 1 1 1 1 1 1 1 1 1 1 1 1 1 1 1 1 1 1 1 1 1 1 1 12 10 4 12 10 12 9 12 9 1 7 1 1 12 10 12 9 12 9 1 12 10 12 9 1 7 12 9 12 9 12 9 1 100 1 8 1 12 10 1 1 6 0 1 100 1 1 12 11 12 10 12 9 1 100 1 1 12 10 1 12 10 5 0 1 1 12 10 5 0 1 12 10 1 7 12 10 1 12 9 12 10 12 9 1 7 1 12 10 1 12 10 100 12 10 1 1 1 100 1 1 100 1 1 12 10 1 1 5 0 5 0 1 5 0 1 1 1 100 10 1 1 1 1 12 9 1 7 1 12 10 100 1 1 12 9 1 100 10 1 1 12 9 1 100 10 1 1 12 10 1 1 1 100 10 1 1 1 1 12 10 10 10 10 1 100 1 100 10 12 10 1 1 1 1 1
instanceKlass com/android/tools/r8/internal/dJ
ciInstanceKlass com/android/tools/r8/internal/K0 1 1 93 1 8 1 1 100 1 7 1 100 1 1 12 10 1 1 1 100 1 1 12 9 1 100 1 12 10 1 1 1 1 1 1 1 100 1 8 1 1 12 10 1 1 1 8 1 1 1 8 1 1 1 8 1 1 1 8 1 1 8 1 1 8 1 1 1 8 1 1 1 8 1 1 1 8 1 1 1 8 1 1 1 8 1 1 1 8 1 1 1 8 1 1
ciInstanceKlass com/android/tools/r8/internal/dJ 1 1 201 1 8 1 1 7 1 7 1 100 1 1 1 1 1 1 1 1 1 1 1 1 1 1 1 1 1 1 1 1 1 1 1 4 12 10 12 9 12 9 1 7 1 1 12 10 12 9 12 9 1 12 10 12 9 1 7 12 9 12 9 12 9 1 1 6 0 1 100 1 1 12 11 1 12 10 12 9 1 100 1 1 12 10 1 12 10 5 0 1 1 12 10 5 0 1 12 10 1 7 12 10 1 12 9 12 10 12 9 1 12 10 1 12 10 100 1 1 12 10 12 10 1 1 100 1 1 100 1 1 12 10 1 1 5 0 5 0 1 5 0 1 1 1 100 10 1 1 1 1 12 9 1 100 1 12 10 100 1 12 9 1 100 10 1 1 12 9 1 100 10 1 1 12 10 1 1 1 100 10 1 1 1 1 12 10 10 10 10 1 100 1 100 10 12 10 1 1 1 1 1
ciInstanceKlass  @bci com/android/tools/r8/graph/S0$a a (Lcom/android/tools/r8/graph/S0;Lcom/android/tools/r8/utils/structural/a;)I 30 <appendix> argL0 ; 1 1 19 1 7 1 7 1 100 1 1 12 10 1 1 1 7 12 10 1 1
ciMethodData java/lang/Object <init> ()V 2 48693547 orig 80 0 0 0 0 0 0 0 0 0 0 0 0 0 0 0 0 0 0 0 0 0 0 0 0 0 0 0 0 0 0 0 0 0 0 0 0 0 0 0 0 0 0 0 0 0 0 0 0 0 0 0 0 0 0 0 0 0 0 0 0 0 0 0 0 0 0 0 0 0 0 0 0 0 0 0 0 0 0 0 0 data 4 0x0 0x9 0x1 0x0 oops 0 methods 0
ciMethodData java/util/Objects equals (Ljava/lang/Object;Ljava/lang/Object;)Z 2 185383 orig 80 1 0 0 0 0 0 0 0 0 0 0 0 0 0 0 0 0 0 0 0 0 0 0 0 0 0 0 0 0 0 0 0 0 0 0 0 0 0 0 1 0 0 0 0 0 0 0 0 0 0 0 0 0 0 0 0 0 0 0 0 0 0 0 0 0 0 0 0 0 0 0 0 0 0 0 0 0 0 0 0 data 32 0x20007 0x14fa4 0x98 0x184cc 0x8000000600060007 0xf2 0x90 0x183dc 0xb0005 0x181d8 0x0 0x1b9ca9003c8 0x180 0x1ba11999350 0x9b 0xe0007 0x4760 0x38 0x13d14 0x120003 0x28c95 0x18 0x0 0x0 0x0 0x0 0x0 0x0 0x9 0x2 0xffffffffffffffff 0xffffffffffffffff oops 2 11 java/lang/String 13 java/lang/module/ModuleDescriptor methods 0
ciMethodData java/lang/invoke/Invokers$Holder linkToTargetMethod (Ljava/lang/Object;)Ljava/lang/Object; 2 11070757 orig 80 0 0 0 0 0 0 0 0 0 0 0 0 0 0 0 0 0 0 0 0 0 0 0 0 0 0 0 0 0 0 0 0 0 0 0 0 0 0 0 0 0 0 0 0 0 0 0 0 0 0 0 0 0 0 0 0 0 0 0 0 0 0 0 0 0 0 0 0 0 0 0 0 0 0 0 0 0 0 0 0 data 29 0x10004 0x0 0x0 0x1ba144846b8 0x2b09 0x0 0x0 0x4000b 0xa92476 0x0 0x0 0x0 0x0 0x0 0x1 0x2 0x0 0x0 0x0 0x0 0x0 0x0 0x9 0x1 0x0 0xc 0x2 0x0 0x1ba144846b8 oops 2 3 java/lang/invoke/BoundMethodHandle$Species_L 28 java/lang/invoke/BoundMethodHandle$Species_L methods 0
ciMethod java/lang/AssertionError <init> ()V 0 0 1 0 -1
ciMethodData java/lang/invoke/DirectMethodHandle allocateInstance (Ljava/lang/Object;)Ljava/lang/Object; 2 9497980 orig 80 0 0 0 0 0 0 0 0 0 0 0 0 0 0 0 0 0 0 0 0 0 0 0 0 0 0 0 0 0 0 0 0 0 0 0 0 0 0 0 0 0 0 0 0 0 0 0 0 0 0 0 0 0 0 0 0 0 0 0 0 0 0 0 0 0 0 0 0 0 0 0 0 0 0 0 0 0 0 0 0 data 23 0x10004 0x0 0x0 0x1ba15938fc0 0x3206 0x0 0x0 0xc0005 0x912b07 0x0 0x0 0x0 0x0 0x0 0x0 0x0 0x0 0x0 0x0 0x0 0x9 0x1 0x0 oops 1 3 java/lang/invoke/DirectMethodHandle$Constructor methods 0
ciMethodData java/lang/invoke/DirectMethodHandle constructorMethod (Ljava/lang/Object;)Ljava/lang/Object; 2 9546250 orig 80 0 0 0 0 0 0 0 0 0 0 0 0 0 0 0 0 0 0 0 0 0 0 0 0 0 0 0 0 0 0 0 0 0 0 0 0 0 0 0 0 0 0 0 0 0 0 0 0 0 0 0 0 0 0 0 0 0 0 0 0 0 0 0 0 0 0 0 0 0 0 0 0 0 0 0 0 0 0 0 0 data 16 0x10004 0x0 0x0 0x1ba15938fc0 0x320b 0x0 0x0 0x0 0x0 0x0 0x0 0x0 0x0 0x9 0x1 0x0 oops 1 3 java/lang/invoke/DirectMethodHandle$Constructor methods 0
ciMethodData java/lang/invoke/Invokers$Holder linkToTargetMethod (Ljava/lang/Object;Ljava/lang/Object;)Ljava/lang/Object; 2 5076008 orig 80 0 0 0 0 0 0 0 0 0 0 0 0 0 0 0 0 0 0 0 0 0 0 0 0 0 0 0 0 0 0 0 0 0 0 0 0 0 0 0 0 0 0 0 0 0 0 0 0 0 0 0 0 0 0 0 0 0 0 0 0 0 0 0 0 0 0 0 0 0 0 0 0 0 0 0 0 0 0 0 0 data 34 0x10004 0x0 0x0 0x1ba15939a30 0x9b3 0x1ba15938fc0 0x4ff 0x5000b 0x4d7c06 0x0 0x0 0x0 0x0 0x0 0x3 0x1 0x2 0x2 0x0 0x0 0x0 0x0 0x0 0x0 0x9 0x2 0x0 0x0 0xc 0x4 0x0 0x2 0x1 0x2 oops 2 3 java/lang/invoke/BoundMethodHandle$Species_LLLLL 5 java/lang/invoke/DirectMethodHandle$Constructor methods 0
ciMethodData java/util/Arrays hashCode ([B)I 2 34871 orig 80 0 0 0 0 0 0 0 0 0 0 0 0 0 0 0 0 0 0 0 0 0 0 0 0 0 0 0 0 0 0 0 0 0 0 0 0 0 0 0 0 0 0 0 0 0 0 0 0 0 0 0 0 0 0 0 0 0 0 0 0 0 0 0 0 0 0 0 0 0 0 0 0 0 0 0 0 0 0 0 0 data 29 0x10007 0x883d 0x20 0x9 0x80008 0x6 0x8853 0x70 0x0 0x40 0x1 0x58 0x250003 0x0 0x40 0x2e0003 0x1 0x28 0x380002 0x8857 0x0 0x0 0x0 0x0 0x0 0x0 0x9 0x1 0xffffffffffffffff oops 0 methods 0
ciMethodData java/util/Arrays equals ([Ljava/lang/Object;[Ljava/lang/Object;)Z 2 90065 orig 80 1 0 0 0 1 0 0 0 0 0 0 0 186 1 0 0 0 0 0 0 0 0 0 0 0 0 0 0 0 0 0 0 0 0 0 0 0 0 0 2 0 0 0 0 0 0 0 0 0 0 0 0 0 0 0 0 0 0 0 0 0 0 0 0 0 0 0 0 0 0 0 0 0 0 0 0 0 0 0 0 data 39 0x20007 0x15e69 0x20 0x17e 0x80007 0x0 0x40 0x15e75 0xc0007 0x15e76 0x20 0x0 0x8000000600170007 0x1204e 0x20 0x3ea1 0x200007 0xdc25 0x68 0x1a4e4 0x290002 0x1a4ec 0x2c0007 0x16111 0x20 0x448e 0x340003 0x1611f 0xffffffffffffffb0 0x0 0x0 0x0 0x0 0x0 0x0 0x9 0x2 0x0 0x0 oops 0 methods 0
ciMethodData java/util/Arrays hashCode ([Ljava/lang/Object;)I 2 14348 orig 80 1 0 0 0 0 0 0 0 0 0 0 0 0 0 0 0 0 0 0 0 0 0 0 0 0 0 0 0 0 0 0 0 0 0 0 0 0 0 0 2 0 0 0 0 0 0 0 0 0 0 0 0 0 0 0 0 0 0 0 0 0 0 0 0 0 0 0 0 0 0 0 0 0 0 0 0 0 0 0 0 data 34 0x10007 0x37f8 0x20 0x0 0x130007 0x3818 0xa8 0x79a8 0x8000000600220007 0x74b0 0x38 0x50a 0x260003 0x50a 0x50 0x2b0005 0x6c3b 0x0 0x1b9ca900458 0x44a 0x1b9ca9046d8 0x451 0x330003 0x79c3 0xffffffffffffff70 0x0 0x0 0x0 0x0 0x0 0x0 0x9 0x1 0x0 oops 2 18 java/lang/Class 20 java/lang/Byte methods 0
ciMethodData java/lang/Enum compareTo (Ljava/lang/Enum;)I 2 12893 orig 80 0 0 0 0 0 0 0 0 0 0 0 0 0 0 0 0 0 0 0 0 0 0 0 0 0 0 0 0 0 0 0 0 0 0 0 0 0 0 0 0 0 0 0 0 0 0 0 0 0 0 0 0 0 0 0 0 0 0 0 0 0 0 0 0 0 0 0 0 0 0 0 0 0 0 0 0 0 0 0 0 data 48 0x50005 0x326e 0x0 0x0 0x0 0x0 0x0 0x90005 0x327a 0x0 0x0 0x0 0x0 0x0 0xc0007 0x327d 0xc0 0x0 0x100005 0x0 0x0 0x0 0x0 0x0 0x0 0x140005 0x0 0x0 0x0 0x0 0x0 0x0 0x170007 0x0 0x30 0x0 0x1e0002 0x0 0x0 0x0 0x0 0x0 0x0 0x0 0x9 0x2 0x0 0x0 oops 0 methods 0
ciMethodData java/lang/invoke/DirectMethodHandle$Holder newInvokeSpecial (Ljava/lang/Object;Ljava/lang/Object;)Ljava/lang/Object; 2 5003632 orig 80 0 0 0 0 0 0 0 0 0 0 0 0 0 0 0 0 0 0 0 0 0 0 0 0 0 0 0 0 0 0 0 0 0 0 0 0 0 0 0 0 0 0 0 0 0 0 0 0 0 0 0 0 0 0 0 0 0 0 0 0 0 0 0 0 0 0 0 0 0 0 0 0 0 0 0 0 0 0 0 0 data 42 0x1000a 0x4c61c3 0x3 0x0 0x1ba15938fc0 0x2 0x6000a 0x4c9563 0x3 0x0 0x1ba15938fc0 0x1b9ca902a18 0xd0004 0x0 0x0 0x1b9ca902a18 0x3f6 0x0 0x0 0x10000a 0x4c9830 0x4 0x0 0x2 0x1 0x2 0x0 0x0 0x0 0x0 0x0 0x0 0x9 0x2 0x0 0x0 0xc 0x4 0x0 0x1ba15938fc0 0x1 0x2 oops 5 4 java/lang/invoke/DirectMethodHandle$Constructor 10 java/lang/invoke/DirectMethodHandle$Constructor 11 java/lang/invoke/MemberName 15 java/lang/invoke/MemberName 39 java/lang/invoke/DirectMethodHandle$Constructor methods 0
ciMethod  @bci com/android/tools/r8/graph/q5 <init> (Lcom/android/tools/r8/graph/w;Lcom/android/tools/r8/graph/q5;Lcom/android/tools/r8/internal/DB;Ljava/util/Collection;Ljava/util/Collection;Ljava/util/Collection;Ljava/util/Collection;Ljava/util/Collection;Ljava/util/Collection;Ljava/util/Collection;Ljava/util/Collection;ILcom/android/tools/r8/utils/A3;)V 248 <appendix> form vmentry <vmtarget> ; invoke (Ljava/lang/Object;)Ljava/lang/Object; 1024 0 11083809 0 -1
ciMethodData  @bci com/android/tools/r8/graph/q5 <init> (Lcom/android/tools/r8/graph/w;Lcom/android/tools/r8/graph/q5;Lcom/android/tools/r8/internal/DB;Ljava/util/Collection;Ljava/util/Collection;Ljava/util/Collection;Ljava/util/Collection;Ljava/util/Collection;Ljava/util/Collection;Ljava/util/Collection;Ljava/util/Collection;ILcom/android/tools/r8/utils/A3;)V 248 <appendix> form vmentry <vmtarget> ; invoke (Ljava/lang/Object;)Ljava/lang/Object; 2 11083439 orig 80 0 0 0 0 0 0 0 0 0 0 0 0 0 0 0 0 0 0 0 0 0 0 0 0 0 0 0 0 0 0 0 0 0 0 0 0 0 0 0 0 0 0 0 0 0 0 0 0 0 0 0 0 0 0 0 0 0 0 0 0 0 0 0 0 0 0 0 0 0 0 0 0 0 0 0 0 0 0 0 0 data 20 0x10004 0x0 0x0 0x1ba144846b8 0x2b09 0x0 0x0 0x0 0x0 0x0 0x0 0x0 0x0 0x9 0x1 0x0 0xc 0x2 0x0 0x1ba144846b8 oops 2 3 java/lang/invoke/BoundMethodHandle$Species_L 19 java/lang/invoke/BoundMethodHandle$Species_L methods 0
ciMethod com/android/tools/r8/graph/X0 o0 ()Lcom/android/tools/r8/graph/p0; 1020 0 510 0 0
ciMethod com/android/tools/r8/graph/j1 a (Lcom/android/tools/r8/dex/X;[Lcom/android/tools/r8/graph/j1;)V 536 66 64372 0 376
ciMethod com/android/tools/r8/graph/j1 a (Lcom/android/tools/r8/dex/X;Lcom/android/tools/r8/graph/j1;)V 1024 0 17908 0 0
ciMethod com/android/tools/r8/graph/j1 a (Lcom/android/tools/r8/dex/X;)V 0 0 1 0 -1
ciMethod com/android/tools/r8/utils/structural/k a (Lcom/android/tools/r8/utils/structural/k;Ljava/lang/Object;)Z 13742 0 23444 0 248
ciMethod com/android/tools/r8/utils/structural/k isEqualTo (Ljava/lang/Object;)Z 0 0 1 0 -1
ciMethod com/android/tools/r8/utils/structural/s compareTo (Lcom/android/tools/r8/utils/structural/s;)I 0 0 1 0 -1
ciMethod com/android/tools/r8/utils/structural/s c (Lcom/android/tools/r8/utils/structural/s;)Z 4126 0 31902 0 576
ciMethod com/android/tools/r8/utils/structural/s a (Lcom/android/tools/r8/utils/structural/s;)Z 1024 0 41463 0 200
ciMethod com/android/tools/r8/utils/structural/s isEqualTo (Ljava/lang/Object;)Z 4126 0 32257 0 672
ciMethod com/android/tools/r8/utils/structural/x R ()Lcom/android/tools/r8/utils/structural/x; 0 0 1 0 -1
ciMethod com/android/tools/r8/utils/structural/x a (Lcom/android/tools/r8/utils/structural/x;)I 4666 0 73148 0 472
ciMethod com/android/tools/r8/utils/structural/x a (Lcom/android/tools/r8/utils/structural/x;Lcom/android/tools/r8/utils/structural/a;)I 4110 0 20123 0 -1
ciMethod com/android/tools/r8/utils/structural/x compareTo (Lcom/android/tools/r8/utils/structural/s;)I 4472 0 91237 0 208
ciMethod com/android/tools/r8/graph/z2 a (Lcom/android/tools/r8/dex/X;Lcom/android/tools/r8/graph/f1;)V 514 0 40603 0 0
ciMethod com/android/tools/r8/graph/K2 hashCode ()I 0 0 1 0 -1
ciMethod com/android/tools/r8/graph/K2 equals (Ljava/lang/Object;)Z 0 0 1 0 -1
ciMethod com/android/tools/r8/graph/C o0 ()I 0 0 1 0 -1
ciMethod com/android/tools/r8/graph/C c (Ljava/lang/Object;)Z 0 0 1 0 -1
ciMethod com/android/tools/r8/graph/C hashCode ()I 514 0 6680 0 152
ciMethod com/android/tools/r8/graph/C equals (Ljava/lang/Object;)Z 576 0 771687 0 136
ciMethod com/android/tools/r8/graph/C j (I)V 0 0 1 0 -1
ciMethod com/android/tools/r8/utils/A1$g b ()Z 1024 0 298901 0 0
ciMethod com/android/tools/r8/utils/f compareTo (Lcom/android/tools/r8/utils/structural/s;)I 1104 0 45391 0 136
ciMethod com/android/tools/r8/graph/D2 o0 ()I 554 0 35281 0 664
ciMethod com/android/tools/r8/graph/D2 c (Ljava/lang/Object;)Z 646 0 78010 0 424
ciMethod com/android/tools/r8/graph/E2 o0 ()I 4102 0 5757 0 0
ciMethod com/android/tools/r8/graph/E2 c (Ljava/lang/Object;)Z 740 0 278170 0 472
ciMethod com/android/tools/r8/dex/X a (Lcom/android/tools/r8/graph/p0;)Z 0 0 1 0 -1
ciMethod com/android/tools/r8/dex/X b (Lcom/android/tools/r8/graph/f1;)V 516 0 28375 0 0
ciMethod com/android/tools/r8/dex/X a (Lcom/android/tools/r8/graph/f1;)Z 0 0 1 0 -1
ciMethod com/android/tools/r8/dex/X a (Lcom/android/tools/r8/graph/V0;)Z 0 0 1 0 -1
ciMethod com/android/tools/r8/dex/X a (Lcom/android/tools/r8/graph/s5;)Z 0 0 1 0 -1
ciMethod com/android/tools/r8/dex/X a (Lcom/android/tools/r8/graph/m0;)Z 0 0 1 0 -1
ciMethod com/android/tools/r8/dex/K a (Lcom/android/tools/r8/internal/dJ;Ljava/lang/Object;)Z 1024 0 25481 0 0
ciMethod com/android/tools/r8/dex/K a (Lcom/android/tools/r8/graph/p0;)Z 4388 0 31804 0 0
ciMethod com/android/tools/r8/dex/K b (Lcom/android/tools/r8/graph/f1;)V 4448 0 11998 0 0
ciMethod com/android/tools/r8/dex/K a (Lcom/android/tools/r8/graph/V0;)Z 4124 0 10700 0 0
ciMethod com/android/tools/r8/dex/K a (Lcom/android/tools/r8/graph/s5;)Z 1024 0 10284 0 0
ciMethod com/android/tools/r8/dex/K a (Lcom/android/tools/r8/graph/m0;)Z 4200 0 15426 0 -1
ciMethod com/android/tools/r8/dex/K a (Lcom/android/tools/r8/graph/f1;)Z 1024 0 9330 0 0
ciMethod com/android/tools/r8/utils/structural/a <init> ()V 1034 0 57785 0 -1
ciMethod com/android/tools/r8/utils/structural/a a (II)I 0 0 1 0 -1
ciMethod com/android/tools/r8/utils/structural/a a (Ljava/lang/Object;Ljava/lang/Object;Lcom/android/tools/r8/utils/structural/y;)I 0 0 1 0 -1
ciMethod com/android/tools/r8/utils/structural/f <init> (Lcom/android/tools/r8/utils/structural/t;)V 2680 0 47273 0 0
ciMethod com/android/tools/r8/utils/structural/c <init> ()V 1024 0 57784 0 80
ciMethod com/android/tools/r8/utils/structural/c a (II)I 1024 0 271543 0 -1
ciMethod com/android/tools/r8/utils/structural/c a (Ljava/lang/Object;Ljava/lang/Object;Lcom/android/tools/r8/utils/structural/y;)I 4126 0 17467 0 -1
ciMethod com/android/tools/r8/internal/cl a (I)I 1030 0 1731825 0 96
ciMethod com/android/tools/r8/internal/cl b (J)J 4160 0 15684 0 -1
ciMethod com/android/tools/r8/internal/cl b (IF)I 4152 0 315118 0 -1
ciMethod com/android/tools/r8/internal/cl a (IF)I 4096 0 12425 0 304
ciMethodData com/android/tools/r8/graph/C hashCode ()I 2 6423 orig 80 0 0 0 0 0 0 0 0 0 0 0 0 0 0 0 0 0 0 0 0 0 0 0 0 0 0 0 0 0 0 0 0 0 0 0 0 0 0 0 0 0 0 0 0 0 0 0 0 0 0 0 0 0 0 0 0 0 0 0 0 0 0 0 0 0 0 0 0 0 0 0 0 0 0 0 0 0 0 0 0 data 35 0x70007 0x1240 0x78 0x6e5 0xb0005 0x298 0x0 0x1ba15b7f008 0x2d1 0x1ba1392f9e0 0x17f 0x110007 0x6e9 0x20 0x0 0x1e0007 0x1923 0x58 0x0 0x230005 0x0 0x0 0x0 0x0 0x0 0x0 0x0 0x0 0x0 0x0 0x0 0x0 0x9 0x1 0xffffffffffffffff oops 2 7 com/android/tools/r8/graph/D2 9 com/android/tools/r8/graph/A2 methods 0
ciMethod com/android/tools/r8/graph/f1 P0 ()V 7994 0 1944796 0 80
ciMethod com/android/tools/r8/graph/f1 V0 ()Lcom/android/tools/r8/graph/f0; 6072 0 872550 0 88
ciMethod com/android/tools/r8/graph/f1 W0 ()Lcom/android/tools/r8/graph/X2; 1024 0 25195 0 128
ciMethodData com/android/tools/r8/graph/D2 o0 ()I 2 35004 orig 80 0 0 0 0 0 0 0 0 0 0 0 0 0 0 0 0 0 0 0 0 0 0 0 0 0 0 0 0 0 0 0 0 0 0 0 0 0 0 0 0 0 0 0 0 0 0 0 0 0 0 0 0 0 0 0 0 0 0 0 0 0 0 0 0 0 0 0 0 0 0 0 0 0 0 0 0 0 0 0 0 data 11 0xc0002 0x88ea 0x0 0x0 0x0 0x0 0x0 0x0 0x9 0x1 0x0 oops 0 methods 0
ciMethodData com/android/tools/r8/graph/C equals (Ljava/lang/Object;)Z 2 771421 orig 80 0 0 0 0 0 0 0 0 0 0 0 0 0 0 0 0 0 0 0 0 0 0 0 0 0 0 0 0 0 0 0 0 0 0 0 0 0 0 0 0 0 0 0 0 0 0 0 0 0 0 0 0 0 0 0 0 0 0 0 0 0 0 0 0 0 0 0 0 0 0 0 0 0 0 0 0 0 0 0 0 data 31 0x20007 0x5636d 0xa8 0x663f6 0x70005 0x641fa 0x0 0x1ba15b7f008 0x9a1 0x1ba1392f9e0 0x18c4 0xa0007 0x64ae9 0x38 0x1976 0xd0003 0x197d 0x30 0x110003 0x64b0d 0x18 0x0 0x0 0x0 0x0 0x0 0x0 0x9 0x2 0xffffffffffffffff 0xffffffffffffffff oops 2 7 com/android/tools/r8/graph/D2 9 com/android/tools/r8/graph/A2 methods 0
ciMethodData com/android/tools/r8/graph/D2 c (Ljava/lang/Object;)Z 2 77687 orig 80 0 0 0 0 0 0 0 0 0 0 0 0 0 0 0 0 0 0 0 0 0 0 0 0 0 0 0 0 0 0 0 0 0 0 0 0 0 0 0 0 0 0 0 0 0 0 0 0 0 0 0 0 0 0 0 0 0 0 0 0 0 0 0 0 0 0 0 0 0 0 0 0 0 0 0 0 0 0 0 0 data 41 0x10004 0x0 0x0 0x1ba15b7f008 0x12f84 0x0 0x0 0x40007 0x0 0xc0 0x12f90 0x90004 0x0 0x0 0x1ba15b7f008 0x12fc9 0x0 0x0 0x140007 0x11d 0x68 0x12ea8 0x1f0002 0x12eae 0x220007 0x171 0x38 0x12d3f 0x260003 0x12d49 0x18 0x0 0x0 0x0 0x0 0x0 0x0 0x9 0x2 0x0 0x0 oops 2 3 com/android/tools/r8/graph/D2 14 com/android/tools/r8/graph/D2 methods 0
ciMethodData com/android/tools/r8/graph/E2 c (Ljava/lang/Object;)Z 2 277800 orig 80 0 0 0 0 0 0 0 0 0 0 0 0 0 0 0 0 0 0 0 0 0 0 0 0 0 0 0 0 0 0 0 0 0 0 0 0 0 0 0 0 0 0 0 0 0 0 0 0 0 0 0 0 0 0 0 0 0 0 0 0 0 0 0 0 0 0 0 0 0 0 0 0 0 0 0 0 0 0 0 0 data 35 0x10004 0x0 0x0 0x1ba11bcf088 0x43d34 0x0 0x0 0x40007 0x0 0x90 0x43d2e 0xc0004 0x0 0x0 0x1ba11bcf088 0x23874 0x0 0x0 0x120005 0x43d37 0x0 0x0 0x0 0x0 0x0 0x0 0x0 0x0 0x0 0x0 0x0 0x9 0x2 0x0 0x0 oops 2 3 com/android/tools/r8/graph/E2 14 com/android/tools/r8/graph/E2 methods 0
ciMethod com/android/tools/r8/utils/A1 a (Lcom/android/tools/r8/utils/f;)Z 1024 0 13344 0 216
ciMethod com/android/tools/r8/utils/A1 j0 ()Z 4096 0 172171 0 -1
ciMethod com/android/tools/r8/utils/A1 P ()Lcom/android/tools/r8/utils/f; 1026 0 13473 0 88
ciMethod com/android/tools/r8/graph/f0 z0 ()Z 0 0 1 0 -1
ciMethod com/android/tools/r8/graph/f0 q0 ()Lcom/android/tools/r8/graph/X2; 0 0 1 0 -1
ciMethod com/android/tools/r8/graph/m0 hashCode ()I 772 0 15605 0 2048
ciMethod com/android/tools/r8/graph/m0 equals (Ljava/lang/Object;)Z 536 0 52801 0 0
ciMethod com/android/tools/r8/graph/m0 a (Lcom/android/tools/r8/dex/X;)V 18978 0 17697 0 0
ciMethod com/android/tools/r8/graph/p0 o0 ()I 1024 0 10493 0 0
ciMethod com/android/tools/r8/graph/p0 c (Ljava/lang/Object;)Z 1024 0 27411 0 0
ciMethod com/android/tools/r8/graph/p0 a (Lcom/android/tools/r8/dex/X;)V 426 0 213 0 0
ciMethod com/android/tools/r8/graph/p0 isEmpty ()Z 19886 0 58412 0 0
ciMethod com/android/tools/r8/graph/p0 a (Lcom/android/tools/r8/naming/p0;)V 814 432 41883 0 4688
ciMethod com/android/tools/r8/utils/structural/v a (Ljava/lang/Object;Ljava/lang/Object;Lcom/android/tools/r8/utils/structural/a;)I 0 0 1 0 -1
ciMethod  @bci com/android/tools/r8/utils/structural/x a (Lcom/android/tools/r8/utils/structural/x;)I 7 <appendix> argL0 ; a (Ljava/lang/Object;Ljava/lang/Object;Lcom/android/tools/r8/utils/structural/a;)I 4098 0 15633 0 328
ciMethod com/android/tools/r8/utils/structural/h a (Lcom/android/tools/r8/utils/structural/x;Ljava/lang/Object;Lcom/android/tools/r8/utils/structural/v;)I 4112 0 48313 0 520
ciMethod com/android/tools/r8/graph/s5 isEmpty ()Z 6730 0 12848 0 0
ciMethod com/android/tools/r8/graph/X2 a (Lcom/android/tools/r8/dex/X;)V 0 0 1 0 -1
ciMethod com/android/tools/r8/graph/S0 a (Lcom/android/tools/r8/graph/S0;)Lcom/android/tools/r8/graph/V0; 610 0 5927 0 0
ciMethod com/android/tools/r8/graph/S0 r0 ()I 0 0 1 0 -1
ciMethod com/android/tools/r8/graph/S0 u0 ()Z 486 0 561 0 -1
ciMethod com/android/tools/r8/graph/S0 v0 ()Z 860 0 5927 0 -1
ciMethod com/android/tools/r8/graph/S0 p0 ()Lcom/android/tools/r8/graph/S0$a; 0 0 1 0 -1
ciMethod com/android/tools/r8/graph/S0 q0 ()Lcom/android/tools/r8/graph/T0; 0 0 1 0 -1
ciMethod com/android/tools/r8/graph/S0 c (Ljava/lang/Object;)Z 1024 0 45443 0 0
ciMethod com/android/tools/r8/graph/S0$a p0 ()Lcom/android/tools/r8/graph/S0$a; 512 0 70910 0 -1
ciMethod com/android/tools/r8/graph/S0$a r0 ()I 262 0 63191 0 -1
ciMethod com/android/tools/r8/graph/S0$a o0 ()I 4096 0 69315 0 0
ciMethod com/android/tools/r8/graph/S0$a a (Lcom/android/tools/r8/graph/S0;Lcom/android/tools/r8/utils/structural/a;)I 1024 0 45965 0 -1
ciMethod com/android/tools/r8/graph/S0$a a (Lcom/android/tools/r8/utils/structural/x;Lcom/android/tools/r8/utils/structural/a;)I 5216 0 45975 0 0
ciMethod com/android/tools/r8/graph/S0$a R ()Lcom/android/tools/r8/utils/structural/x; 1024 0 45732 0 0
ciMethodData com/android/tools/r8/utils/A1$g b ()Z 2 298389 orig 80 0 0 0 0 0 0 0 0 0 0 0 0 0 0 0 0 0 0 0 0 0 0 0 0 0 0 0 0 0 0 0 0 0 0 0 0 0 0 0 0 0 0 0 0 0 0 0 0 0 0 0 0 0 0 0 0 0 0 0 0 0 0 0 0 0 0 0 0 0 0 0 0 0 0 0 0 0 0 0 0 data 16 0x40007 0x0 0x38 0x48d8b 0x80003 0x48de6 0x18 0x0 0x0 0x0 0x0 0x0 0x0 0x9 0x1 0x0 oops 0 methods 0
ciMethodData com/android/tools/r8/utils/A1 P ()Lcom/android/tools/r8/utils/f; 2 12960 orig 80 0 0 0 0 0 0 0 0 0 0 0 0 0 0 0 0 0 0 0 0 0 0 0 0 0 0 0 0 0 0 0 0 0 0 0 0 0 0 0 0 0 0 0 0 0 0 0 0 0 0 0 0 0 0 0 0 0 0 0 0 0 0 0 0 0 0 0 0 0 0 0 0 0 0 0 0 0 0 0 0 data 51 0x30007 0x32a8 0x150 0x0 0xa0005 0x0 0x0 0x0 0x0 0x0 0x0 0xd0007 0x0 0xf8 0x0 0x110005 0x0 0x0 0x0 0x0 0x0 0x0 0x140007 0x0 0xa0 0x0 0x1e0005 0x0 0x0 0x0 0x0 0x0 0x0 0x210007 0x0 0x38 0x0 0x240003 0x0 0x28 0x2b0002 0x0 0x0 0x0 0x0 0x0 0x0 0x0 0x9 0x1 0x0 oops 0 methods 0
ciMethodData com/android/tools/r8/utils/f compareTo (Lcom/android/tools/r8/utils/structural/s;)I 2 44839 orig 80 0 0 0 0 0 0 0 0 0 0 0 0 0 0 0 0 0 0 0 0 0 0 0 0 0 0 0 0 0 0 0 0 0 0 0 0 0 0 0 0 0 0 0 0 0 0 0 0 0 0 0 0 0 0 0 0 0 0 0 0 0 0 0 0 0 0 0 0 0 0 0 0 0 0 0 0 0 0 0 0 data 24 0x20004 0x0 0x0 0x1ba11048098 0x111a 0x0 0x0 0x50005 0xaf2a 0x0 0x0 0x0 0x0 0x0 0x0 0x0 0x0 0x0 0x0 0x0 0x9 0x2 0x0 0x0 oops 1 3 com/android/tools/r8/utils/f methods 0
ciMethodData com/android/tools/r8/utils/structural/s a (Lcom/android/tools/r8/utils/structural/s;)Z 2 40951 orig 80 1 0 0 0 0 0 0 0 0 0 0 0 0 0 0 0 0 0 0 0 0 0 0 4 0 0 0 0 0 0 0 0 0 0 0 0 0 0 0 0 0 0 0 0 0 0 0 0 0 0 0 0 0 0 0 0 0 0 0 0 0 0 0 0 0 0 0 0 0 0 0 0 0 0 0 0 0 0 0 0 data 24 0x8000000700020005 0xa3 0x0 0x1ba11048098 0x859f 0x1ba14482b30 0x608 0x70007 0x8c3e 0x38 0x13c5 0xb0003 0x13c5 0x18 0x0 0x0 0x0 0x0 0x0 0x0 0x9 0x2 0x0 0x0 oops 2 3 com/android/tools/r8/utils/f 5 com/android/tools/r8/internal/C9 methods 0
ciMethodData com/android/tools/r8/graph/E2 o0 ()I 2 3706 orig 80 0 0 0 0 0 0 0 0 0 0 0 0 0 0 0 0 0 0 0 0 0 0 0 0 0 0 0 0 0 0 0 0 0 0 0 0 0 0 0 0 0 0 0 0 0 0 0 0 0 0 0 0 0 0 0 0 0 0 0 0 0 0 0 0 0 0 0 0 0 0 0 0 0 0 0 0 0 0 0 0 data 16 0x40005 0xe7d 0x0 0x0 0x0 0x0 0x0 0x0 0x0 0x0 0x0 0x0 0x0 0x9 0x1 0x0 oops 0 methods 0
ciMethodData com/android/tools/r8/internal/cl a (I)I 2 1731474 orig 80 0 0 0 0 0 0 0 0 0 0 0 0 0 0 0 0 0 0 0 0 0 0 0 0 0 0 0 0 0 0 0 0 0 0 0 0 0 0 0 0 0 0 0 0 0 0 0 0 0 0 0 0 0 0 0 0 0 0 0 0 0 0 0 0 0 0 0 0 0 0 0 0 0 0 0 0 0 0 0 0 data 5 0x0 0x0 0x9 0x1 0x0 oops 0 methods 0
ciMethodData com/android/tools/r8/utils/structural/k a (Lcom/android/tools/r8/utils/structural/k;Ljava/lang/Object;)Z 2 16573 orig 80 1 0 0 0 0 0 0 0 0 0 0 0 0 0 0 0 0 0 0 0 0 0 0 0 0 0 0 0 0 0 0 0 0 0 0 0 0 0 0 1 0 0 0 0 0 0 0 0 0 0 0 0 0 0 0 0 0 0 0 0 0 0 0 0 0 0 0 0 0 0 0 0 0 0 0 0 0 0 0 0 data 66 0x30007 0x40c1 0x68 0x0 0x70007 0x0 0x38 0x0 0xa0003 0x0 0x28 0x110002 0x0 0x170007 0x2d9c 0x20 0x1320 0x1d0007 0x32d 0x138 0x2a76 0x210005 0x2a76 0x0 0x0 0x0 0x0 0x0 0x250005 0x2a7a 0x0 0x0 0x0 0x0 0x0 0x8000000600280007 0x292d 0x38 0x14f 0x2b0003 0x14f 0x88 0x300004 0x0 0x0 0x1ba10883338 0x1854 0x1ba108833e8 0x1006 0x330005 0xd3 0x0 0x1ba10883338 0x1853 0x1ba108833e8 0x1005 0x0 0x0 0x0 0x0 0x0 0x0 0x9 0x2 0xffffffffffffffff 0xffffffffffffffff oops 4 45 com/android/tools/r8/graph/i1 47 com/android/tools/r8/internal/vM$b 52 com/android/tools/r8/graph/i1 54 com/android/tools/r8/internal/vM$b methods 0
ciMethodData com/android/tools/r8/internal/cl a (IF)I 2 10377 orig 80 0 0 0 0 0 0 0 0 0 0 0 0 185 1 0 0 0 0 0 0 0 0 0 0 0 0 0 0 0 0 0 0 0 0 0 0 0 0 0 0 0 0 0 0 0 0 0 0 0 0 0 0 0 0 0 0 0 0 0 0 0 0 0 0 0 0 0 0 0 0 0 0 0 0 0 0 0 0 0 0 data 59 0x50002 0x288d 0x90002 0x2890 0x110002 0x288c 0x1a0007 0x0 0x20 0x288c 0x2c0002 0x0 0x2f0005 0x0 0x0 0x0 0x0 0x0 0x0 0x340005 0x0 0x0 0x0 0x0 0x0 0x0 0x380005 0x0 0x0 0x0 0x0 0x0 0x0 0x3d0005 0x0 0x0 0x0 0x0 0x0 0x0 0x400005 0x0 0x0 0x0 0x0 0x0 0x0 0x430002 0x0 0x0 0x0 0x0 0x0 0x0 0x0 0x9 0x2 0x0 0x0 oops 0 methods 0
ciMethodData com/android/tools/r8/utils/structural/x a (Lcom/android/tools/r8/utils/structural/x;)I 2 70815 orig 80 2 0 0 0 1 0 0 0 0 0 0 0 0 0 0 0 0 0 0 0 4 0 0 4 0 0 0 0 0 0 0 0 0 0 0 0 0 0 0 0 0 0 0 0 0 0 0 0 0 0 0 0 0 0 0 0 0 0 0 0 0 0 0 0 0 0 0 0 0 0 0 0 0 0 0 0 0 0 0 0 data 23 0xffffffff00010005 0x52a 0x0 0x1ba14482b30 0xa16a 0x1ba108833e8 0x6e15 0x7000a 0x114a9 0x1 0x1ba14483b40 0xc0002 0x114ab 0x0 0x0 0x0 0x0 0x0 0x0 0x9 0x2 0x0 0x0 oops 3 3 com/android/tools/r8/internal/C9 5 com/android/tools/r8/internal/vM$b 10  @bci com/android/tools/r8/utils/structural/x a (Lcom/android/tools/r8/utils/structural/x;)I 7 <appendix> argL0 ; methods 0
ciMethodData com/android/tools/r8/utils/structural/f <init> (Lcom/android/tools/r8/utils/structural/t;)V 2 45933 orig 80 0 0 0 0 0 0 0 0 0 0 0 0 0 0 0 0 0 0 0 0 0 0 0 0 0 0 0 0 0 0 0 0 0 0 0 0 0 0 0 0 0 0 0 0 0 0 0 0 0 0 0 0 0 0 0 0 0 0 0 0 0 0 0 0 0 0 0 0 0 0 0 0 0 0 0 0 0 0 0 0 data 9 0x20002 0xb36f 0x0 0x0 0x0 0x9 0x2 0x6 0x0 oops 0 methods 0
ciMethodData com/android/tools/r8/utils/structural/x compareTo (Lcom/android/tools/r8/utils/structural/s;)I 2 89001 orig 80 1 0 0 0 0 0 0 0 0 0 0 0 0 0 0 0 0 0 0 0 0 0 0 0 0 0 0 0 0 0 0 0 0 0 0 0 0 0 0 0 0 0 0 0 0 0 0 0 0 0 0 0 0 0 0 0 0 0 0 0 0 0 0 0 0 0 0 0 0 0 0 0 0 0 0 0 0 0 0 0 data 24 0x20004 0x0 0x0 0x1ba14482b30 0x20b 0x1ba108833e8 0x6c 0x50005 0xb8fa 0x0 0x1ba14482b30 0xa246 0x1ba108833e8 0x6c 0x0 0x0 0x0 0x0 0x0 0x0 0x9 0x2 0x0 0x0 oops 4 3 com/android/tools/r8/internal/C9 5 com/android/tools/r8/internal/vM$b 10 com/android/tools/r8/internal/C9 12 com/android/tools/r8/internal/vM$b methods 0
ciMethodData com/android/tools/r8/utils/structural/h a (Lcom/android/tools/r8/utils/structural/x;Ljava/lang/Object;Lcom/android/tools/r8/utils/structural/v;)I 2 46257 orig 80 1 0 0 0 1 0 0 0 0 0 0 0 0 0 0 0 0 0 0 0 0 0 0 0 0 0 0 0 0 0 0 0 0 0 0 0 0 0 0 2 0 0 0 0 0 0 0 0 0 0 0 0 0 0 0 0 0 0 0 0 0 0 0 0 0 0 0 0 0 0 0 0 0 0 0 0 0 0 0 0 data 31 0x1000a 0xb4b5 0x1 0x1ba14487480 0x8000000600080007 0xb4bc 0x38 0x7 0xc0003 0x7 0x60 0x160002 0xb4ad 0x1c0005 0x0 0x0 0x1ba14483b40 0xb4a6 0x0 0x0 0x0 0x0 0x0 0x0 0x0 0x0 0x9 0x3 0x0 0x0 0x0 oops 2 3  @bci com/android/tools/r8/utils/structural/h a (Lcom/android/tools/r8/utils/structural/x;Ljava/lang/Object;Lcom/android/tools/r8/utils/structural/v;)I 1 <appendix> argL0 ; 16  @bci com/android/tools/r8/utils/structural/x a (Lcom/android/tools/r8/utils/structural/x;)I 7 <appendix> argL0 ; methods 0
ciMethodData com/android/tools/r8/utils/structural/c <init> ()V 2 57272 orig 80 0 0 0 0 0 0 0 0 0 0 0 0 0 0 0 0 0 0 0 0 0 0 0 0 0 0 0 0 0 0 0 0 0 0 0 0 0 0 0 0 0 0 0 0 0 0 0 0 0 0 0 0 0 0 0 0 0 0 0 0 0 0 0 0 0 0 0 0 0 0 0 0 0 0 0 0 0 0 0 0 data 7 0x10002 0xdfb9 0x0 0x0 0x9 0x1 0x0 oops 0 methods 0
ciMethodData  @bci com/android/tools/r8/utils/structural/x a (Lcom/android/tools/r8/utils/structural/x;)I 7 <appendix> argL0 ; a (Ljava/lang/Object;Ljava/lang/Object;Lcom/android/tools/r8/utils/structural/a;)I 2 13584 orig 80 0 0 0 0 0 0 0 0 0 0 0 0 0 0 0 0 0 0 0 0 0 0 0 0 0 0 0 0 0 0 0 0 0 0 0 0 0 0 0 0 0 0 0 0 0 0 0 0 0 0 0 0 0 0 0 0 0 0 0 0 0 0 0 0 0 0 0 0 0 0 0 0 0 0 0 0 0 0 0 0 data 33 0x10004 0x0 0x0 0x1ba14482b30 0x2b59 0x1ba108833e8 0x95a 0x50004 0x0 0x0 0x1ba14482b30 0x2b5b 0x1ba108833e8 0x95b 0x90005 0x5e 0x0 0x1ba14482b30 0x2b5d 0x1ba108833e8 0x95b 0x0 0x0 0x0 0x0 0x0 0x0 0x9 0x4 0x0 0x0 0x0 0x0 oops 6 3 com/android/tools/r8/internal/C9 5 com/android/tools/r8/internal/vM$b 10 com/android/tools/r8/internal/C9 12 com/android/tools/r8/internal/vM$b 17 com/android/tools/r8/internal/C9 19 com/android/tools/r8/internal/vM$b methods 0
ciMethodData com/android/tools/r8/utils/structural/c a (Ljava/lang/Object;Ljava/lang/Object;Lcom/android/tools/r8/utils/structural/y;)I 2 15404 orig 80 0 0 0 0 0 0 0 0 0 0 0 0 0 0 0 0 0 0 0 0 0 0 0 0 0 0 0 0 0 0 0 0 0 0 0 0 0 0 0 0 0 0 0 0 0 0 0 0 0 0 0 0 0 0 0 0 0 0 0 0 0 0 0 0 0 0 0 0 0 0 0 0 0 0 0 0 0 0 0 0 data 21 0xa0002 0x3c30 0xd0005 0xa92 0x0 0x1ba1050d778 0x2b0d 0x1ba1050d828 0x693 0x0 0x0 0x0 0x0 0x0 0x0 0x9 0x4 0x0 0x0 0x0 0xffffffffffffffff oops 2 5  @bci com/android/tools/r8/internal/C9 n ()Lcom/android/tools/r8/utils/structural/y; 0 <appendix> argL0 ; 7  @bci com/android/tools/r8/internal/vM$b n ()Lcom/android/tools/r8/utils/structural/y; 0 <appendix> argL0 ; methods 0
ciMethodData com/android/tools/r8/graph/f1 V0 ()Lcom/android/tools/r8/graph/f0; 2 869514 orig 80 0 0 0 0 0 0 0 0 0 0 0 0 186 1 0 0 0 0 0 0 0 0 0 0 0 0 0 0 0 0 0 0 0 0 0 0 0 0 0 0 0 0 0 0 0 0 0 0 0 0 0 0 0 0 0 0 0 0 0 0 0 0 0 0 0 0 0 0 0 0 0 0 0 0 0 0 0 0 0 0 data 16 0x20005 0xd488f 0x0 0x0 0x0 0x0 0x0 0x0 0x0 0x0 0x0 0x0 0x0 0x9 0x1 0x0 oops 0 methods 0
ciMethodData com/android/tools/r8/graph/f1 P0 ()V 2 1940799 orig 80 0 0 0 0 0 0 0 0 0 0 0 0 186 1 0 0 0 0 0 0 0 0 0 0 0 0 0 0 0 0 0 0 0 0 0 0 0 0 0 0 0 0 0 0 0 0 0 0 0 0 0 0 0 0 0 0 0 0 0 0 0 0 0 0 0 0 0 0 0 0 0 0 0 0 0 0 0 0 0 0 data 20 0x30007 0x1d9e72 0x68 0x0 0xa0007 0x0 0x38 0x0 0xd0003 0x0 0x28 0x140002 0x0 0x0 0x0 0x0 0x0 0x9 0x1 0x0 oops 0 methods 0
ciMethod com/android/tools/r8/graph/a1 hashCode ()I 530 0 25002 0 0
ciMethod com/android/tools/r8/graph/a1 equals (Ljava/lang/Object;)Z 518 0 45618 0 0
ciMethod com/android/tools/r8/graph/a1 p0 ()V 864 666 16445 0 -1
ciMethod com/android/tools/r8/graph/o0 hashCode ()I 810 0 36308 0 816
ciMethod com/android/tools/r8/graph/o0 equals (Ljava/lang/Object;)Z 1024 0 26301 0 0
ciMethod com/android/tools/r8/utils/B a ([Ljava/lang/Object;Ljava/util/function/Predicate;[Ljava/lang/Object;)[Ljava/lang/Object; 900 0 5927 0 -1
ciMethodData com/android/tools/r8/graph/p0 isEmpty ()Z 2 52724 orig 80 0 0 0 0 0 0 0 0 0 0 0 0 0 0 0 0 0 0 0 0 0 0 0 0 0 0 0 0 0 0 0 0 0 0 0 0 0 0 0 0 0 0 0 0 0 0 0 0 0 0 0 0 0 0 0 0 0 0 0 0 0 0 0 0 0 0 0 0 0 0 0 0 0 0 0 0 0 0 0 0 data 14 0x50007 0x16c3 0x38 0xb754 0x90003 0xb755 0x18 0x0 0x0 0x0 0x0 0x9 0x1 0x0 oops 0 methods 0
ciMethod com/android/tools/r8/graph/F0 q0 ()Lcom/android/tools/r8/graph/X2; 5018 0 2739 0 80
ciMethod com/android/tools/r8/graph/F0 C ()Lcom/android/tools/r8/graph/V0; 606 0 46715 0 336
ciMethod com/android/tools/r8/graph/F0 a (Lcom/android/tools/r8/dex/X;)V 1024 0 37645 0 0
ciMethod com/android/tools/r8/graph/V0 a (Lcom/android/tools/r8/dex/X;)V 0 0 1 0 -1
ciMethodData com/android/tools/r8/utils/A1 a (Lcom/android/tools/r8/utils/f;)Z 2 12832 orig 80 0 0 0 0 0 0 0 0 0 0 0 0 0 0 0 0 0 0 0 0 0 0 0 0 0 0 0 0 0 0 0 0 0 0 0 0 0 0 0 0 0 0 0 0 0 0 0 0 0 0 0 0 0 0 0 0 0 0 0 0 0 0 0 0 0 0 0 0 0 0 0 0 0 0 0 0 0 0 0 0 data 83 0x40005 0x3223 0x0 0x0 0x0 0x0 0x0 0x70007 0x3224 0x130 0x0 0xb0005 0x0 0x0 0x0 0x0 0x0 0x0 0xe0007 0x0 0x38 0x0 0x110003 0x0 0xb8 0x170007 0x0 0xa0 0x0 0x210005 0x0 0x0 0x0 0x0 0x0 0x0 0x240007 0x0 0x38 0x0 0x270003 0x0 0x28 0x2e0002 0x0 0x350007 0x0 0xe0 0x3223 0x390005 0x3224 0x0 0x0 0x0 0x0 0x0 0x3d0005 0x0 0x0 0x1ba11048098 0x3224 0x0 0x0 0x420007 0x1065 0x38 0x21c1 0x450003 0x21c1 0x30 0x490003 0x1065 0x18 0x0 0x0 0x0 0x0 0x0 0x0 0x9 0x2 0x0 0xffffffffffffffff oops 1 59 com/android/tools/r8/utils/f methods 0
ciMethodData com/android/tools/r8/utils/structural/s isEqualTo (Ljava/lang/Object;)Z 2 30194 orig 80 0 0 0 0 0 0 0 0 0 0 0 0 0 0 0 0 0 0 0 0 0 0 0 0 0 0 0 0 0 0 0 0 0 0 0 0 0 0 0 0 0 0 0 0 0 0 0 0 0 0 0 0 0 0 0 0 0 0 0 0 0 0 0 0 0 0 0 0 0 0 0 0 0 0 0 0 0 0 0 0 data 24 0x20004 0x0 0x0 0x1ba108833e8 0x6ebc 0x1ba108850b8 0x28b 0x50005 0x4ae 0x0 0x1ba108833e8 0x6ebc 0x1ba108850b8 0x28b 0x0 0x0 0x0 0x0 0x0 0x0 0x9 0x2 0x0 0x0 oops 4 3 com/android/tools/r8/internal/vM$b 5 com/android/tools/r8/dex/code/R2 10 com/android/tools/r8/internal/vM$b 12 com/android/tools/r8/dex/code/R2 methods 0
ciMethodData com/android/tools/r8/utils/structural/s c (Lcom/android/tools/r8/utils/structural/s;)Z 2 29839 orig 80 0 0 0 0 0 0 0 0 0 0 0 0 0 0 0 0 0 0 0 0 0 0 0 0 0 0 0 0 0 0 0 0 0 0 0 0 0 0 0 0 0 0 0 0 0 0 0 0 0 0 0 0 0 0 0 0 0 0 0 0 0 0 0 0 0 0 0 0 0 0 0 0 0 0 0 0 0 0 0 0 data 44 0x30007 0x748e 0x68 0x0 0x70007 0x0 0x38 0x0 0xa0003 0x0 0x28 0x110002 0x0 0x170007 0x0 0xa8 0x748e 0x1c0005 0x4ae 0x0 0x1ba108833e8 0x6d67 0x1ba108850b8 0x27c 0x210007 0x659f 0x38 0xeec 0x240003 0xeed 0x30 0x280003 0x659f 0x18 0x0 0x0 0x0 0x0 0x0 0x0 0x9 0x2 0x0 0x0 oops 2 20 com/android/tools/r8/internal/vM$b 22 com/android/tools/r8/dex/code/R2 methods 0
ciMethodData com/android/tools/r8/utils/structural/c a (II)I 2 271031 orig 80 0 0 0 0 0 0 0 0 0 0 0 0 0 0 0 0 0 0 0 0 0 0 0 0 0 0 0 0 0 0 0 0 0 0 0 0 0 0 0 0 0 0 0 0 0 0 0 0 0 0 0 0 0 0 0 0 0 0 0 0 0 0 0 0 0 0 0 0 0 0 0 0 0 0 0 0 0 0 0 0 data 13 0x20002 0x422ed 0x0 0x0 0x0 0x0 0x0 0x0 0x9 0x3 0x0 0x0 0x0 oops 0 methods 0
ciMethodData com/android/tools/r8/graph/S0$a o0 ()I 2 67273 orig 80 0 0 0 0 0 0 0 0 0 0 0 0 0 0 0 0 0 0 0 0 0 0 0 0 0 0 0 0 0 0 0 0 0 0 0 0 0 0 0 0 0 0 0 0 0 0 0 0 0 0 0 0 0 0 0 0 0 0 0 0 0 0 0 0 0 0 0 0 0 0 0 0 0 0 0 0 0 0 0 0 data 13 0xa0002 0x106d1 0x160002 0x10717 0x0 0x0 0x0 0x0 0x0 0x0 0x9 0x1 0x0 oops 0 methods 0
ciMethod com/android/tools/r8/utils/F0 a (Lcom/android/tools/r8/graph/S0;)Z 0 0 1 0 -1
ciMethod com/android/tools/r8/e a (I)I 5334 0 135825 0 -1
ciMethodData com/android/tools/r8/graph/F0 q0 ()Lcom/android/tools/r8/graph/X2; 1 230 orig 80 0 0 0 0 0 0 0 0 0 0 0 0 0 0 0 0 0 0 0 0 0 0 0 0 0 0 0 0 0 0 0 0 0 0 0 0 0 0 0 0 0 0 0 0 0 0 0 0 0 0 0 0 0 0 0 0 0 0 0 0 0 0 0 0 0 0 0 0 0 0 0 0 0 0 0 0 0 0 0 0 data 5 0x0 0x0 0x9 0x1 0x0 oops 0 methods 0
ciMethodData com/android/tools/r8/graph/s5 isEmpty ()Z 2 11087 orig 80 0 0 0 0 0 0 0 0 0 0 0 0 0 0 0 0 0 0 0 0 0 0 0 0 0 0 0 0 0 0 0 0 0 0 0 0 0 0 0 0 0 0 0 0 0 0 0 0 0 0 0 0 0 0 0 0 0 0 0 0 0 0 0 0 0 0 0 0 0 0 0 0 0 0 0 0 0 0 0 0 data 14 0x50007 0x30 0x38 0x2b1f 0x90003 0x2b21 0x18 0x0 0x0 0x0 0x0 0x9 0x1 0x0 oops 0 methods 0
ciMethod com/android/tools/r8/dex/j a (Lcom/android/tools/r8/graph/p0;)Z 874 0 55978 0 0
ciMethod com/android/tools/r8/dex/j a (Lcom/android/tools/r8/graph/m0;)Z 1024 0 8654 0 -1
ciMethod com/android/tools/r8/dex/j a (Lcom/android/tools/r8/graph/f1;)Z 354 0 26089 0 0
ciMethod com/android/tools/r8/dex/j a (Lcom/android/tools/r8/graph/V0;)Z 334 0 24898 0 0
ciMethod com/android/tools/r8/dex/j a (Lcom/android/tools/r8/graph/s5;)Z 356 0 27752 0 0
ciMethod com/android/tools/r8/graph/U0 <init> (I[Lcom/android/tools/r8/graph/D2;[Lcom/android/tools/r8/graph/K0;)V 992 0 5927 0 -1
ciMethod com/android/tools/r8/graph/U0 a (Lcom/android/tools/r8/dex/X;)V 770 0 35837 0 0
ciMethodData com/android/tools/r8/graph/S0$a p0 ()Lcom/android/tools/r8/graph/S0$a; 2 70655 orig 80 0 0 0 0 0 0 0 0 0 0 0 0 0 0 0 0 0 0 0 0 0 0 0 0 0 0 0 0 0 0 0 0 0 0 0 0 0 0 0 0 0 0 0 0 0 0 0 0 0 0 0 0 0 0 0 0 0 0 0 0 0 0 0 0 0 0 0 0 0 0 0 0 0 0 0 0 0 0 0 0 data 5 0x0 0x0 0x9 0x1 0x0 oops 0 methods 0
ciMethodData com/android/tools/r8/graph/F0 C ()Lcom/android/tools/r8/graph/V0; 2 46412 orig 80 0 0 0 0 0 0 0 0 0 0 0 0 186 1 0 0 0 0 0 0 0 0 0 0 0 0 0 0 0 0 0 0 0 0 0 0 0 0 0 1 0 0 0 0 0 0 0 0 0 0 0 0 0 0 0 0 0 0 0 0 0 0 0 0 0 0 0 0 0 0 0 0 0 0 0 0 0 0 0 0 data 15 0x8000000600040007 0x9f7c 0x30 0x15d1 0xc0002 0x15d1 0x0 0x0 0x0 0x0 0x0 0x0 0x9 0x1 0x0 oops 0 methods 0
ciMethodData com/android/tools/r8/graph/S0 a (Lcom/android/tools/r8/graph/S0;)Lcom/android/tools/r8/graph/V0; 2 5650 orig 80 0 0 0 0 0 0 0 0 0 0 0 0 186 1 0 0 0 0 0 0 0 0 0 0 0 0 0 0 0 0 0 0 0 0 0 0 0 0 0 0 0 0 0 0 0 0 0 0 0 0 0 0 0 0 0 0 0 0 0 0 0 0 0 0 0 0 0 0 0 0 0 0 0 0 0 0 0 0 0 0 data 53 0x10007 0x1612 0x20 0x0 0x70005 0x0 0x0 0x1ba11dd0a80 0x1612 0x0 0x0 0xa0007 0x1612 0x58 0x0 0xe0005 0x0 0x0 0x0 0x0 0x0 0x0 0x130005 0x1529 0x0 0x1ba11dd0a80 0xe9 0x0 0x0 0x1b000a 0x1612 0x1 0x1ba1050ac30 0x230002 0x1612 0x260004 0x0 0x0 0x1ba11bc1d80 0x1612 0x0 0x0 0x3a0002 0x1612 0x0 0x0 0x0 0x0 0x0 0x0 0x9 0x1 0x0 oops 4 7 com/android/tools/r8/graph/S0$a 25 com/android/tools/r8/graph/S0$a 32  @bci com/android/tools/r8/graph/S0 a (Lcom/android/tools/r8/graph/S0;)Lcom/android/tools/r8/graph/V0; 27 <appendix> argL0 ; 38 [Lcom/android/tools/r8/graph/K0; methods 0
ciMethodData com/android/tools/r8/graph/S0 v0 ()Z 2 5525 orig 80 0 0 0 0 0 0 0 0 0 0 0 0 0 0 0 0 0 0 0 0 0 0 0 0 0 0 0 0 0 0 0 0 0 0 0 0 0 0 0 0 0 0 0 0 0 0 0 0 0 0 0 0 0 0 0 0 0 0 0 0 0 0 0 0 0 0 0 0 0 0 0 0 0 0 0 0 0 0 0 0 data 23 0x10005 0x1593 0x0 0x1ba11dd0a80 0x2 0x0 0x0 0x50007 0x1595 0x38 0x0 0x90003 0x0 0x18 0x0 0x0 0x0 0x0 0x0 0x0 0x9 0x1 0x0 oops 1 3 com/android/tools/r8/graph/S0$a methods 0
ciMethodData com/android/tools/r8/graph/S0$a r0 ()I 2 63061 orig 80 0 0 0 0 0 0 0 0 0 0 0 0 186 1 0 0 0 0 0 0 0 0 0 0 0 0 0 0 0 0 0 0 0 0 0 0 0 0 0 0 0 0 0 0 0 0 0 0 0 0 0 0 0 0 0 0 0 0 0 0 0 0 0 0 0 0 0 0 0 0 0 0 0 0 0 0 0 0 0 0 data 4 0x0 0x9 0x1 0x0 oops 0 methods 0
ciMethod  @bci com/android/tools/r8/graph/z2 b (Lcom/android/tools/r8/dex/X;)V 105 <appendix> member <vmtarget> ; accept (Ljava/lang/Object;)V 514 0 40578 0 -1
ciMethod  @bci com/android/tools/r8/graph/j1 a (Lcom/android/tools/r8/dex/X;[Lcom/android/tools/r8/graph/j1;)V 2 <appendix> member <vmtarget> ; <init> (Lcom/android/tools/r8/dex/X;)V 652 0 64376 0 0
ciMethod  @bci com/android/tools/r8/graph/j1 a (Lcom/android/tools/r8/dex/X;[Lcom/android/tools/r8/graph/j1;)V 2 <appendix> member <vmtarget> ; accept (Ljava/lang/Object;)V 1024 0 17908 0 0
ciMethodData com/android/tools/r8/graph/j1 a (Lcom/android/tools/r8/dex/X;[Lcom/android/tools/r8/graph/j1;)V 2 64104 orig 80 1 0 0 0 0 0 0 0 0 0 0 0 0 0 0 0 0 0 0 0 0 0 0 0 0 0 0 0 0 0 0 0 0 0 0 0 0 0 0 0 0 0 0 0 0 0 0 0 0 0 0 0 0 0 0 0 0 0 0 0 0 0 0 0 0 0 0 0 0 0 0 0 0 0 0 0 0 0 0 0 data 41 0x2000a 0xfa8d 0x3 0x0 0x2 0x1ba165c7568 0x80007 0xfa9e 0x38 0x0 0xb0003 0x0 0xa8 0x150007 0xfa8c 0x90 0x45dc 0x1e0007 0x0 0x58 0x45d9 0x240005 0x0 0x0 0x1ba165c7568 0x45da 0x0 0x0 0x2c0003 0x45d9 0xffffffffffffff88 0x0 0x0 0x0 0x0 0x0 0x0 0x9 0x2 0x0 0x0 oops 2 5  @bci com/android/tools/r8/graph/j1 a (Lcom/android/tools/r8/dex/X;[Lcom/android/tools/r8/graph/j1;)V 2 <appendix> member <vmtarget> ; 24  @bci com/android/tools/r8/graph/j1 a (Lcom/android/tools/r8/dex/X;[Lcom/android/tools/r8/graph/j1;)V 2 <appendix> member <vmtarget> ; methods 0
ciMethodData  @bci com/android/tools/r8/graph/j1 a (Lcom/android/tools/r8/dex/X;[Lcom/android/tools/r8/graph/j1;)V 2 <appendix> member <vmtarget> ; <init> (Lcom/android/tools/r8/dex/X;)V 2 64050 orig 80 0 0 0 0 0 0 0 0 0 0 0 0 186 1 0 0 0 0 0 0 0 0 0 0 0 0 0 0 0 0 0 0 0 0 0 0 0 0 0 0 0 0 0 0 0 0 0 0 0 0 0 0 0 0 0 0 0 0 0 0 0 0 0 0 0 0 0 0 0 0 0 0 0 0 0 0 0 0 0 0 data 10 0x10002 0xfa59 0x0 0x0 0x0 0x0 0x9 0x2 0x6 0x0 oops 0 methods 0
ciMethodData com/android/tools/r8/graph/o0 hashCode ()I 2 35903 orig 80 0 0 0 0 0 0 0 0 0 0 0 0 0 0 0 0 0 0 0 0 0 0 0 0 0 0 0 0 0 0 0 0 0 0 0 0 0 0 0 0 0 0 0 0 0 0 0 0 0 0 0 0 0 0 0 0 0 0 0 0 0 0 0 0 0 0 0 0 0 0 0 0 0 0 0 0 0 0 0 0 data 23 0x50005 0x8c3f 0x0 0x0 0x0 0x0 0x0 0xc0005 0x26f3 0x0 0x1ba14e140c0 0x5fb0 0x1ba14e14170 0x59c 0x0 0x0 0x0 0x0 0x0 0x0 0x9 0x1 0x0 oops 2 10 com/android/tools/r8/graph/K2$a 12 com/android/tools/r8/graph/K2$k methods 0
ciMethodData com/android/tools/r8/graph/a1 hashCode ()I 2 24737 orig 80 0 0 0 0 0 0 0 0 0 0 0 0 0 0 0 0 0 0 0 0 0 0 0 0 0 0 0 0 0 0 0 0 0 0 0 0 0 0 0 0 0 0 0 0 0 0 0 0 0 0 0 0 0 0 0 0 0 0 0 0 0 0 0 0 0 0 0 0 0 0 0 0 0 0 0 0 0 0 0 0 data 18 0x40005 0x60a1 0x0 0x0 0x0 0x0 0x0 0xe0002 0x60a1 0x0 0x0 0x0 0x0 0x0 0x0 0x9 0x1 0x0 oops 0 methods 0
ciMethodData  @bci com/android/tools/r8/graph/z2 b (Lcom/android/tools/r8/dex/X;)V 105 <appendix> member <vmtarget> ; accept (Ljava/lang/Object;)V 2 40333 orig 80 1 0 0 0 0 0 0 0 0 0 0 0 0 0 0 0 0 0 0 0 0 0 0 0 0 0 0 0 0 0 0 0 0 0 0 0 0 0 0 0 0 0 0 0 0 0 0 0 0 0 0 0 0 0 0 0 0 0 0 0 0 0 0 0 0 0 0 0 0 0 0 0 0 0 0 0 0 0 0 0 data 19 0x50004 0x0 0x0 0x1ba13931c50 0x9d8e 0x0 0x0 0x80002 0x9d8f 0x0 0x0 0x0 0x0 0x0 0x0 0x9 0x2 0x0 0x0 oops 1 3 com/android/tools/r8/graph/f1 methods 0
ciMethodData com/android/tools/r8/graph/z2 a (Lcom/android/tools/r8/dex/X;Lcom/android/tools/r8/graph/f1;)V 2 40367 orig 80 0 0 0 0 0 0 0 0 0 0 0 0 186 1 0 0 0 0 0 0 0 0 0 0 0 0 0 0 0 0 0 0 0 0 0 0 0 0 0 0 0 0 0 0 0 0 0 0 0 0 0 0 0 0 0 0 0 0 0 0 0 0 0 0 0 0 0 0 0 0 0 0 0 0 0 0 0 0 0 0 data 24 0x20005 0x9daf 0x0 0x0 0x0 0x0 0x0 0x70005 0x0 0x0 0x1ba139362f0 0x6ecc 0x1ba139363a0 0x2ede 0x0 0x0 0x0 0x0 0x0 0x0 0x9 0x2 0x0 0x0 oops 2 10 com/android/tools/r8/dex/j 12 com/android/tools/r8/dex/K methods 0
ciMethodData com/android/tools/r8/dex/X b (Lcom/android/tools/r8/graph/f1;)V 2 28117 orig 80 1 0 0 0 0 0 0 0 0 0 0 0 186 1 0 0 0 0 0 0 0 0 0 0 0 0 0 0 0 0 0 0 0 0 0 0 0 0 0 0 0 0 0 0 0 0 0 0 0 0 0 0 0 0 0 0 0 0 0 0 0 0 0 0 0 0 0 0 0 0 0 0 0 0 0 0 0 0 0 0 data 71 0x10005 0x6dd5 0x0 0x0 0x0 0x0 0x0 0x60007 0x6a2 0xb0 0x6733 0xb0005 0x6538 0x0 0x1ba139362f0 0x1fb 0x0 0x0 0xe0007 0x0 0x58 0x6733 0x130005 0x0 0x0 0x1ba126fdef0 0x6733 0x0 0x0 0x1e0005 0x0 0x0 0x1ba13931c50 0x6dd5 0x0 0x0 0x240005 0x6dd5 0x0 0x0 0x0 0x0 0x0 0x280005 0x6bb6 0x0 0x1ba139362f0 0x21f 0x0 0x0 0x300002 0x6dd5 0x3b0002 0x6dd5 0x3f0005 0x6bb6 0x0 0x1ba139362f0 0x21f 0x0 0x0 0x0 0x0 0x0 0x0 0x0 0x0 0x9 0x2 0x0 0x0 oops 5 14 com/android/tools/r8/dex/j 25 com/android/tools/r8/graph/F0 32 com/android/tools/r8/graph/f1 46 com/android/tools/r8/dex/j 57 com/android/tools/r8/dex/j methods 0
ciMethodData com/android/tools/r8/graph/p0 a (Lcom/android/tools/r8/naming/p0;)V 2 41476 orig 80 0 0 0 0 0 0 0 0 0 0 0 0 0 0 0 0 0 0 0 0 0 0 0 0 0 0 0 0 0 0 0 0 0 0 0 0 0 0 0 0 0 0 0 0 0 0 0 0 0 0 0 0 0 0 0 0 0 0 0 0 0 0 0 0 0 0 0 0 0 0 0 0 0 0 0 0 0 0 0 0 data 67 0x60007 0x287f 0xe0 0x7985 0xc0007 0x7985 0xc0 0x0 0x100005 0x0 0x0 0x0 0x0 0x0 0x0 0x150007 0x0 0x20 0x0 0x1c0007 0x0 0x38 0x0 0x1f0003 0x0 0x28 0x260002 0x0 0x31000a 0x287f 0x3 0x0 0x1ba12eaf668 0x1ba12eaf718 0x360002 0x287f 0x440007 0x287f 0x70 0x3c1d 0x4d0005 0x3c1d 0x0 0x0 0x0 0x0 0x0 0x530003 0x3c1d 0xffffffffffffffa8 0x580005 0x287f 0x0 0x0 0x0 0x0 0x0 0x0 0x0 0x0 0x0 0x0 0x0 0x9 0x2 0xffffffffffffffff 0x0 oops 2 32 com/android/tools/r8/naming/N0 33  @bci com/android/tools/r8/graph/p0 a (Lcom/android/tools/r8/naming/p0;)V 49 <appendix> member <vmtarget> ; methods 0
ciMethodData com/android/tools/r8/dex/j a (Lcom/android/tools/r8/graph/p0;)Z 2 55541 orig 80 0 0 0 0 0 0 0 0 0 0 0 0 0 0 0 0 0 0 0 0 0 0 0 0 0 0 0 0 0 0 0 0 0 0 0 0 0 0 0 0 0 0 0 0 0 0 0 0 0 0 0 0 0 0 0 0 0 0 0 0 0 0 0 0 0 0 0 0 0 0 0 0 0 0 0 0 0 0 0 0 data 17 0x50005 0xd8f5 0x0 0x0 0x0 0x0 0x0 0x0 0x0 0x0 0x0 0x0 0x0 0x9 0x2 0x0 0xffffffffffffffff oops 0 methods 0
ciMethodData com/android/tools/r8/graph/U0 a (Lcom/android/tools/r8/dex/X;)V 2 35466 orig 80 0 0 0 0 0 0 0 0 0 0 0 0 0 0 0 0 0 0 0 0 0 0 0 0 0 0 0 0 0 0 0 0 0 0 0 0 0 0 0 0 0 0 0 0 0 0 0 0 0 0 0 0 0 0 0 0 0 0 0 0 0 0 0 0 0 0 0 0 0 0 0 0 0 0 0 0 0 0 0 0 data 32 0x30007 0x8a88 0x78 0x0 0x70002 0x0 0xa0007 0x0 0x38 0x0 0xd0003 0x0 0x28 0x140002 0x0 0x1a0005 0x609b 0x0 0x1ba139362f0 0x1c 0x1ba139363a0 0x29cd 0x0 0x0 0x0 0x0 0x0 0x0 0x9 0x2 0x0 0x0 oops 2 18 com/android/tools/r8/dex/j 20 com/android/tools/r8/dex/K methods 0
ciMethodData com/android/tools/r8/dex/j a (Lcom/android/tools/r8/graph/V0;)Z 2 24731 orig 80 0 0 0 0 0 0 0 0 0 0 0 0 186 1 0 0 0 0 0 0 0 0 0 0 0 0 0 0 0 0 0 0 0 0 0 0 0 0 0 0 0 0 0 0 0 0 0 0 0 0 0 0 0 0 0 0 0 0 0 0 0 0 0 0 0 0 0 0 0 0 0 0 0 0 0 0 0 0 0 0 data 5 0x0 0x9 0x2 0x0 0x0 oops 0 methods 0
ciMethodData com/android/tools/r8/graph/m0 hashCode ()I 2 15219 orig 80 0 0 0 0 0 0 0 0 0 0 0 0 0 0 0 0 0 0 0 0 0 0 0 0 0 0 0 0 0 0 0 0 0 0 0 0 0 0 0 0 0 0 0 0 0 0 0 0 0 0 0 0 0 0 0 0 0 0 0 0 0 0 0 0 0 0 0 0 0 0 0 0 0 0 0 0 0 0 0 0 data 16 0x90005 0x3b73 0x0 0x0 0x0 0x0 0x0 0x0 0x0 0x0 0x0 0x0 0x0 0x9 0x1 0x0 oops 0 methods 0
ciMethodData com/android/tools/r8/graph/f1 W0 ()Lcom/android/tools/r8/graph/X2; 2 24683 orig 80 0 0 0 0 0 0 0 0 0 0 0 0 0 0 0 0 0 0 0 0 0 0 0 0 0 0 0 0 0 0 0 0 0 0 0 0 0 0 0 0 0 0 0 0 0 0 0 0 0 0 0 0 0 0 0 0 0 0 0 0 0 0 0 0 0 0 0 0 0 0 0 0 0 0 0 0 0 0 0 0 data 54 0x10005 0x0 0x0 0x1ba13931c50 0x606c 0x0 0x0 0x80007 0x606c 0xc0 0x0 0xc0007 0x0 0xa0 0x0 0x100005 0x0 0x0 0x0 0x0 0x0 0x0 0x130007 0x0 0x38 0x0 0x160003 0x0 0x28 0x1d0002 0x0 0x220007 0x5ad3 0x38 0x599 0x260003 0x599 0x50 0x2a0005 0x0 0x0 0x1ba126fdef0 0x5ad3 0x0 0x0 0x0 0x0 0x0 0x0 0x0 0x0 0x9 0x1 0x0 oops 2 3 com/android/tools/r8/graph/f1 41 com/android/tools/r8/graph/F0 methods 0
ciMethodData com/android/tools/r8/graph/F0 a (Lcom/android/tools/r8/dex/X;)V 2 37139 orig 80 1 0 0 0 0 0 0 0 0 0 0 0 0 0 0 0 0 0 0 0 0 0 0 0 0 0 0 0 0 0 0 0 0 0 0 0 0 0 0 0 0 0 0 0 0 0 0 0 0 0 0 0 0 0 0 0 0 0 0 0 0 0 0 0 0 0 0 0 0 0 0 0 0 0 0 0 0 0 0 0 data 28 0x40007 0x730 0x90 0x89ec 0x80005 0x89ef 0x0 0x0 0x0 0x0 0x0 0xc0005 0x0 0x0 0x1ba11dd02c0 0x89f3 0x0 0x0 0x0 0x0 0x0 0x0 0x0 0x0 0x9 0x2 0x0 0x0 oops 1 14 com/android/tools/r8/graph/U0 methods 0
ciMethodData  @bci com/android/tools/r8/graph/j1 a (Lcom/android/tools/r8/dex/X;[Lcom/android/tools/r8/graph/j1;)V 2 <appendix> member <vmtarget> ; accept (Ljava/lang/Object;)V 2 17396 orig 80 0 0 0 0 0 0 0 0 0 0 0 0 0 0 0 0 0 0 0 0 0 0 0 0 0 0 0 0 0 0 0 0 0 0 0 0 0 0 0 0 0 0 0 0 0 0 0 0 0 0 0 0 0 0 0 0 0 0 0 0 0 0 0 0 0 0 0 0 0 0 0 0 0 0 0 0 0 0 0 0 data 19 0x50004 0x0 0x0 0x1ba13937b50 0x4321 0x1ba139377b8 0xd5 0x80002 0x43f5 0x0 0x0 0x0 0x0 0x0 0x0 0x9 0x2 0x0 0x0 oops 2 3 com/android/tools/r8/graph/m0 5 com/android/tools/r8/graph/p0 methods 0
ciMethodData com/android/tools/r8/graph/j1 a (Lcom/android/tools/r8/dex/X;Lcom/android/tools/r8/graph/j1;)V 2 17396 orig 80 0 0 0 0 0 0 0 0 0 0 0 0 0 0 0 0 0 0 0 0 0 0 0 0 0 0 0 0 0 0 0 0 0 0 0 0 0 0 0 0 0 0 0 0 0 0 0 0 0 0 0 0 0 0 0 0 0 0 0 0 0 0 0 0 0 0 0 0 0 0 0 0 0 0 0 0 0 0 0 0 data 17 0x20005 0x0 0x0 0x1ba13937b50 0x4321 0x1ba139377b8 0xd5 0x0 0x0 0x0 0x0 0x0 0x0 0x9 0x2 0x0 0x0 oops 2 3 com/android/tools/r8/graph/m0 5 com/android/tools/r8/graph/p0 methods 0
ciMethodData com/android/tools/r8/graph/m0 a (Lcom/android/tools/r8/dex/X;)V 2 8208 orig 80 0 0 0 0 0 0 0 0 0 0 0 0 0 0 0 0 0 0 0 0 0 0 0 0 0 0 0 0 0 0 0 0 0 0 0 0 0 0 0 0 0 0 0 0 0 0 0 0 0 0 0 0 0 0 0 0 0 0 0 0 0 0 0 0 0 0 0 0 0 0 0 0 0 0 0 0 0 0 0 0 data 17 0x20005 0x1d5a 0x0 0x1ba139362f0 0x275 0x1ba139363a0 0x42 0x0 0x0 0x0 0x0 0x0 0x0 0x9 0x2 0x0 0x0 oops 2 3 com/android/tools/r8/dex/j 5 com/android/tools/r8/dex/K methods 0
ciMethodData com/android/tools/r8/dex/j a (Lcom/android/tools/r8/graph/f1;)Z 2 25912 orig 80 0 0 0 0 0 0 0 0 0 0 0 0 186 1 0 0 0 0 0 0 0 0 0 0 0 0 0 0 0 0 0 0 0 0 0 0 0 0 0 0 0 0 0 0 0 0 0 0 0 0 0 0 0 0 0 0 0 0 0 0 0 0 0 0 0 0 0 0 0 0 0 0 0 0 0 0 0 0 0 0 data 5 0x0 0x9 0x2 0x0 0x0 oops 0 methods 0
ciMethodData com/android/tools/r8/dex/j a (Lcom/android/tools/r8/graph/s5;)Z 2 27574 orig 80 0 0 0 0 0 0 0 0 0 0 0 0 186 1 0 0 0 0 0 0 0 0 0 0 0 0 0 0 0 0 0 0 0 0 0 0 0 0 0 0 0 0 0 0 0 0 0 0 0 0 0 0 0 0 0 0 0 0 0 0 0 0 0 0 0 0 0 0 0 0 0 0 0 0 0 0 0 0 0 0 data 5 0x0 0x9 0x2 0x0 0x0 oops 0 methods 0
ciMethodData com/android/tools/r8/graph/p0 o0 ()I 2 9981 orig 80 0 0 0 0 0 0 0 0 0 0 0 0 0 0 0 0 0 0 0 0 0 0 0 0 0 0 0 0 0 0 0 0 0 0 0 0 0 0 0 0 0 0 0 0 0 0 0 0 0 0 0 0 0 0 0 0 0 0 0 0 0 0 0 0 0 0 0 0 0 0 0 0 0 0 0 0 0 0 0 0 data 11 0x40002 0x26fe 0x0 0x0 0x0 0x0 0x0 0x0 0x9 0x1 0x0 oops 0 methods 0
ciMethod com/android/tools/r8/internal/QR containsKey (Ljava/lang/Object;)Z 4288 7506 12809 0 0
ciMethod com/android/tools/r8/internal/QR g (I)V 0 0 28 0 0
ciMethod com/android/tools/r8/internal/QR a (ILjava/lang/Object;)I 888 0 69946 0 0
ciMethodData com/android/tools/r8/internal/QR a (ILjava/lang/Object;)I 2 69588 orig 80 2 0 0 0 0 0 0 0 0 0 0 0 0 0 0 0 0 0 0 0 0 0 0 0 0 0 0 0 0 0 0 0 0 0 0 0 0 0 0 2 0 0 0 0 0 0 0 0 0 0 0 0 0 0 0 0 0 0 0 0 0 0 0 0 0 0 0 0 0 0 0 0 0 0 0 0 0 0 0 0 data 93 0x10007 0x10fd2 0x70 0x0 0x80007 0x0 0x38 0x0 0x100003 0x0 0x1d8 0x1d0003 0x0 0xe8 0x270002 0x10fd3 0x2a0002 0x10fd4 0x390007 0xd375 0xb0 0x3c69 0x3f0007 0x3c69 0x38 0x0 0x450003 0x0 0x148 0x590007 0x3c64 0x58 0x67a0 0x5f0007 0x67a0 0xffffffffffffffe0 0x0 0x620003 0x0 0xffffffffffffffa8 0x6e0004 0x0 0x0 0x1ba15b7f008 0xddb7 0x1ba139330c8 0x7b4 0x80000006007c0007 0x10fcf 0x38 0x1 0x920003 0x1 0x18 0x8000000600da0007 0x10fb5 0x68 0x1c 0xe20002 0x1c 0xe70005 0x1c 0x0 0x0 0x0 0x0 0x0 0xed0007 0x0 0x20 0x10fd2 0x0 0x0 0x0 0x0 0x0 0x0 0x0 0x0 0x0 0x0 0x0 0x0 0x0 0x0 0x0 0x0 0x0 0x9 0x3 0x0 0x0 0x0 oops 2 43 com/android/tools/r8/graph/D2 45 com/android/tools/r8/graph/z2 methods 0
ciMethodData com/android/tools/r8/internal/QR g (I)V 2 28 orig 80 0 0 0 0 0 0 0 0 0 0 0 0 186 1 0 0 0 0 0 0 0 0 0 0 0 0 0 0 0 0 0 0 0 0 0 0 0 0 0 0 0 0 0 0 0 0 0 0 0 0 0 0 0 0 0 0 0 0 0 0 0 0 0 0 0 0 0 0 0 0 0 0 0 0 0 0 0 0 0 0 data 63 0x510007 0x1c 0x138 0x3bb8 0x5b0007 0x3bb9 0x38 0x0 0x610003 0x0 0x70 0x660002 0x3bba 0x690002 0x3bad 0x760007 0x3bb1 0x38 0x11fa 0x820003 0x11f9 0xffffffffffffffe0 0x930004 0x0 0x0 0x1ba13931c50 0x2fe0 0x1ba139330c8 0xbdc 0x9c0007 0x1c 0x38 0x3b92 0xd20003 0x3b99 0x18 0xf70003 0x3bb6 0xfffffffffffffee0 0x1090007 0x0 0x20 0x1c 0x12f0002 0x1c 0x0 0x0 0x0 0x0 0x0 0x0 0x0 0x0 0x0 0x0 0x0 0x0 0x0 0x0 0x9 0x2 0x0 0x0 oops 2 25 com/android/tools/r8/graph/f1 27 com/android/tools/r8/graph/z2 methods 0
ciMethod com/android/tools/r8/internal/dJ containsKey (Ljava/lang/Object;)Z 870 678 29384 0 0
ciMethod com/android/tools/r8/internal/dJ f (I)V 20 1352 47 0 0
ciMethod com/android/tools/r8/internal/dJ a (ILjava/lang/Object;)I 4494 7536 18545 0 0
ciMethodData com/android/tools/r8/graph/m0 equals (Ljava/lang/Object;)Z 2 52556 orig 80 0 0 0 0 0 0 0 0 0 0 0 0 0 0 0 0 0 0 0 0 0 0 0 0 0 0 0 0 0 0 0 0 0 0 0 0 0 0 0 0 0 0 0 0 0 0 0 0 0 0 0 0 0 0 0 0 0 0 0 0 0 0 0 0 0 0 0 0 0 0 0 0 0 0 0 0 0 0 0 0 data 50 0x20007 0xcd56 0x20 0x0 0x80004 0x0 0x0 0x1ba13937b50 0xcd65 0x0 0x0 0xb0007 0x0 0xe8 0xcd67 0x100004 0x0 0x0 0x1ba13937b50 0xcd6e 0x0 0x0 0x1b0007 0x1c4d 0x90 0xb13e 0x260005 0xb154 0x0 0x0 0x0 0x0 0x0 0x290007 0x8969 0x38 0x280f 0x2d0003 0x2810 0x18 0x0 0x0 0x0 0x0 0x0 0x0 0x9 0x2 0x0 0x0 oops 2 7 com/android/tools/r8/graph/m0 18 com/android/tools/r8/graph/m0 methods 0
ciMethodData com/android/tools/r8/graph/a1 equals (Ljava/lang/Object;)Z 2 45445 orig 80 0 0 0 0 0 0 0 0 0 0 0 0 186 1 0 0 0 0 0 0 0 0 0 0 0 0 0 0 0 0 0 0 0 0 0 0 0 0 0 0 0 0 0 0 0 0 0 0 0 0 0 0 0 0 0 0 0 0 0 0 0 0 0 0 0 0 0 0 0 0 0 0 0 0 0 0 0 0 0 0 data 52 0x20007 0xb19d 0x20 0x0 0x80004 0x0 0x0 0x1ba11bce250 0xb19d 0x0 0x0 0xb0007 0x0 0xf8 0xb1a3 0xf0004 0x0 0x0 0x1ba11bce250 0xb1a3 0x0 0x0 0x1b0005 0xb1a5 0x0 0x0 0x0 0x0 0x0 0x1e0007 0x5bde 0x68 0x5608 0x290002 0x5607 0x2c0007 0x2de6 0x38 0x283b 0x300003 0x283b 0x18 0x0 0x0 0x0 0x0 0x0 0x0 0x9 0x2 0x0 0x0 oops 2 7 com/android/tools/r8/graph/a1 18 com/android/tools/r8/graph/a1 methods 0
ciMethodData com/android/tools/r8/internal/dJ containsKey (Ljava/lang/Object;)Z 2 28951 orig 80 0 0 0 0 0 0 0 0 0 0 0 0 0 0 0 0 0 0 0 0 0 0 0 0 0 0 0 0 0 0 0 0 0 0 0 0 0 0 0 0 0 0 0 0 0 0 0 0 0 0 0 0 0 0 0 0 0 0 0 0 0 0 0 0 0 0 0 0 0 0 0 0 0 0 0 0 0 0 0 0 data 53 0x10007 0x712a 0x20 0x0 0x100005 0x2bb8 0x0 0x1ba139377b8 0x1aff 0x1ba13937b50 0x2ae1 0x130002 0x715d 0x210007 0x50f7 0x20 0x2082 0x290005 0x1af2 0x0 0x1ba139377b8 0x13a3 0x1ba13937b50 0x2293 0x2c0007 0x335b 0x20 0x1dbe 0x400007 0xac34 0x20 0x26f5 0x480005 0x2afa 0x0 0x1ba13937b50 0x3df6 0x1ba11dd02c0 0x43c3 0x4b0007 0x9fe4 0xffffffffffffffa8 0xc6c 0x0 0x0 0x0 0x0 0x0 0x0 0x9 0x2 0x0 0xffffffffffffffff oops 6 7 com/android/tools/r8/graph/p0 9 com/android/tools/r8/graph/m0 20 com/android/tools/r8/graph/p0 22 com/android/tools/r8/graph/m0 35 com/android/tools/r8/graph/m0 37 com/android/tools/r8/graph/U0 methods 0
ciMethodData com/android/tools/r8/graph/o0 equals (Ljava/lang/Object;)Z 2 25803 orig 80 0 0 0 0 0 0 0 0 0 0 0 0 0 0 0 0 0 0 0 0 0 0 0 0 0 0 0 0 0 0 0 0 0 0 0 0 0 0 0 0 0 0 0 0 0 0 0 0 0 0 0 0 0 0 0 0 0 0 0 0 0 0 0 0 0 0 0 0 0 0 0 0 0 0 0 0 0 0 0 0 data 57 0x20007 0x64d6 0x20 0x0 0x80004 0x0 0x0 0x1ba11bcf268 0x64d7 0x0 0x0 0xb0007 0x0 0x120 0x64da 0x100004 0x0 0x0 0x1ba11bcf268 0x64dc 0x0 0x0 0x1b0005 0x64de 0x0 0x0 0x0 0x0 0x0 0x1e0007 0x7 0x90 0x64d5 0x290005 0xaef 0x0 0x1ba14e140c0 0x52bf 0x1ba14e14170 0x742 0x2c0007 0x2d2e 0x38 0x37c3 0x300003 0x37c4 0x18 0x0 0x0 0x0 0x0 0x0 0x0 0x9 0x2 0x0 0x0 oops 4 7 com/android/tools/r8/graph/o0 18 com/android/tools/r8/graph/o0 36 com/android/tools/r8/graph/K2$a 38 com/android/tools/r8/graph/K2$k methods 0
ciMethodData com/android/tools/r8/dex/K a (Lcom/android/tools/r8/internal/dJ;Ljava/lang/Object;)Z 2 24993 orig 80 0 0 0 0 0 0 0 0 0 0 0 0 0 0 0 0 0 0 0 0 0 0 0 0 0 0 0 0 0 0 0 0 0 0 0 0 0 0 0 0 0 0 0 0 0 0 0 0 0 0 0 0 0 0 0 0 0 0 0 0 0 0 0 0 0 0 0 0 0 0 0 0 0 0 0 0 0 0 0 0 data 28 0x20005 0x619b 0x0 0x0 0x0 0x0 0x0 0x50007 0x248b 0x58 0x3d65 0xb0005 0x3d6b 0x0 0x0 0x0 0x0 0x0 0x0 0x0 0x0 0x0 0x0 0x0 0x9 0x2 0xffffffffffffffff 0xffffffffffffffff oops 0 methods 0
ciMethodData com/android/tools/r8/graph/S0 c (Ljava/lang/Object;)Z 2 44943 orig 80 0 0 0 0 0 0 0 0 0 0 0 0 0 0 0 0 0 0 0 0 0 0 0 0 0 0 0 0 0 0 0 0 0 0 0 0 0 0 0 0 0 0 0 0 0 0 0 0 0 0 0 0 0 0 0 0 0 0 0 0 0 0 0 0 0 0 0 0 0 0 0 0 0 0 0 0 0 0 0 0 data 12 0x20002 0xaf99 0x0 0x0 0x0 0x0 0x0 0x0 0x9 0x2 0x0 0x0 oops 0 methods 0
ciMethodData com/android/tools/r8/graph/S0$a R ()Lcom/android/tools/r8/utils/structural/x; 2 45233 orig 80 0 0 0 0 0 0 0 0 0 0 0 0 0 0 0 0 0 0 0 0 0 0 0 0 0 0 0 0 0 0 0 0 0 0 0 0 0 0 0 0 0 0 0 0 0 0 0 0 0 0 0 0 0 0 0 0 0 0 0 0 0 0 0 0 0 0 0 0 0 0 0 0 0 0 0 0 0 0 0 0 data 5 0x0 0x0 0x9 0x1 0x0 oops 0 methods 0
ciMethodData com/android/tools/r8/graph/S0$a a (Lcom/android/tools/r8/graph/S0;Lcom/android/tools/r8/utils/structural/a;)I 2 64287 orig 80 0 0 0 0 0 0 0 0 0 0 0 0 0 0 0 0 0 0 0 0 0 0 0 0 0 0 0 0 0 0 0 0 0 0 0 0 0 0 0 0 0 0 0 0 0 0 0 0 0 0 0 0 0 0 0 0 0 0 0 0 0 0 0 0 0 0 0 0 0 0 0 0 0 0 0 0 0 0 0 0 data 49 0x30007 0xfb1b 0xa0 0x0 0x70005 0x0 0x0 0x0 0x0 0x0 0x0 0xa0007 0x0 0x38 0x0 0xd0003 0x0 0x28 0x140002 0x0 0x1b0005 0xfa50 0x0 0x1ba11dd02c0 0xca 0x0 0x0 0x1e000a 0xfb17 0x1 0x1ba1050cb20 0x250005 0x0 0x0 0x1ba14486c38 0xfb18 0x0 0x0 0x0 0x0 0x0 0x0 0x0 0x0 0x9 0x3 0x0 0x0 0x0 oops 3 23 com/android/tools/r8/graph/U0 30  @bci com/android/tools/r8/graph/S0$a a (Lcom/android/tools/r8/graph/S0;Lcom/android/tools/r8/utils/structural/a;)I 30 <appendix> argL0 ; 34 com/android/tools/r8/utils/structural/f methods 0
ciMethodData com/android/tools/r8/graph/S0$a a (Lcom/android/tools/r8/utils/structural/x;Lcom/android/tools/r8/utils/structural/a;)I 2 62185 orig 80 0 0 0 0 0 0 0 0 0 0 0 0 0 0 0 0 0 0 0 0 0 0 0 0 0 0 0 0 0 0 0 0 0 0 0 0 0 0 0 0 0 0 0 0 0 0 0 0 0 0 0 0 0 0 0 0 0 0 0 0 0 0 0 0 0 0 0 0 0 0 0 0 0 0 0 0 0 0 0 0 data 50 0x20004 0x0 0x0 0x1ba11dd02c0 0xf300 0x0 0x0 0x70002 0xf305 0xb0005 0xe0e1 0x0 0x1ba11dd02c0 0x1238 0x0 0x0 0xe0002 0xf330 0x110005 0xe090 0x0 0x1ba14486c38 0x1239 0x0 0x0 0x160007 0xf2d4 0x38 0x0 0x190003 0x0 0x50 0x1f0005 0xf2d2 0x0 0x0 0x0 0x0 0x0 0x0 0x0 0x0 0x0 0x0 0x0 0x9 0x3 0x0 0x0 0x0 oops 3 3 com/android/tools/r8/graph/U0 12 com/android/tools/r8/graph/U0 21 com/android/tools/r8/utils/structural/f methods 0
ciMethodData com/android/tools/r8/internal/dJ a (ILjava/lang/Object;)I 2 16904 orig 80 0 0 0 0 0 0 0 0 0 0 0 0 186 1 0 0 0 0 0 0 0 0 0 0 0 0 0 0 0 0 0 0 0 0 0 0 0 0 0 0 0 0 0 0 0 0 0 0 0 0 0 0 0 0 0 0 0 0 0 0 0 0 0 0 0 0 0 0 0 0 0 0 0 0 0 0 0 0 0 0 data 112 0x10007 0x41fd 0x70 0x0 0x80007 0x0 0x38 0x0 0x100003 0x0 0x270 0x1d0003 0x0 0x180 0x270005 0xf59 0x0 0x1ba13937b50 0x105a 0x1ba11dd02c0 0x2265 0x2a0002 0x4202 0x390007 0x1e00 0x120 0x2420 0x3f0005 0x12d5 0x0 0x1ba13937b50 0x8fc 0x1ba139377b8 0x852 0x420007 0x241d 0x38 0x0 0x480003 0x0 0x180 0x5c0007 0x241c 0x90 0x7802 0x620005 0x1b75 0x0 0x1ba13937b50 0x20a5 0x1ba11dd02c0 0x3c2e 0x650007 0x77fe 0xffffffffffffffa8 0x0 0x680003 0x0 0xffffffffffffff70 0x740004 0x0 0x0 0x1ba13937b50 0x1060 0x1ba11dd02c0 0x226a 0x820007 0x41f4 0x38 0x0 0x980003 0x0 0x18 0xe00007 0x41df 0x68 0x16 0xe80002 0x16 0xed0005 0x16 0x0 0x0 0x0 0x0 0x0 0xf30007 0x0 0x20 0x41f2 0x0 0x0 0x0 0x0 0x0 0x0 0x0 0x0 0x0 0x0 0x0 0x0 0x0 0x0 0x0 0x0 0x0 0x9 0x3 0x0 0x0 0x0 oops 8 17 com/android/tools/r8/graph/m0 19 com/android/tools/r8/graph/U0 30 com/android/tools/r8/graph/m0 32 com/android/tools/r8/graph/p0 48 com/android/tools/r8/graph/m0 50 com/android/tools/r8/graph/U0 62 com/android/tools/r8/graph/m0 64 com/android/tools/r8/graph/U0 methods 0
ciMethodData com/android/tools/r8/graph/p0 c (Ljava/lang/Object;)Z 2 26899 orig 80 0 0 0 0 0 0 0 0 0 0 0 0 0 0 0 0 0 0 0 0 0 0 0 0 0 0 0 0 0 0 0 0 0 0 0 0 0 0 0 0 0 0 0 0 0 0 0 0 0 0 0 0 0 0 0 0 0 0 0 0 0 0 0 0 0 0 0 0 0 0 0 0 0 0 0 0 0 0 0 0 data 30 0x10004 0x0 0x0 0x1ba139377b8 0x6919 0x0 0x0 0x40007 0x0 0x68 0x6919 0x90004 0x0 0x0 0x1ba139377b8 0x691b 0x0 0x0 0x140002 0x691d 0x0 0x0 0x0 0x0 0x0 0x0 0x9 0x2 0x0 0x0 oops 2 3 com/android/tools/r8/graph/p0 14 com/android/tools/r8/graph/p0 methods 0
ciMethodData com/android/tools/r8/internal/dJ f (I)V 2 37 orig 80 0 0 0 0 0 0 0 0 0 0 0 0 186 1 0 0 0 0 0 0 0 0 0 0 0 0 0 0 0 0 0 0 0 0 0 0 0 0 0 0 0 0 0 0 0 0 0 0 0 0 0 0 0 0 0 0 0 0 0 0 0 0 0 0 0 0 0 0 0 0 0 0 0 0 0 0 0 0 0 0 data 68 0x510007 0x25 0x160 0x5dd1 0x5b0007 0x5db2 0x38 0x0 0x610003 0x0 0x98 0x660005 0x1796 0x0 0x1ba13937b50 0x1733 0x1ba11dd02c0 0x2f1c 0x690002 0x5db3 0x760007 0x5daa 0x38 0x1c20 0x820003 0x1c20 0xffffffffffffffe0 0x930004 0x0 0x0 0x1ba13937b50 0x1733 0x1ba11dd02c0 0x2f1c 0x9c0007 0x25 0x38 0x5d88 0xd20003 0x5d67 0x18 0xf70003 0x5dcd 0xfffffffffffffeb8 0x1090007 0x0 0x20 0x25 0x12f0002 0x25 0x0 0x0 0x0 0x0 0x0 0x0 0x0 0x0 0x0 0x0 0x0 0x0 0x0 0x0 0x9 0x2 0x0 0x0 oops 4 14 com/android/tools/r8/graph/m0 16 com/android/tools/r8/graph/U0 30 com/android/tools/r8/graph/m0 32 com/android/tools/r8/graph/U0 methods 0
ciMethodData com/android/tools/r8/dex/K a (Lcom/android/tools/r8/graph/p0;)Z 2 31182 orig 80 0 0 0 0 0 0 0 0 0 0 0 0 0 0 0 0 0 0 0 0 0 0 0 0 0 0 0 0 0 0 0 0 0 0 0 0 0 0 0 0 0 0 0 0 0 0 0 0 0 0 0 0 0 0 0 0 0 0 0 0 0 0 0 0 0 0 0 0 0 0 0 0 0 0 0 0 0 0 0 0 data 41 0x50005 0x79de 0x0 0x0 0x0 0x0 0x0 0xc0005 0x79e3 0x0 0x0 0x0 0x0 0x0 0xf0007 0x0 0x78 0x79db 0x130005 0x0 0x0 0x1ba139377b8 0x79e0 0x0 0x0 0x160007 0x19a3 0x20 0x605d 0x200002 0x19a3 0x0 0x0 0x0 0x0 0x0 0x0 0x9 0x2 0x0 0x0 oops 1 21 com/android/tools/r8/graph/p0 methods 0
ciMethodData com/android/tools/r8/internal/QR containsKey (Ljava/lang/Object;)Z 2 10675 orig 80 0 0 0 0 0 0 0 0 0 0 0 0 0 0 0 0 0 0 0 0 0 0 0 0 0 0 0 0 0 0 0 0 0 0 0 0 0 0 0 0 0 0 0 0 0 0 0 0 0 0 0 0 0 0 0 0 0 0 0 0 0 0 0 0 0 0 0 0 0 0 0 0 0 0 0 0 0 0 0 0 data 34 0x10007 0x29b4 0x20 0x0 0x100002 0x29b4 0x130002 0x29b6 0x210007 0x16ad 0x20 0x130e 0x290007 0x16ad 0x20 0x0 0x3d0007 0x48ff 0x20 0x16ad 0x450007 0x4900 0xffffffffffffffe0 0x0 0x0 0x0 0x0 0x0 0x0 0x0 0x9 0x2 0x0 0x0 oops 0 methods 0
ciMethodData com/android/tools/r8/dex/K b (Lcom/android/tools/r8/graph/f1;)V 2 9791 orig 80 0 0 0 0 0 0 0 0 0 0 0 0 0 0 0 0 0 0 0 0 0 0 0 0 0 0 0 0 0 0 0 0 0 0 0 0 0 0 0 0 0 0 0 0 0 0 0 0 0 0 0 0 0 0 0 0 0 0 0 0 0 0 0 0 0 0 0 0 0 0 0 0 0 0 0 0 0 0 0 0 data 71 0x10005 0x2640 0x0 0x0 0x0 0x0 0x0 0x60007 0x371 0xb0 0x22d9 0xb0005 0x22da 0x0 0x0 0x0 0x0 0x0 0xe0007 0x0 0x58 0x22d3 0x130005 0x0 0x0 0x1ba126fdef0 0x22d4 0x0 0x0 0x1e0005 0x0 0x0 0x1ba13931c50 0x2643 0x0 0x0 0x240005 0x2646 0x0 0x0 0x0 0x0 0x0 0x280005 0x2646 0x0 0x0 0x0 0x0 0x0 0x300002 0x2639 0x3b0002 0x263d 0x3f0005 0x263f 0x0 0x0 0x0 0x0 0x0 0x0 0x0 0x0 0x0 0x0 0x0 0x9 0x2 0x0 0x0 oops 2 25 com/android/tools/r8/graph/F0 32 com/android/tools/r8/graph/f1 methods 0
ciMethodData com/android/tools/r8/dex/K a (Lcom/android/tools/r8/graph/s5;)Z 2 11642 orig 80 0 0 0 0 0 0 0 0 0 0 0 0 0 0 0 0 0 0 0 0 0 0 0 0 0 0 0 0 0 0 0 0 0 0 0 0 0 0 0 0 0 0 0 0 0 0 0 0 0 0 0 0 0 0 0 0 0 0 0 0 0 0 0 0 0 0 0 0 0 0 0 0 0 0 0 0 0 0 0 0 data 23 0x10005 0x0 0x0 0x1ba13938068 0x2d7d 0x0 0x0 0x40007 0x42 0x20 0x2d3e 0xe0002 0x42 0x0 0x0 0x0 0x0 0x0 0x0 0x9 0x2 0x0 0x0 oops 1 3 com/android/tools/r8/graph/s5 methods 0
ciMethodData com/android/tools/r8/dex/K a (Lcom/android/tools/r8/graph/f1;)Z 2 8840 orig 80 0 0 0 0 0 0 0 0 0 0 0 0 0 0 0 0 0 0 0 0 0 0 0 0 0 0 0 0 0 0 0 0 0 0 0 0 0 0 0 0 0 0 0 0 0 0 0 0 0 0 0 0 0 0 0 0 0 0 0 0 0 0 0 0 0 0 0 0 0 0 0 0 0 0 0 0 0 0 0 0 data 31 0x70005 0x2289 0x0 0x0 0x0 0x0 0x0 0xa0007 0x0 0x70 0x2285 0x100005 0x2285 0x0 0x0 0x0 0x0 0x0 0x150003 0x2282 0x18 0x0 0x0 0x0 0x0 0x0 0x0 0x9 0x2 0x0 0x0 oops 0 methods 0
ciMethodData com/android/tools/r8/dex/K a (Lcom/android/tools/r8/graph/V0;)Z 2 8645 orig 80 0 0 0 0 0 0 0 0 0 0 0 0 0 0 0 0 0 0 0 0 0 0 0 0 0 0 0 0 0 0 0 0 0 0 0 0 0 0 0 0 0 0 0 0 0 0 0 0 0 0 0 0 0 0 0 0 0 0 0 0 0 0 0 0 0 0 0 0 0 0 0 0 0 0 0 0 0 0 0 0 data 12 0x50002 0x21c6 0x0 0x0 0x0 0x0 0x0 0x0 0x9 0x2 0x0 0x0 oops 0 methods 0
compile  @bci com/android/tools/r8/graph/z2 b (Lcom/android/tools/r8/dex/X;)V 105 <appendix> member <vmtarget> ; accept (Ljava/lang/Object;)V -1 4 inline 184 0 -1 0  @bci com/android/tools/r8/graph/z2 b (Lcom/android/tools/r8/dex/X;)V 105 <appendix> member <vmtarget> ; accept (Ljava/lang/Object;)V 1 8 0 com/android/tools/r8/graph/z2 a (Lcom/android/tools/r8/dex/X;Lcom/android/tools/r8/graph/f1;)V 2 7 0 com/android/tools/r8/dex/X b (Lcom/android/tools/r8/graph/f1;)V 3 1 0 com/android/tools/r8/graph/f1 W0 ()Lcom/android/tools/r8/graph/X2; 4 1 0 com/android/tools/r8/graph/f1 V0 ()Lcom/android/tools/r8/graph/f0; 5 2 0 com/android/tools/r8/graph/f1 P0 ()V 4 42 0 com/android/tools/r8/graph/F0 q0 ()Lcom/android/tools/r8/graph/X2; 3 11 0 com/android/tools/r8/dex/j a (Lcom/android/tools/r8/graph/f1;)Z 3 19 0 com/android/tools/r8/graph/F0 a (Lcom/android/tools/r8/dex/X;)V 4 8 0 com/android/tools/r8/graph/F0 C ()Lcom/android/tools/r8/graph/V0; 4 12 0 com/android/tools/r8/graph/U0 a (Lcom/android/tools/r8/dex/X;)V 5 26 0 com/android/tools/r8/dex/j a (Lcom/android/tools/r8/graph/V0;)Z 3 30 0 com/android/tools/r8/graph/X0 o0 ()Lcom/android/tools/r8/graph/p0; 3 40 0 com/android/tools/r8/dex/j a (Lcom/android/tools/r8/graph/p0;)Z 3 48 0 com/android/tools/r8/graph/j1 a (Lcom/android/tools/r8/dex/X;[Lcom/android/tools/r8/graph/j1;)V 4 2 0 java/lang/invoke/Invokers$Holder linkToTargetMethod (Ljava/lang/Object;Ljava/lang/Object;)Ljava/lang/Object; 5 5 0 java/lang/invoke/DirectMethodHandle$Holder newInvokeSpecial (Ljava/lang/Object;Ljava/lang/Object;)Ljava/lang/Object; 6 1 0 java/lang/invoke/DirectMethodHandle allocateInstance (Ljava/lang/Object;)Ljava/lang/Object; 6 6 0 java/lang/invoke/DirectMethodHandle constructorMethod (Ljava/lang/Object;)Ljava/lang/Object; 6 16 0  @bci com/android/tools/r8/graph/j1 a (Lcom/android/tools/r8/dex/X;[Lcom/android/tools/r8/graph/j1;)V 2 <appendix> member <vmtarget> ; <init> (Lcom/android/tools/r8/dex/X;)V 7 1 0 java/lang/Object <init> ()V 4 36 0  @bci com/android/tools/r8/graph/j1 a (Lcom/android/tools/r8/dex/X;[Lcom/android/tools/r8/graph/j1;)V 2 <appendix> member <vmtarget> ; accept (Ljava/lang/Object;)V 5 8 0 com/android/tools/r8/graph/j1 a (Lcom/android/tools/r8/dex/X;Lcom/android/tools/r8/graph/j1;)V 6 2 0 com/android/tools/r8/graph/m0 a (Lcom/android/tools/r8/dex/X;)V 3 59 0 com/android/tools/r8/graph/j1 a (Lcom/android/tools/r8/dex/X;[Lcom/android/tools/r8/graph/j1;)V 4 2 0 java/lang/invoke/Invokers$Holder linkToTargetMethod (Ljava/lang/Object;Ljava/lang/Object;)Ljava/lang/Object; 5 5 0 java/lang/invoke/DirectMethodHandle$Holder newInvokeSpecial (Ljava/lang/Object;Ljava/lang/Object;)Ljava/lang/Object; 6 1 0 java/lang/invoke/DirectMethodHandle allocateInstance (Ljava/lang/Object;)Ljava/lang/Object; 6 6 0 java/lang/invoke/DirectMethodHandle constructorMethod (Ljava/lang/Object;)Ljava/lang/Object; 6 16 0  @bci com/android/tools/r8/graph/j1 a (Lcom/android/tools/r8/dex/X;[Lcom/android/tools/r8/graph/j1;)V 2 <appendix> member <vmtarget> ; <init> (Lcom/android/tools/r8/dex/X;)V 7 1 0 java/lang/Object <init> ()V 4 36 0  @bci com/android/tools/r8/graph/j1 a (Lcom/android/tools/r8/dex/X;[Lcom/android/tools/r8/graph/j1;)V 2 <appendix> member <vmtarget> ; accept (Ljava/lang/Object;)V 5 8 0 com/android/tools/r8/graph/j1 a (Lcom/android/tools/r8/dex/X;Lcom/android/tools/r8/graph/j1;)V 6 2 0 com/android/tools/r8/graph/p0 a (Lcom/android/tools/r8/dex/X;)V 3 63 0 com/android/tools/r8/dex/j a (Lcom/android/tools/r8/graph/s5;)Z 2 7 0 com/android/tools/r8/dex/K b (Lcom/android/tools/r8/graph/f1;)V 3 1 0 com/android/tools/r8/graph/f1 W0 ()Lcom/android/tools/r8/graph/X2; 4 1 0 com/android/tools/r8/graph/f1 V0 ()Lcom/android/tools/r8/graph/f0; 5 2 0 com/android/tools/r8/graph/f1 P0 ()V 4 42 0 com/android/tools/r8/graph/F0 q0 ()Lcom/android/tools/r8/graph/X2; 3 11 0 com/android/tools/r8/dex/K a (Lcom/android/tools/r8/graph/f1;)Z 4 7 0 com/android/tools/r8/internal/QR containsKey (Ljava/lang/Object;)Z 5 19 0 com/android/tools/r8/internal/cl a (I)I 4 16 0 com/android/tools/r8/internal/QR a (ILjava/lang/Object;)I 5 42 0 com/android/tools/r8/internal/cl a (I)I 3 19 0 com/android/tools/r8/graph/F0 a (Lcom/android/tools/r8/dex/X;)V 4 8 0 com/android/tools/r8/graph/F0 C ()Lcom/android/tools/r8/graph/V0; 4 12 0 com/android/tools/r8/graph/U0 a (Lcom/android/tools/r8/dex/X;)V 5 26 0 com/android/tools/r8/dex/K a (Lcom/android/tools/r8/graph/V0;)Z 6 5 0 com/android/tools/r8/dex/K a (Lcom/android/tools/r8/internal/dJ;Ljava/lang/Object;)Z 7 2 0 com/android/tools/r8/internal/dJ containsKey (Ljava/lang/Object;)Z 8 16 0 com/android/tools/r8/graph/C hashCode ()I 9 11 0 com/android/tools/r8/graph/S0$a o0 ()I 10 10 0 java/util/Arrays hashCode ([Ljava/lang/Object;)I 11 43 0 com/android/tools/r8/graph/C hashCode ()I 12 11 0 com/android/tools/r8/graph/D2 o0 ()I 13 12 0 java/util/Arrays hashCode ([B)I 10 22 0 java/util/Arrays hashCode ([Ljava/lang/Object;)I 8 19 0 com/android/tools/r8/internal/cl a (I)I 8 41 0 com/android/tools/r8/graph/C equals (Ljava/lang/Object;)Z 9 7 0 com/android/tools/r8/graph/S0 c (Ljava/lang/Object;)Z 10 2 0 com/android/tools/r8/utils/structural/k a (Lcom/android/tools/r8/utils/structural/k;Ljava/lang/Object;)Z 11 51 0 com/android/tools/r8/utils/structural/s isEqualTo (Ljava/lang/Object;)Z 12 5 0 com/android/tools/r8/utils/structural/s c (Lcom/android/tools/r8/utils/structural/s;)Z 13 28 0 com/android/tools/r8/utils/structural/x compareTo (Lcom/android/tools/r8/utils/structural/s;)I 14 5 0 com/android/tools/r8/utils/structural/x a (Lcom/android/tools/r8/utils/structural/x;)I 15 1 0 com/android/tools/r8/graph/S0$a R ()Lcom/android/tools/r8/utils/structural/x; 15 7 0 java/lang/invoke/Invokers$Holder linkToTargetMethod (Ljava/lang/Object;)Ljava/lang/Object; 16 4 0  @bci com/android/tools/r8/graph/q5 <init> (Lcom/android/tools/r8/graph/w;Lcom/android/tools/r8/graph/q5;Lcom/android/tools/r8/internal/DB;Ljava/util/Collection;Ljava/util/Collection;Ljava/util/Collection;Ljava/util/Collection;Ljava/util/Collection;Ljava/util/Collection;Ljava/util/Collection;Ljava/util/Collection;ILcom/android/tools/r8/utils/A3;)V 248 <appendix> form vmentry <vmtarget> ; invoke (Ljava/lang/Object;)Ljava/lang/Object; 15 12 0 com/android/tools/r8/utils/structural/h a (Lcom/android/tools/r8/utils/structural/x;Ljava/lang/Object;Lcom/android/tools/r8/utils/structural/v;)I 16 1 0 java/lang/invoke/Invokers$Holder linkToTargetMethod (Ljava/lang/Object;)Ljava/lang/Object; 17 4 0  @bci com/android/tools/r8/graph/q5 <init> (Lcom/android/tools/r8/graph/w;Lcom/android/tools/r8/graph/q5;Lcom/android/tools/r8/internal/DB;Ljava/util/Collection;Ljava/util/Collection;Ljava/util/Collection;Ljava/util/Collection;Ljava/util/Collection;Ljava/util/Collection;Ljava/util/Collection;Ljava/util/Collection;ILcom/android/tools/r8/utils/A3;)V 248 <appendix> form vmentry <vmtarget> ; invoke (Ljava/lang/Object;)Ljava/lang/Object; 16 22 0 com/android/tools/r8/utils/structural/f <init> (Lcom/android/tools/r8/utils/structural/t;)V 16 28 0  @bci com/android/tools/r8/utils/structural/x a (Lcom/android/tools/r8/utils/structural/x;)I 7 <appendix> argL0 ; a (Ljava/lang/Object;Ljava/lang/Object;Lcom/android/tools/r8/utils/structural/a;)I 8 72 0 com/android/tools/r8/graph/C equals (Ljava/lang/Object;)Z 9 7 0 com/android/tools/r8/graph/S0 c (Ljava/lang/Object;)Z 10 2 0 com/android/tools/r8/utils/structural/k a (Lcom/android/tools/r8/utils/structural/k;Ljava/lang/Object;)Z 11 51 0 com/android/tools/r8/utils/structural/s isEqualTo (Ljava/lang/Object;)Z 12 5 0 com/android/tools/r8/utils/structural/s c (Lcom/android/tools/r8/utils/structural/s;)Z 13 28 0 com/android/tools/r8/utils/structural/x compareTo (Lcom/android/tools/r8/utils/structural/s;)I 14 5 0 com/android/tools/r8/utils/structural/x a (Lcom/android/tools/r8/utils/structural/x;)I 15 1 0 com/android/tools/r8/graph/S0$a R ()Lcom/android/tools/r8/utils/structural/x; 15 7 0 java/lang/invoke/Invokers$Holder linkToTargetMethod (Ljava/lang/Object;)Ljava/lang/Object; 16 4 0  @bci com/android/tools/r8/graph/q5 <init> (Lcom/android/tools/r8/graph/w;Lcom/android/tools/r8/graph/q5;Lcom/android/tools/r8/internal/DB;Ljava/util/Collection;Ljava/util/Collection;Ljava/util/Collection;Ljava/util/Collection;Ljava/util/Collection;Ljava/util/Collection;Ljava/util/Collection;Ljava/util/Collection;ILcom/android/tools/r8/utils/A3;)V 248 <appendix> form vmentry <vmtarget> ; invoke (Ljava/lang/Object;)Ljava/lang/Object; 15 12 0 com/android/tools/r8/utils/structural/h a (Lcom/android/tools/r8/utils/structural/x;Ljava/lang/Object;Lcom/android/tools/r8/utils/structural/v;)I 16 1 0 java/lang/invoke/Invokers$Holder linkToTargetMethod (Ljava/lang/Object;)Ljava/lang/Object; 17 4 0  @bci com/android/tools/r8/graph/q5 <init> (Lcom/android/tools/r8/graph/w;Lcom/android/tools/r8/graph/q5;Lcom/android/tools/r8/internal/DB;Ljava/util/Collection;Ljava/util/Collection;Ljava/util/Collection;Ljava/util/Collection;Ljava/util/Collection;Ljava/util/Collection;Ljava/util/Collection;Ljava/util/Collection;ILcom/android/tools/r8/utils/A3;)V 248 <appendix> form vmentry <vmtarget> ; invoke (Ljava/lang/Object;)Ljava/lang/Object; 16 22 0 com/android/tools/r8/utils/structural/f <init> (Lcom/android/tools/r8/utils/structural/t;)V 16 28 0  @bci com/android/tools/r8/utils/structural/x a (Lcom/android/tools/r8/utils/structural/x;)I 7 <appendix> argL0 ; a (Ljava/lang/Object;Ljava/lang/Object;Lcom/android/tools/r8/utils/structural/a;)I 7 11 0 com/android/tools/r8/internal/dJ a (ILjava/lang/Object;)I 8 39 0 com/android/tools/r8/graph/C hashCode ()I 9 11 0 com/android/tools/r8/graph/S0$a o0 ()I 10 10 0 java/util/Arrays hashCode ([Ljava/lang/Object;)I 11 43 0 com/android/tools/r8/graph/C hashCode ()I 12 11 0 com/android/tools/r8/graph/D2 o0 ()I 13 12 0 java/util/Arrays hashCode ([B)I 10 22 0 java/util/Arrays hashCode ([Ljava/lang/Object;)I 8 42 0 com/android/tools/r8/internal/cl a (I)I 3 30 0 com/android/tools/r8/graph/X0 o0 ()Lcom/android/tools/r8/graph/p0; 3 40 0 com/android/tools/r8/dex/K a (Lcom/android/tools/r8/graph/p0;)Z 4 12 0 com/android/tools/r8/utils/A1 a (Lcom/android/tools/r8/utils/f;)Z 5 4 0 com/android/tools/r8/utils/A1$g b ()Z 5 57 0 com/android/tools/r8/utils/A1 P ()Lcom/android/tools/r8/utils/f; 5 61 0 com/android/tools/r8/utils/structural/s a (Lcom/android/tools/r8/utils/structural/s;)Z 6 2 0 com/android/tools/r8/utils/f compareTo (Lcom/android/tools/r8/utils/structural/s;)I 7 5 0 java/lang/Enum compareTo (Ljava/lang/Enum;)I 4 19 0 com/android/tools/r8/graph/p0 isEmpty ()Z 4 32 0 com/android/tools/r8/dex/K a (Lcom/android/tools/r8/internal/dJ;Ljava/lang/Object;)Z 5 2 0 com/android/tools/r8/internal/dJ containsKey (Ljava/lang/Object;)Z 6 16 0 com/android/tools/r8/graph/C hashCode ()I 7 11 0 com/android/tools/r8/graph/p0 o0 ()I 8 4 0 java/util/Arrays hashCode ([Ljava/lang/Object;)I 9 43 0 com/android/tools/r8/graph/m0 hashCode ()I 10 9 0 com/android/tools/r8/graph/a1 hashCode ()I 11 4 0 com/android/tools/r8/graph/C hashCode ()I 12 11 0 com/android/tools/r8/graph/E2 o0 ()I 11 14 0 java/util/Arrays hashCode ([Ljava/lang/Object;)I 12 43 0 com/android/tools/r8/graph/o0 hashCode ()I 13 5 0 com/android/tools/r8/graph/C hashCode ()I 14 11 0 com/android/tools/r8/graph/D2 o0 ()I 15 12 0 java/util/Arrays hashCode ([B)I 6 19 0 com/android/tools/r8/internal/cl a (I)I 6 41 0 com/android/tools/r8/graph/C equals (Ljava/lang/Object;)Z 7 7 0 com/android/tools/r8/graph/p0 c (Ljava/lang/Object;)Z 8 20 0 java/util/Arrays equals ([Ljava/lang/Object;[Ljava/lang/Object;)Z 9 41 0 java/util/Objects equals (Ljava/lang/Object;Ljava/lang/Object;)Z 10 11 0 com/android/tools/r8/graph/m0 equals (Ljava/lang/Object;)Z 11 38 0 com/android/tools/r8/graph/a1 equals (Ljava/lang/Object;)Z 12 27 0 com/android/tools/r8/graph/C equals (Ljava/lang/Object;)Z 13 7 0 com/android/tools/r8/graph/E2 c (Ljava/lang/Object;)Z 12 41 0 java/util/Arrays equals ([Ljava/lang/Object;[Ljava/lang/Object;)Z 13 41 0 java/util/Objects equals (Ljava/lang/Object;Ljava/lang/Object;)Z 14 11 0 com/android/tools/r8/graph/o0 equals (Ljava/lang/Object;)Z 15 27 0 com/android/tools/r8/graph/C equals (Ljava/lang/Object;)Z 16 7 0 com/android/tools/r8/graph/D2 c (Ljava/lang/Object;)Z 6 72 0 com/android/tools/r8/graph/C equals (Ljava/lang/Object;)Z 7 7 0 com/android/tools/r8/graph/p0 c (Ljava/lang/Object;)Z 8 20 0 java/util/Arrays equals ([Ljava/lang/Object;[Ljava/lang/Object;)Z 9 41 0 java/util/Objects equals (Ljava/lang/Object;Ljava/lang/Object;)Z 10 11 0 com/android/tools/r8/graph/m0 equals (Ljava/lang/Object;)Z 11 38 0 com/android/tools/r8/graph/a1 equals (Ljava/lang/Object;)Z 12 27 0 com/android/tools/r8/graph/C equals (Ljava/lang/Object;)Z 13 7 0 com/android/tools/r8/graph/E2 c (Ljava/lang/Object;)Z 12 41 0 java/util/Arrays equals ([Ljava/lang/Object;[Ljava/lang/Object;)Z 13 41 0 java/util/Objects equals (Ljava/lang/Object;Ljava/lang/Object;)Z 14 11 0 com/android/tools/r8/graph/o0 equals (Ljava/lang/Object;)Z 15 27 0 com/android/tools/r8/graph/C equals (Ljava/lang/Object;)Z 16 7 0 com/android/tools/r8/graph/D2 c (Ljava/lang/Object;)Z 5 11 0 com/android/tools/r8/internal/dJ a (ILjava/lang/Object;)I 6 39 0 com/android/tools/r8/graph/C hashCode ()I 7 11 0 com/android/tools/r8/graph/p0 o0 ()I 8 4 0 java/util/Arrays hashCode ([Ljava/lang/Object;)I 9 43 0 com/android/tools/r8/graph/m0 hashCode ()I 10 9 0 com/android/tools/r8/graph/a1 hashCode ()I 11 4 0 com/android/tools/r8/graph/C hashCode ()I 12 11 0 com/android/tools/r8/graph/E2 o0 ()I 11 14 0 java/util/Arrays hashCode ([Ljava/lang/Object;)I 12 43 0 com/android/tools/r8/graph/o0 hashCode ()I 13 5 0 com/android/tools/r8/graph/C hashCode ()I 14 11 0 com/android/tools/r8/graph/D2 o0 ()I 15 12 0 java/util/Arrays hashCode ([B)I 6 42 0 com/android/tools/r8/internal/cl a (I)I 3 48 0 com/android/tools/r8/graph/j1 a (Lcom/android/tools/r8/dex/X;[Lcom/android/tools/r8/graph/j1;)V 4 2 0 java/lang/invoke/Invokers$Holder linkToTargetMethod (Ljava/lang/Object;Ljava/lang/Object;)Ljava/lang/Object; 5 5 0 java/lang/invoke/DirectMethodHandle$Holder newInvokeSpecial (Ljava/lang/Object;Ljava/lang/Object;)Ljava/lang/Object; 6 1 0 java/lang/invoke/DirectMethodHandle allocateInstance (Ljava/lang/Object;)Ljava/lang/Object; 6 6 0 java/lang/invoke/DirectMethodHandle constructorMethod (Ljava/lang/Object;)Ljava/lang/Object; 6 16 0  @bci com/android/tools/r8/graph/j1 a (Lcom/android/tools/r8/dex/X;[Lcom/android/tools/r8/graph/j1;)V 2 <appendix> member <vmtarget> ; <init> (Lcom/android/tools/r8/dex/X;)V 7 1 0 java/lang/Object <init> ()V 4 36 0  @bci com/android/tools/r8/graph/j1 a (Lcom/android/tools/r8/dex/X;[Lcom/android/tools/r8/graph/j1;)V 2 <appendix> member <vmtarget> ; accept (Ljava/lang/Object;)V 5 8 0 com/android/tools/r8/graph/j1 a (Lcom/android/tools/r8/dex/X;Lcom/android/tools/r8/graph/j1;)V 6 2 0 com/android/tools/r8/graph/m0 a (Lcom/android/tools/r8/dex/X;)V 3 59 0 com/android/tools/r8/graph/j1 a (Lcom/android/tools/r8/dex/X;[Lcom/android/tools/r8/graph/j1;)V 4 2 0 java/lang/invoke/Invokers$Holder linkToTargetMethod (Ljava/lang/Object;Ljava/lang/Object;)Ljava/lang/Object; 5 5 0 java/lang/invoke/DirectMethodHandle$Holder newInvokeSpecial (Ljava/lang/Object;Ljava/lang/Object;)Ljava/lang/Object; 6 1 0 java/lang/invoke/DirectMethodHandle allocateInstance (Ljava/lang/Object;)Ljava/lang/Object; 6 6 0 java/lang/invoke/DirectMethodHandle constructorMethod (Ljava/lang/Object;)Ljava/lang/Object; 6 16 0  @bci com/android/tools/r8/graph/j1 a (Lcom/android/tools/r8/dex/X;[Lcom/android/tools/r8/graph/j1;)V 2 <appendix> member <vmtarget> ; <init> (Lcom/android/tools/r8/dex/X;)V 7 1 0 java/lang/Object <init> ()V 4 36 0  @bci com/android/tools/r8/graph/j1 a (Lcom/android/tools/r8/dex/X;[Lcom/android/tools/r8/graph/j1;)V 2 <appendix> member <vmtarget> ; accept (Ljava/lang/Object;)V 5 8 0 com/android/tools/r8/graph/j1 a (Lcom/android/tools/r8/dex/X;Lcom/android/tools/r8/graph/j1;)V 6 2 0 com/android/tools/r8/graph/p0 a (Lcom/android/tools/r8/dex/X;)V 3 63 0 com/android/tools/r8/dex/K a (Lcom/android/tools/r8/graph/s5;)Z 4 1 0 com/android/tools/r8/graph/s5 isEmpty ()Z
